;Tweet;Sentimen;ProcessedText;step01;tokens;tokens_perbaikan;Stop_removal;step02;step03_stemmed
0;emang lemes bgt ya mulut lu, gue yg mau beli-beli obat aja mikirr, drmn bisa beli obat kalo ga kerja >:);-1.0;lemes banget iya mulut bibel obat mikirr drmn beli obat kerja;emang lemes bgt ya mulut lu gue yg mau belibeli obat aja mikirr drmn bisa beli obat kalo ga kerja;['emang', 'lemes', 'bgt', 'ya', 'mulut', 'lu', 'gue', 'yg', 'mau', 'belibeli', 'obat', 'aja', 'mikirr', 'drmn', 'bisa', 'beli', 'obat', 'kalo', 'ga', 'kerja'];['memang', 'lemes', 'banget', 'iya', 'mulut', 'kamu', 'saya', 'yang', 'mau', 'belibeli', 'obat', 'saja', 'mikirr', 'drmn', 'bisa', 'beli', 'obat', 'kalau', 'tidak', 'kerja'];['lemes', 'banget', 'iya', 'mulut', 'belibeli', 'obat', 'mikirr', 'drmn', 'beli', 'obat', 'kerja'];lemes banget iya mulut belibeli obat mikirr drmn beli obat kerja;lemes banget iya mulut bibel obat mikirr drmn beli obat kerja
1;Cegah mata rantai Covid-19,mari kita dirumah saja hingga hari Minggu.....;1.0;cegah mata rantai covidmari rumah minggu;cegah mata rantai covidmari kita dirumah saja hingga hari minggu;['cegah', 'mata', 'rantai', 'covidmari', 'kita', 'dirumah', 'saja', 'hingga', 'hari', 'minggu'];['cegah', 'mata', 'rantai', 'covidmari', 'kita', 'dirumah', 'saja', 'hingga', 'hari', 'minggu'];['cegah', 'mata', 'rantai', 'covidmari', 'dirumah', 'minggu'];cegah mata rantai covidmari dirumah minggu;cegah mata rantai covidmari rumah minggu
2;aku mohon yaAllah semoga wabah covid-19 menghilang sebelum ramadhan datang ;1.0;mohon yaallah moga wabah covid hilang ramadhan;aku mohon yaallah semoga wabah covid menghilang sebelum ramadhan datang;['aku', 'mohon', 'yaallah', 'semoga', 'wabah', 'covid', 'menghilang', 'sebelum', 'ramadhan', 'datang'];['aku', 'mohon', 'yaallah', 'semoga', 'wabah', 'covid', 'menghilang', 'sebelum', 'ramadhan', 'datang'];['mohon', 'yaallah', 'semoga', 'wabah', 'covid', 'menghilang', 'ramadhan'];mohon yaallah semoga wabah covid menghilang ramadhan;mohon yaallah moga wabah covid hilang ramadhan
3;Pemprov Papua Naikkan Status Jadi Tanggap Darurat Covid-19. OPM;1.0;pemprov papua naik status tanggap darurat covid opm;pemprov papua naikkan status jadi tanggap darurat covid opm;['pemprov', 'papua', 'naikkan', 'status', 'jadi', 'tanggap', 'darurat', 'covid', 'opm'];['pemprov', 'papua', 'naikkan', 'status', 'jadi', 'tanggap', 'darurat', 'covid', 'opm'];['pemprov', 'papua', 'naikkan', 'status', 'tanggap', 'darurat', 'covid', 'opm'];pemprov papua naikkan status tanggap darurat covid opm;pemprov papua naik status tanggap darurat covid opm
4;Covid belum nyampe prigen mbak hmm hoax;0.0;covid nyampe prigen mbak aduh bohong;covid belum nyampe prigen mbak hmm hoax;['covid', 'belum', 'nyampe', 'prigen', 'mbak', 'hmm', 'hoax'];['covid', 'belum', 'nyampe', 'prigen', 'mbak', 'aduh', 'bohong'];['covid', 'nyampe', 'prigen', 'mbak', 'aduh', 'bohong'];covid nyampe prigen mbak aduh bohong;covid nyampe prigen mbak aduh bohong
5;Nyuruh orang pintar, lu aja Togog. Itu kerumunan orang bisa nularin covid 19 lol. Mikir !!!!;-1.0;nyuruh orang pintar togog kerumun orang nularin covid lol mikir;nyuruh orang pintar lu aja togog itu kerumunan orang bisa nularin covid lol mikir;['nyuruh', 'orang', 'pintar', 'lu', 'aja', 'togog', 'itu', 'kerumunan', 'orang', 'bisa', 'nularin', 'covid', 'lol', 'mikir'];['nyuruh', 'orang', 'pintar', 'kamu', 'saja', 'togog', 'itu', 'kerumunan', 'orang', 'bisa', 'nularin', 'covid', 'lol', 'mikir'];['nyuruh', 'orang', 'pintar', 'togog', 'kerumunan', 'orang', 'nularin', 'covid', 'lol', 'mikir'];nyuruh orang pintar togog kerumunan orang nularin covid lol mikir;nyuruh orang pintar togog kerumun orang nularin covid lol mikir
6;Pikir2 balik byk mnde plk nk setelkn lepas covid.;0.0;pikir mnde plk nk setelkn lepas covid;pikir balik byk mnde plk nk setelkn lepas covid;['pikir', 'balik', 'byk', 'mnde', 'plk', 'nk', 'setelkn', 'lepas', 'covid'];['pikir', 'balik', 'banyak', 'mnde', 'plk', 'nk', 'setelkn', 'lepas', 'covid'];['pikir', 'mnde', 'plk', 'nk', 'setelkn', 'lepas', 'covid'];pikir mnde plk nk setelkn lepas covid;pikir mnde plk nk setelkn lepas covid
7;Selamat pagi, hari jum'at. Jum'at keempat di kala pandemi Covid-19. Semoga kita semua dikasih kesehatan. Aamiin.;1.0;selamat pagi jumat jumat empat pandemi covid moga kasih sehat moga;selamat pagi hari jumat jumat keempat di kala pandemi covid semoga kita semua dikasih kesehatan aamiin;['selamat', 'pagi', 'hari', 'jumat', 'jumat', 'keempat', 'di', 'kala', 'pandemi', 'covid', 'semoga', 'kita', 'semua', 'dikasih', 'kesehatan', 'aamiin'];['selamat', 'pagi', 'hari', 'jumat', 'jumat', 'keempat', 'di', 'kala', 'pandemi', 'covid', 'semoga', 'kita', 'semua', 'dikasih', 'kesehatan', 'semoga'];['selamat', 'pagi', 'jumat', 'jumat', 'keempat', 'pandemi', 'covid', 'semoga', 'dikasih', 'kesehatan', 'semoga'];selamat pagi jumat jumat keempat pandemi covid semoga dikasih kesehatan semoga;selamat pagi jumat jumat empat pandemi covid moga kasih sehat moga
8;Hikmah di balik musibah covid-19, smg para pejabat pemerintahan sadar lbh mengedepankan kekayaan negara utk kesejahteraan rakyat Indonesia, bukan memperkaya diri sendiri, keluarga dan kepentingan golongan. Apalagi membela kepentingan WNA, yg jelas2 melukai kepentingan rakyat.;1.0;hikmah musibah covid moga jabat perintah sadar depan kaya negara sejahtera rakyat indonesia kaya keluarga penting golong bela penting wna luka penting rakyat;hikmah di balik musibah covid smg para pejabat pemerintahan sadar lbh mengedepankan kekayaan negara utk kesejahteraan rakyat indonesia bukan memperkaya diri sendiri keluarga dan kepentingan golongan apalagi membela kepentingan wna yg jelas melukai kepentingan rakyat;['hikmah', 'di', 'balik', 'musibah', 'covid', 'smg', 'para', 'pejabat', 'pemerintahan', 'sadar', 'lbh', 'mengedepankan', 'kekayaan', 'negara', 'utk', 'kesejahteraan', 'rakyat', 'indonesia', 'bukan', 'memperkaya', 'diri', 'sendiri', 'keluarga', 'dan', 'kepentingan', 'golongan', 'apalagi', 'membela', 'kepentingan', 'wna', 'yg', 'jelas', 'melukai', 'kepentingan', 'rakyat'];['hikmah', 'di', 'balik', 'musibah', 'covid', 'semoga', 'para', 'pejabat', 'pemerintahan', 'sadar', 'lebih', 'mengedepankan', 'kekayaan', 'negara', 'untuk', 'kesejahteraan', 'rakyat', 'indonesia', 'bukan', 'memperkaya', 'diri', 'sendiri', 'keluarga', 'dan', 'kepentingan', 'golongan', 'apalagi', 'membela', 'kepentingan', 'wna', 'yang', 'jelas', 'melukai', 'kepentingan', 'rakyat'];['hikmah', 'musibah', 'covid', 'semoga', 'pejabat', 'pemerintahan', 'sadar', 'mengedepankan', 'kekayaan', 'negara', 'kesejahteraan', 'rakyat', 'indonesia', 'memperkaya', 'keluarga', 'kepentingan', 'golongan', 'membela', 'kepentingan', 'wna', 'melukai', 'kepentingan', 'rakyat'];hikmah musibah covid semoga pejabat pemerintahan sadar mengedepankan kekayaan negara kesejahteraan rakyat indonesia memperkaya keluarga kepentingan golongan membela kepentingan wna melukai kepentingan rakyat;hikmah musibah covid moga jabat perintah sadar depan kaya negara sejahtera rakyat indonesia kaya keluarga penting golong bela penting wna luka penting rakyat
9;Cegah covid-19 beserta jajaran Polsek Kuranji melakukan aksi peduli berupa pembagian masker gratis bagi pengguna jalan kegiatan ini dilakukan di depan Polsek Kuranji.Kamis (9/4)Febriputraguci;1.0;cegah covid serta jajar polsek ranji aksi peduli bagi masker gratis guna jalan giat polsek kuranjikamis febriputraguci;cegah covid beserta jajaran polsek kuranji melakukan aksi peduli berupa pembagian masker gratis bagi pengguna jalan kegiatan ini dilakukan di depan polsek kuranjikamis febriputraguci;['cegah', 'covid', 'beserta', 'jajaran', 'polsek', 'kuranji', 'melakukan', 'aksi', 'peduli', 'berupa', 'pembagian', 'masker', 'gratis', 'bagi', 'pengguna', 'jalan', 'kegiatan', 'ini', 'dilakukan', 'di', 'depan', 'polsek', 'kuranjikamis', 'febriputraguci'];['cegah', 'covid', 'beserta', 'jajaran', 'polsek', 'kuranji', 'melakukan', 'aksi', 'peduli', 'berupa', 'pembagian', 'masker', 'gratis', 'bagi', 'pengguna', 'jalan', 'kegiatan', 'ini', 'dilakukan', 'di', 'depan', 'polsek', 'kuranjikamis', 'febriputraguci'];['cegah', 'covid', 'beserta', 'jajaran', 'polsek', 'kuranji', 'aksi', 'peduli', 'pembagian', 'masker', 'gratis', 'pengguna', 'jalan', 'kegiatan', 'polsek', 'kuranjikamis', 'febriputraguci'];cegah covid beserta jajaran polsek kuranji aksi peduli pembagian masker gratis pengguna jalan kegiatan polsek kuranjikamis febriputraguci;cegah covid serta jajar polsek ranji aksi peduli bagi masker gratis guna jalan giat polsek kuranjikamis febriputraguci
10;Ya Allah kami memohon pada mu perkenankanlah doa doa kami kerana sesungguhnya engkaulah yang maha pengasih lagi maha penyayang...Ya Allah lindungilah kami dari penyakit berjangkit covid 19... Aamiin.. aamiin ya rabbal a'lamin..stay at home.. jangan keluar rumah;1.0;iya allah mohon mu kenan doa doa rana sungguh engkau maha asih maha penyayangya allah lindung sakit jangkit covid moga moga iya rabbal alaminstay at home rumah;ya allah kami memohon pada mu perkenankanlah doa doa kami kerana sesungguhnya engkaulah yang maha pengasih lagi maha penyayangya allah lindungilah kami dari penyakit berjangkit covid aamiin aamiin ya rabbal alaminstay at home jangan keluar rumah;['ya', 'allah', 'kami', 'memohon', 'pada', 'mu', 'perkenankanlah', 'doa', 'doa', 'kami', 'kerana', 'sesungguhnya', 'engkaulah', 'yang', 'maha', 'pengasih', 'lagi', 'maha', 'penyayangya', 'allah', 'lindungilah', 'kami', 'dari', 'penyakit', 'berjangkit', 'covid', 'aamiin', 'aamiin', 'ya', 'rabbal', 'alaminstay', 'at', 'home', 'jangan', 'keluar', 'rumah'];['iya', 'allah', 'kami', 'memohon', 'pada', 'mu', 'perkenankanlah', 'doa', 'doa', 'kami', 'kerana', 'sesungguhnya', 'engkaulah', 'yang', 'maha', 'pengasih', 'lagi', 'maha', 'penyayangya', 'allah', 'lindungilah', 'kami', 'dari', 'penyakit', 'berjangkit', 'covid', 'semoga', 'semoga', 'iya', 'rabbal', 'alaminstay', 'at', 'home', 'jangan', 'keluar', 'rumah'];['iya', 'allah', 'memohon', 'mu', 'perkenankanlah', 'doa', 'doa', 'kerana', 'sesungguhnya', 'engkaulah', 'maha', 'pengasih', 'maha', 'penyayangya', 'allah', 'lindungilah', 'penyakit', 'berjangkit', 'covid', 'semoga', 'semoga', 'iya', 'rabbal', 'alaminstay', 'at', 'home', 'rumah'];iya allah memohon mu perkenankanlah doa doa kerana sesungguhnya engkaulah maha pengasih maha penyayangya allah lindungilah penyakit berjangkit covid semoga semoga iya rabbal alaminstay at home rumah;iya allah mohon mu kenan doa doa rana sungguh engkau maha asih maha penyayangya allah lindung sakit jangkit covid moga moga iya rabbal alaminstay at home rumah
11;Sah.. Cegah Covid-19 Meluas, Pemerintah Revisi Hari Libur dan Cuti Bersama 2020;1.0;sah cegah covid luas perintah revisi libur cuti;sah cegah covid meluas pemerintah revisi hari libur dan cuti bersama;['sah', 'cegah', 'covid', 'meluas', 'pemerintah', 'revisi', 'hari', 'libur', 'dan', 'cuti', 'bersama'];['sah', 'cegah', 'covid', 'meluas', 'pemerintah', 'revisi', 'hari', 'libur', 'dan', 'cuti', 'bersama'];['sah', 'cegah', 'covid', 'meluas', 'pemerintah', 'revisi', 'libur', 'cuti'];sah cegah covid meluas pemerintah revisi libur cuti;sah cegah covid luas perintah revisi libur cuti
12;"Bencana Nasional Covid-19; DPRD Indramayu Minta BUMD Beri Keringanan Tagihan Kredit hingga Tagihan PDAM |";1.0;bencana nasional covid dprd indramayu bumd ringan tagih kredit tagih pdam;bencana nasional covid dprd indramayu minta bumd beri keringanan tagihan kredit hingga tagihan pdam;['bencana', 'nasional', 'covid', 'dprd', 'indramayu', 'minta', 'bumd', 'beri', 'keringanan', 'tagihan', 'kredit', 'hingga', 'tagihan', 'pdam'];['bencana', 'nasional', 'covid', 'dprd', 'indramayu', 'minta', 'bumd', 'beri', 'keringanan', 'tagihan', 'kredit', 'hingga', 'tagihan', 'pdam'];['bencana', 'nasional', 'covid', 'dprd', 'indramayu', 'bumd', 'keringanan', 'tagihan', 'kredit', 'tagihan', 'pdam'];bencana nasional covid dprd indramayu bumd keringanan tagihan kredit tagihan pdam;bencana nasional covid dprd indramayu bumd ringan tagih kredit tagih pdam
13;Cegah Covid-19, Pemprov dan FKUB Papua Barat Sepakat Adakan Doa Bersama Serentak. OPM;1.0;cegah covid pemprov fkub papua barat sepakat adakan doa serentak opm;cegah covid pemprov dan fkub papua barat sepakat adakan doa bersama serentak opm;['cegah', 'covid', 'pemprov', 'dan', 'fkub', 'papua', 'barat', 'sepakat', 'adakan', 'doa', 'bersama', 'serentak', 'opm'];['cegah', 'covid', 'pemprov', 'dan', 'fkub', 'papua', 'barat', 'sepakat', 'adakan', 'doa', 'bersama', 'serentak', 'opm'];['cegah', 'covid', 'pemprov', 'fkub', 'papua', 'barat', 'sepakat', 'adakan', 'doa', 'serentak', 'opm'];cegah covid pemprov fkub papua barat sepakat adakan doa serentak opm;cegah covid pemprov fkub papua barat sepakat adakan doa serentak opm
14;"pagi... kenapa ya di daerah sy (cipinang besar selatan) rt 7 rw 6 nya tdk prnh aware dgn warganya. Setiap ada bantuan tidak pernah transparansi &amp; kejadian covid ini jg tidak ada tindakan semprot disinfektan, dbd jg banyak tp tidak ada fogging. Tp uang kas ttp jalan";1.0;pagi iya daerah cipinang selatan rw nya prnh aware warga bantu transparansi amp jadi covid jg tindak semprot disinfektan dbd jg fogging uang kas jalan;pagi kenapa ya di daerah sy cipinang besar selatan rw nya tdk prnh aware dgn warganya setiap ada bantuan tidak pernah transparansi amp kejadian covid ini jg tidak ada tindakan semprot disinfektan dbd jg banyak tp tidak ada fogging tp uang kas ttp jalan;['pagi', 'kenapa', 'ya', 'di', 'daerah', 'sy', 'cipinang', 'besar', 'selatan', 'rw', 'nya', 'tdk', 'prnh', 'aware', 'dgn', 'warganya', 'setiap', 'ada', 'bantuan', 'tidak', 'pernah', 'transparansi', 'amp', 'kejadian', 'covid', 'ini', 'jg', 'tidak', 'ada', 'tindakan', 'semprot', 'disinfektan', 'dbd', 'jg', 'banyak', 'tp', 'tidak', 'ada', 'fogging', 'tp', 'uang', 'kas', 'ttp', 'jalan'];['pagi', 'kenapa', 'iya', 'di', 'daerah', 'saya', 'cipinang', 'besar', 'selatan', 'rw', 'nya', 'tidak', 'prnh', 'aware', 'dengan', 'warganya', 'setiap', 'ada', 'bantuan', 'tidak', 'pernah', 'transparansi', 'amp', 'kejadian', 'covid', 'ini', 'jg', 'tidak', 'ada', 'tindakan', 'semprot', 'disinfektan', 'dbd', 'jg', 'banyak', 'tapi', 'tidak', 'ada', 'fogging', 'tapi', 'uang', 'kas', 'tetap', 'jalan'];['pagi', 'iya', 'daerah', 'cipinang', 'selatan', 'rw', 'nya', 'prnh', 'aware', 'warganya', 'bantuan', 'transparansi', 'amp', 'kejadian', 'covid', 'jg', 'tindakan', 'semprot', 'disinfektan', 'dbd', 'jg', 'fogging', 'uang', 'kas', 'jalan'];pagi iya daerah cipinang selatan rw nya prnh aware warganya bantuan transparansi amp kejadian covid jg tindakan semprot disinfektan dbd jg fogging uang kas jalan;pagi iya daerah cipinang selatan rw nya prnh aware warga bantu transparansi amp jadi covid jg tindak semprot disinfektan dbd jg fogging uang kas jalan
15;Skrinews - Pdt. JIMMY: MARI BERSAMA MEMERANGI VIRUS CORONA (COVID-19) DEMI MENJAGA TANAH PAPUA;1.0;skrinews pdt jimmy mari rang virus corona covid jaga tanah papua;skrinews pdt jimmy mari bersama memerangi virus corona covid demi menjaga tanah papua;['skrinews', 'pdt', 'jimmy', 'mari', 'bersama', 'memerangi', 'virus', 'corona', 'covid', 'demi', 'menjaga', 'tanah', 'papua'];['skrinews', 'pdt', 'jimmy', 'mari', 'bersama', 'memerangi', 'virus', 'corona', 'covid', 'demi', 'menjaga', 'tanah', 'papua'];['skrinews', 'pdt', 'jimmy', 'mari', 'memerangi', 'virus', 'corona', 'covid', 'menjaga', 'tanah', 'papua'];skrinews pdt jimmy mari memerangi virus corona covid menjaga tanah papua;skrinews pdt jimmy mari rang virus corona covid jaga tanah papua
16;Ada 15 cara menyuruh Covid-19 segera pergi, Jaga kebersihan dan ketertiban. Bukankah Covid-19 telah mendidik kita agar selalu menjaga kebersihan badan, pakaian, barang dan lingkungan dengan rajin mandi, mencuci tangan, dan tidak sembarangan membuang sampah?;1.0;suruh covid pergi jaga bersih tertib covid didik jaga bersih badan pakai barang lingkung rajin mandi cuci tangan sembarang buang sampah;ada cara menyuruh covid segera pergi jaga kebersihan dan ketertiban bukankah covid telah mendidik kita agar selalu menjaga kebersihan badan pakaian barang dan lingkungan dengan rajin mandi mencuci tangan dan tidak sembarangan membuang sampah;['ada', 'cara', 'menyuruh', 'covid', 'segera', 'pergi', 'jaga', 'kebersihan', 'dan', 'ketertiban', 'bukankah', 'covid', 'telah', 'mendidik', 'kita', 'agar', 'selalu', 'menjaga', 'kebersihan', 'badan', 'pakaian', 'barang', 'dan', 'lingkungan', 'dengan', 'rajin', 'mandi', 'mencuci', 'tangan', 'dan', 'tidak', 'sembarangan', 'membuang', 'sampah'];['ada', 'cara', 'menyuruh', 'covid', 'segera', 'pergi', 'jaga', 'kebersihan', 'dan', 'ketertiban', 'bukankah', 'covid', 'telah', 'mendidik', 'kita', 'agar', 'selalu', 'menjaga', 'kebersihan', 'badan', 'pakaian', 'barang', 'dan', 'lingkungan', 'dengan', 'rajin', 'mandi', 'mencuci', 'tangan', 'dan', 'tidak', 'sembarangan', 'membuang', 'sampah'];['menyuruh', 'covid', 'pergi', 'jaga', 'kebersihan', 'ketertiban', 'covid', 'mendidik', 'menjaga', 'kebersihan', 'badan', 'pakaian', 'barang', 'lingkungan', 'rajin', 'mandi', 'mencuci', 'tangan', 'sembarangan', 'membuang', 'sampah'];menyuruh covid pergi jaga kebersihan ketertiban covid mendidik menjaga kebersihan badan pakaian barang lingkungan rajin mandi mencuci tangan sembarangan membuang sampah;suruh covid pergi jaga bersih tertib covid didik jaga bersih badan pakai barang lingkung rajin mandi cuci tangan sembarang buang sampah
17;Kementerian Agama Provinsi Papua Barat, Azis Hegemur mengatakan, Umat Islam di Provinsi Papua Barat diimbau agar tidak menolak pemakaman jenazah pasien positif terjangkit Covid-19. OPM;1.0;menteri agama provinsi papua barat azis hegemur umat islam provinsi papua barat imbau tolak makam jenazah pasien positif jangkit covid opm;kementerian agama provinsi papua barat azis hegemur mengatakan umat islam di provinsi papua barat diimbau agar tidak menolak pemakaman jenazah pasien positif terjangkit covid opm;['kementerian', 'agama', 'provinsi', 'papua', 'barat', 'azis', 'hegemur', 'mengatakan', 'umat', 'islam', 'di', 'provinsi', 'papua', 'barat', 'diimbau', 'agar', 'tidak', 'menolak', 'pemakaman', 'jenazah', 'pasien', 'positif', 'terjangkit', 'covid', 'opm'];['kementerian', 'agama', 'provinsi', 'papua', 'barat', 'azis', 'hegemur', 'mengatakan', 'umat', 'islam', 'di', 'provinsi', 'papua', 'barat', 'diimbau', 'agar', 'tidak', 'menolak', 'pemakaman', 'jenazah', 'pasien', 'positif', 'terjangkit', 'covid', 'opm'];['kementerian', 'agama', 'provinsi', 'papua', 'barat', 'azis', 'hegemur', 'umat', 'islam', 'provinsi', 'papua', 'barat', 'diimbau', 'menolak', 'pemakaman', 'jenazah', 'pasien', 'positif', 'terjangkit', 'covid', 'opm'];kementerian agama provinsi papua barat azis hegemur umat islam provinsi papua barat diimbau menolak pemakaman jenazah pasien positif terjangkit covid opm;menteri agama provinsi papua barat azis hegemur umat islam provinsi papua barat imbau tolak makam jenazah pasien positif jangkit covid opm
18;Aku baru bangun tidur, dan menyeruput kopi sedikit. Ketika ibuk mencak2 gak karuan. Satu orang pahlawan garis depan Covid-19 meninggal dunia dan ditolak warga setempat. Mungkin lebih tepatnya sekolompok warga yang kurang edukasi.;1.0;bangun tidur seruput kopi ibuk mencak karuan orang pahlawan garis covid tinggal dunia tolak warga tepat sekolompok warga edukasi;aku baru bangun tidur dan menyeruput kopi sedikit ketika ibuk mencak gak karuan satu orang pahlawan garis depan covid meninggal dunia dan ditolak warga setempat mungkin lebih tepatnya sekolompok warga yang kurang edukasi;['aku', 'baru', 'bangun', 'tidur', 'dan', 'menyeruput', 'kopi', 'sedikit', 'ketika', 'ibuk', 'mencak', 'gak', 'karuan', 'satu', 'orang', 'pahlawan', 'garis', 'depan', 'covid', 'meninggal', 'dunia', 'dan', 'ditolak', 'warga', 'setempat', 'mungkin', 'lebih', 'tepatnya', 'sekolompok', 'warga', 'yang', 'kurang', 'edukasi'];['aku', 'baru', 'bangun', 'tidur', 'dan', 'menyeruput', 'kopi', 'sedikit', 'ketika', 'ibuk', 'mencak', 'tidak', 'karuan', 'satu', 'orang', 'pahlawan', 'garis', 'depan', 'covid', 'meninggal', 'dunia', 'dan', 'ditolak', 'warga', 'setempat', 'mungkin', 'lebih', 'tepatnya', 'sekolompok', 'warga', 'yang', 'kurang', 'edukasi'];['bangun', 'tidur', 'menyeruput', 'kopi', 'ibuk', 'mencak', 'karuan', 'orang', 'pahlawan', 'garis', 'covid', 'meninggal', 'dunia', 'ditolak', 'warga', 'tepatnya', 'sekolompok', 'warga', 'edukasi'];bangun tidur menyeruput kopi ibuk mencak karuan orang pahlawan garis covid meninggal dunia ditolak warga tepatnya sekolompok warga edukasi;bangun tidur seruput kopi ibuk mencak karuan orang pahlawan garis covid tinggal dunia tolak warga tepat sekolompok warga edukasi
19;Jangan mudik dong! Ancaman penyebaran COVID-19 yang lebih luas. - Tandatangani Petisi! via;1.0;mudik ancam sebar covid luas tandatangani petisi via;jangan mudik dong ancaman penyebaran covid yang lebih luas tandatangani petisi via;['jangan', 'mudik', 'dong', 'ancaman', 'penyebaran', 'covid', 'yang', 'lebih', 'luas', 'tandatangani', 'petisi', 'via'];['jangan', 'mudik', 'dong', 'ancaman', 'penyebaran', 'covid', 'yang', 'lebih', 'luas', 'tandatangani', 'petisi', 'via'];['mudik', 'ancaman', 'penyebaran', 'covid', 'luas', 'tandatangani', 'petisi', 'via'];mudik ancaman penyebaran covid luas tandatangani petisi via;mudik ancam sebar covid luas tandatangani petisi via
20;Berita seperti ini tidak akan ditengok oleh Muflis DUNGU Kecuali berita HOAX macam kudeta MBS, 150 pangeran kena COVID-19 yg sumbernya sama dari kaum LIBERAL;-1.0;berita tengok muflis dungu kecuali berita bohong kudeta mbs pangeran kena covid sumber kaum liberal;berita seperti ini tidak akan ditengok oleh muflis dungu kecuali berita hoax macam kudeta mbs pangeran kena covid yg sumbernya sama dari kaum liberal;['berita', 'seperti', 'ini', 'tidak', 'akan', 'ditengok', 'oleh', 'muflis', 'dungu', 'kecuali', 'berita', 'hoax', 'macam', 'kudeta', 'mbs', 'pangeran', 'kena', 'covid', 'yg', 'sumbernya', 'sama', 'dari', 'kaum', 'liberal'];['berita', 'seperti', 'ini', 'tidak', 'akan', 'ditengok', 'oleh', 'muflis', 'dungu', 'kecuali', 'berita', 'bohong', 'macam', 'kudeta', 'mbs', 'pangeran', 'kena', 'covid', 'yang', 'sumbernya', 'sama', 'dari', 'kaum', 'liberal'];['berita', 'ditengok', 'muflis', 'dungu', 'kecuali', 'berita', 'bohong', 'kudeta', 'mbs', 'pangeran', 'kena', 'covid', 'sumbernya', 'kaum', 'liberal'];berita ditengok muflis dungu kecuali berita bohong kudeta mbs pangeran kena covid sumbernya kaum liberal;berita tengok muflis dungu kecuali berita bohong kudeta mbs pangeran kena covid sumber kaum liberal
21;Giat Bhabinkamtibmas Polsek Tamalatea bersama Aparatur Desa Kareloe dan Relawan melakukan penyemprotan Disinfektan untuk mencegah penyebaran Virus Covid-19;1.0;giat bhabinkamtibmas polsek tamalatea aparatur desa kareloe rawan semprot disinfektan cegah sebar virus covid;giat bhabinkamtibmas polsek tamalatea bersama aparatur desa kareloe dan relawan melakukan penyemprotan disinfektan untuk mencegah penyebaran virus covid;['giat', 'bhabinkamtibmas', 'polsek', 'tamalatea', 'bersama', 'aparatur', 'desa', 'kareloe', 'dan', 'relawan', 'melakukan', 'penyemprotan', 'disinfektan', 'untuk', 'mencegah', 'penyebaran', 'virus', 'covid'];['giat', 'bhabinkamtibmas', 'polsek', 'tamalatea', 'bersama', 'aparatur', 'desa', 'kareloe', 'dan', 'relawan', 'melakukan', 'penyemprotan', 'disinfektan', 'untuk', 'mencegah', 'penyebaran', 'virus', 'covid'];['giat', 'bhabinkamtibmas', 'polsek', 'tamalatea', 'aparatur', 'desa', 'kareloe', 'relawan', 'penyemprotan', 'disinfektan', 'mencegah', 'penyebaran', 'virus', 'covid'];giat bhabinkamtibmas polsek tamalatea aparatur desa kareloe relawan penyemprotan disinfektan mencegah penyebaran virus covid;giat bhabinkamtibmas polsek tamalatea aparatur desa kareloe rawan semprot disinfektan cegah sebar virus covid
22;Temanggung, Jawa Tengah...anggota gugus tugas covid 19 kelurahan mungseng, temanggung...mau tak bagiin di posko...;-1.0;tanggung jawa tengahanggota gugus tugas covid lurah mungseng temanggungmau bagiin posko;temanggung jawa tengahanggota gugus tugas covid kelurahan mungseng temanggungmau tak bagiin di posko;['temanggung', 'jawa', 'tengahanggota', 'gugus', 'tugas', 'covid', 'kelurahan', 'mungseng', 'temanggungmau', 'tak', 'bagiin', 'di', 'posko'];['temanggung', 'jawa', 'tengahanggota', 'gugus', 'tugas', 'covid', 'kelurahan', 'mungseng', 'temanggungmau', 'tak', 'bagiin', 'di', 'posko'];['temanggung', 'jawa', 'tengahanggota', 'gugus', 'tugas', 'covid', 'kelurahan', 'mungseng', 'temanggungmau', 'bagiin', 'posko'];temanggung jawa tengahanggota gugus tugas covid kelurahan mungseng temanggungmau bagiin posko;tanggung jawa tengahanggota gugus tugas covid lurah mungseng temanggungmau bagiin posko
23;Profil Operasional Bandara AP II di Tengah Pandemi COVID-19;0.0;profil operasional bandara ap ii pandemi covid;profil operasional bandara ap ii di tengah pandemi covid;['profil', 'operasional', 'bandara', 'ap', 'ii', 'di', 'tengah', 'pandemi', 'covid'];['profil', 'operasional', 'bandara', 'ap', 'ii', 'di', 'tengah', 'pandemi', 'covid'];['profil', 'operasional', 'bandara', 'ap', 'ii', 'pandemi', 'covid'];profil operasional bandara ap ii pandemi covid;profil operasional bandara ap ii pandemi covid
24;Btw long weekend ni pada mau kemana... Dulu sebelum ada nya si covid 19 ini long weekend itu yang paling di nanti .., eh skrng mah beneran panjang libur nya di kasih enak dirumah malah ngedumel bae (DASAR AKU);0.0;eh long weekend mana nya sih covid long weekend eh mah serius libur nya kasih enak rumah ngedumel bae dasar;btw long weekend ni pada mau kemana dulu sebelum ada nya si covid ini long weekend itu yang paling di nanti eh skrng mah beneran panjang libur nya di kasih enak dirumah malah ngedumel bae dasar aku;['btw', 'long', 'weekend', 'ni', 'pada', 'mau', 'kemana', 'dulu', 'sebelum', 'ada', 'nya', 'si', 'covid', 'ini', 'long', 'weekend', 'itu', 'yang', 'paling', 'di', 'nanti', 'eh', 'skrng', 'mah', 'beneran', 'panjang', 'libur', 'nya', 'di', 'kasih', 'enak', 'dirumah', 'malah', 'ngedumel', 'bae', 'dasar', 'aku'];['eh', 'long', 'weekend', 'ini', 'pada', 'mau', 'kemana', 'dulu', 'sebelum', 'ada', 'nya', 'sih', 'covid', 'ini', 'long', 'weekend', 'itu', 'yang', 'paling', 'di', 'nanti', 'eh', 'sekarang', 'mah', 'serius', 'panjang', 'libur', 'nya', 'di', 'kasih', 'enak', 'dirumah', 'malah', 'ngedumel', 'bae', 'dasar', 'aku'];['eh', 'long', 'weekend', 'kemana', 'nya', 'sih', 'covid', 'long', 'weekend', 'eh', 'mah', 'serius', 'libur', 'nya', 'kasih', 'enak', 'dirumah', 'ngedumel', 'bae', 'dasar'];eh long weekend kemana nya sih covid long weekend eh mah serius libur nya kasih enak dirumah ngedumel bae dasar;eh long weekend mana nya sih covid long weekend eh mah serius libur nya kasih enak rumah ngedumel bae dasar
25;Hallo dan mau laporkan adanya kegiatan yang melanggar ketentuan tentang jaga jarak selama wabah covid-19 kemana ya?;1.0;hallo lapor giat langgar tentu jaga jarak wabah covid mana iya;hallo dan mau laporkan adanya kegiatan yang melanggar ketentuan tentang jaga jarak selama wabah covid kemana ya;['hallo', 'dan', 'mau', 'laporkan', 'adanya', 'kegiatan', 'yang', 'melanggar', 'ketentuan', 'tentang', 'jaga', 'jarak', 'selama', 'wabah', 'covid', 'kemana', 'ya'];['hallo', 'dan', 'mau', 'laporkan', 'adanya', 'kegiatan', 'yang', 'melanggar', 'ketentuan', 'tentang', 'jaga', 'jarak', 'selama', 'wabah', 'covid', 'kemana', 'iya'];['hallo', 'laporkan', 'kegiatan', 'melanggar', 'ketentuan', 'jaga', 'jarak', 'wabah', 'covid', 'kemana', 'iya'];hallo laporkan kegiatan melanggar ketentuan jaga jarak wabah covid kemana iya;hallo lapor giat langgar tentu jaga jarak wabah covid mana iya
26;Hei guys, gw mau ngajak kalian untuk agar pandemik covid-19 ini lekas hilang. Aamiin.Gimana?? Kurangin dah tuh nongki2, halan2, atau segala aktivitas diluar ruangan. Yuk belajar utbk aja, tau sendirikan pesaing lo tuh buanyak banget. Yok ;1.0;hei guys ngajak pandemik covid lekas hilang aamiingimana rangin nongki hal aktivitas luar ruang ayo ajar utbk tau sendiri saing lo buanyak banget yok;hei guys gw mau ngajak kalian untuk agar pandemik covid ini lekas hilang aamiingimana kurangin dah tuh nongki halan atau segala aktivitas diluar ruangan yuk belajar utbk aja tau sendirikan pesaing lo tuh buanyak banget yok;['hei', 'guys', 'gw', 'mau', 'ngajak', 'kalian', 'untuk', 'agar', 'pandemik', 'covid', 'ini', 'lekas', 'hilang', 'aamiingimana', 'kurangin', 'dah', 'tuh', 'nongki', 'halan', 'atau', 'segala', 'aktivitas', 'diluar', 'ruangan', 'yuk', 'belajar', 'utbk', 'aja', 'tau', 'sendirikan', 'pesaing', 'lo', 'tuh', 'buanyak', 'banget', 'yok'];['hei', 'guys', 'saya', 'mau', 'ngajak', 'kalian', 'untuk', 'agar', 'pandemik', 'covid', 'ini', 'lekas', 'hilang', 'aamiingimana', 'kurangin', 'sudah', 'itu', 'nongki', 'halan', 'atau', 'segala', 'aktivitas', 'diluar', 'ruangan', 'ayo', 'belajar', 'utbk', 'saja', 'tau', 'sendirikan', 'pesaing', 'lo', 'itu', 'buanyak', 'banget', 'yok'];['hei', 'guys', 'ngajak', 'pandemik', 'covid', 'lekas', 'hilang', 'aamiingimana', 'kurangin', 'nongki', 'halan', 'aktivitas', 'diluar', 'ruangan', 'ayo', 'belajar', 'utbk', 'tau', 'sendirikan', 'pesaing', 'lo', 'buanyak', 'banget', 'yok'];hei guys ngajak pandemik covid lekas hilang aamiingimana kurangin nongki halan aktivitas diluar ruangan ayo belajar utbk tau sendirikan pesaing lo buanyak banget yok;hei guys ngajak pandemik covid lekas hilang aamiingimana rangin nongki hal aktivitas luar ruang ayo ajar utbk tau sendiri saing lo buanyak banget yok
27;JANGAN ADA DUSTA DIANTARA KITA: Kisah Pilu Dokter Menangani Pasien Yang Ternyata Positif Covid-19;1.0;dusta kisah pilu dokter tangan pasien positif covid;jangan ada dusta diantara kita kisah pilu dokter menangani pasien yang ternyata positif covid;['jangan', 'ada', 'dusta', 'diantara', 'kita', 'kisah', 'pilu', 'dokter', 'menangani', 'pasien', 'yang', 'ternyata', 'positif', 'covid'];['jangan', 'ada', 'dusta', 'diantara', 'kita', 'kisah', 'pilu', 'dokter', 'menangani', 'pasien', 'yang', 'ternyata', 'positif', 'covid'];['dusta', 'kisah', 'pilu', 'dokter', 'menangani', 'pasien', 'positif', 'covid'];dusta kisah pilu dokter menangani pasien positif covid;dusta kisah pilu dokter tangan pasien positif covid
28;COVID-19 Telah Bermutasi? Ada Gelombang Kedua Virus Corona;-1.0;covid mutasi gelombang virus corona;covid telah bermutasi ada gelombang kedua virus corona;['covid', 'telah', 'bermutasi', 'ada', 'gelombang', 'kedua', 'virus', 'corona'];['covid', 'telah', 'bermutasi', 'ada', 'gelombang', 'kedua', 'virus', 'corona'];['covid', 'bermutasi', 'gelombang', 'virus', 'corona'];covid bermutasi gelombang virus corona;covid mutasi gelombang virus corona
29;Salam Jumaat.. Ya Allah kami menadah tangan minta keampunan pada mu dan berserah diri dengan mu dan berilah kekuatan dan kesihatan yang baik.. Jauhilah kami dari segala penyakit berjangkit covid 19 dan hamba mu yang sedang berjuang kesakitan yang berada di hospital..;1.0;salam jumaat iya allah tadah tangan ampun mu serah mu ilah kuat kesihatan jauh sakit jangkit covid hamba mu juang sakit hospital;salam jumaat ya allah kami menadah tangan minta keampunan pada mu dan berserah diri dengan mu dan berilah kekuatan dan kesihatan yang baik jauhilah kami dari segala penyakit berjangkit covid dan hamba mu yang sedang berjuang kesakitan yang berada di hospital;['salam', 'jumaat', 'ya', 'allah', 'kami', 'menadah', 'tangan', 'minta', 'keampunan', 'pada', 'mu', 'dan', 'berserah', 'diri', 'dengan', 'mu', 'dan', 'berilah', 'kekuatan', 'dan', 'kesihatan', 'yang', 'baik', 'jauhilah', 'kami', 'dari', 'segala', 'penyakit', 'berjangkit', 'covid', 'dan', 'hamba', 'mu', 'yang', 'sedang', 'berjuang', 'kesakitan', 'yang', 'berada', 'di', 'hospital'];['salam', 'jumaat', 'iya', 'allah', 'kami', 'menadah', 'tangan', 'minta', 'keampunan', 'pada', 'mu', 'dan', 'berserah', 'diri', 'dengan', 'mu', 'dan', 'berilah', 'kekuatan', 'dan', 'kesihatan', 'yang', 'baik', 'jauhilah', 'kami', 'dari', 'segala', 'penyakit', 'berjangkit', 'covid', 'dan', 'hamba', 'mu', 'yang', 'sedang', 'berjuang', 'kesakitan', 'yang', 'berada', 'di', 'hospital'];['salam', 'jumaat', 'iya', 'allah', 'menadah', 'tangan', 'keampunan', 'mu', 'berserah', 'mu', 'berilah', 'kekuatan', 'kesihatan', 'jauhilah', 'penyakit', 'berjangkit', 'covid', 'hamba', 'mu', 'berjuang', 'kesakitan', 'hospital'];salam jumaat iya allah menadah tangan keampunan mu berserah mu berilah kekuatan kesihatan jauhilah penyakit berjangkit covid hamba mu berjuang kesakitan hospital;salam jumaat iya allah tadah tangan ampun mu serah mu ilah kuat kesihatan jauh sakit jangkit covid hamba mu juang sakit hospital
30;Saya kuatir test Covid-19 belum menyeluruh Tau2 nanti ada korban tergeletak mati suspek corona Ngeri;1.0;khawatir test covid tau korban geletak mati suspek corona ngeri;saya kuatir test covid belum menyeluruh tau nanti ada korban tergeletak mati suspek corona ngeri;['saya', 'kuatir', 'test', 'covid', 'belum', 'menyeluruh', 'tau', 'nanti', 'ada', 'korban', 'tergeletak', 'mati', 'suspek', 'corona', 'ngeri'];['saya', 'khawatir', 'test', 'covid', 'belum', 'menyeluruh', 'tau', 'nanti', 'ada', 'korban', 'tergeletak', 'mati', 'suspek', 'corona', 'ngeri'];['khawatir', 'test', 'covid', 'tau', 'korban', 'tergeletak', 'mati', 'suspek', 'corona', 'ngeri'];khawatir test covid tau korban tergeletak mati suspek corona ngeri;khawatir test covid tau korban geletak mati suspek corona ngeri
31;Ada yang kek gue saking fokus sama berita soal covid hari ini siap siap kerja padahalan tanggal merah .yalord;0.0;kayak saking fokus berita covid kerja padahal tanggal merah yalord;ada yang kek gue saking fokus sama berita soal covid hari ini siap siap kerja padahalan tanggal merah yalord;['ada', 'yang', 'kek', 'gue', 'saking', 'fokus', 'sama', 'berita', 'soal', 'covid', 'hari', 'ini', 'siap', 'siap', 'kerja', 'padahalan', 'tanggal', 'merah', 'yalord'];['ada', 'yang', 'kayak', 'saya', 'saking', 'fokus', 'sama', 'berita', 'soal', 'covid', 'hari', 'ini', 'siap', 'siap', 'kerja', 'padahalan', 'tanggal', 'merah', 'yalord'];['kayak', 'saking', 'fokus', 'berita', 'covid', 'kerja', 'padahalan', 'tanggal', 'merah', 'yalord'];kayak saking fokus berita covid kerja padahalan tanggal merah yalord;kayak saking fokus berita covid kerja padahal tanggal merah yalord
32;Berarti dah lama gak gitaran, mungkin mau bikin album lagu buat Corona Covid Yudhoyono.;-1.0;gitar album lagu corona covid yudhoyono;berarti dah lama gak gitaran mungkin mau bikin album lagu buat corona covid yudhoyono;['berarti', 'dah', 'lama', 'gak', 'gitaran', 'mungkin', 'mau', 'bikin', 'album', 'lagu', 'buat', 'corona', 'covid', 'yudhoyono'];['berarti', 'sudah', 'lama', 'tidak', 'gitaran', 'mungkin', 'mau', 'membuat', 'album', 'lagu', 'buat', 'corona', 'covid', 'yudhoyono'];['gitaran', 'album', 'lagu', 'corona', 'covid', 'yudhoyono'];gitaran album lagu corona covid yudhoyono;gitar album lagu corona covid yudhoyono
33;Berat Mbah, terlalu banyak kemungkinan  Sedang haid gak ndang mampet, Jualan online gak payu-payu, Lagi horny sing lanang mumet covid, Sudah masak enak dapat berkatan yg lebih enak, Sariawan,Loro untu,Keputihan,Murus ilate kecakot  Bengese anyar  Masker kerlisut Dst...;-1.0;berat mbah haid ndang mampet jual online payupayu horny sing lanang pusing covid masak enak berkat enak sariawanloro untukeputihanmurus ilate kecakot bengese anyar masker kerlisut dst;berat mbah terlalu banyak kemungkinan sedang haid gak ndang mampet jualan online gak payupayu lagi horny sing lanang mumet covid sudah masak enak dapat berkatan yg lebih enak sariawanloro untukeputihanmurus ilate kecakot bengese anyar masker kerlisut dst;['berat', 'mbah', 'terlalu', 'banyak', 'kemungkinan', 'sedang', 'haid', 'gak', 'ndang', 'mampet', 'jualan', 'online', 'gak', 'payupayu', 'lagi', 'horny', 'sing', 'lanang', 'mumet', 'covid', 'sudah', 'masak', 'enak', 'dapat', 'berkatan', 'yg', 'lebih', 'enak', 'sariawanloro', 'untukeputihanmurus', 'ilate', 'kecakot', 'bengese', 'anyar', 'masker', 'kerlisut', 'dst'];['berat', 'mbah', 'terlalu', 'banyak', 'kemungkinan', 'sedang', 'haid', 'tidak', 'ndang', 'mampet', 'jualan', 'online', 'tidak', 'payupayu', 'lagi', 'horny', 'sing', 'lanang', 'pusing', 'covid', 'sudah', 'masak', 'enak', 'dapat', 'berkatan', 'yang', 'lebih', 'enak', 'sariawanloro', 'untukeputihanmurus', 'ilate', 'kecakot', 'bengese', 'anyar', 'masker', 'kerlisut', 'dst'];['berat', 'mbah', 'haid', 'ndang', 'mampet', 'jualan', 'online', 'payupayu', 'horny', 'sing', 'lanang', 'pusing', 'covid', 'masak', 'enak', 'berkatan', 'enak', 'sariawanloro', 'untukeputihanmurus', 'ilate', 'kecakot', 'bengese', 'anyar', 'masker', 'kerlisut', 'dst'];berat mbah haid ndang mampet jualan online payupayu horny sing lanang pusing covid masak enak berkatan enak sariawanloro untukeputihanmurus ilate kecakot bengese anyar masker kerlisut dst;berat mbah haid ndang mampet jual online payupayu horny sing lanang pusing covid masak enak berkat enak sariawanloro untukeputihanmurus ilate kecakot bengese anyar masker kerlisut dst
34;Amalkan langkah-langkah pencegahan penularan COVID-19 sebagai amalan dalam kehidupan seharian kita.;1.0;amal langkahlangkah cegah tular covid amal hidup hari;amalkan langkahlangkah pencegahan penularan covid sebagai amalan dalam kehidupan seharian kita;['amalkan', 'langkahlangkah', 'pencegahan', 'penularan', 'covid', 'sebagai', 'amalan', 'dalam', 'kehidupan', 'seharian', 'kita'];['amalkan', 'langkahlangkah', 'pencegahan', 'penularan', 'covid', 'sebagai', 'amalan', 'dalam', 'kehidupan', 'seharian', 'kita'];['amalkan', 'langkahlangkah', 'pencegahan', 'penularan', 'covid', 'amalan', 'kehidupan', 'seharian'];amalkan langkahlangkah pencegahan penularan covid amalan kehidupan seharian;amal langkahlangkah cegah tular covid amal hidup hari
35;Kementerian Agama Provinsi Papua Barat, Azis Hegemur mengatakan, Umat Islam di Provinsi Papua Barat diimbau agar tidak menolak pemakaman jenazah pasien positifcterjangkit Covid-19. OPM;1.0;menteri agama provinsi papua barat azis hegemur umat islam provinsi papua barat imbau tolak makam jenazah pasien positifcterjangkit covid opm;kementerian agama provinsi papua barat azis hegemur mengatakan umat islam di provinsi papua barat diimbau agar tidak menolak pemakaman jenazah pasien positifcterjangkit covid opm;['kementerian', 'agama', 'provinsi', 'papua', 'barat', 'azis', 'hegemur', 'mengatakan', 'umat', 'islam', 'di', 'provinsi', 'papua', 'barat', 'diimbau', 'agar', 'tidak', 'menolak', 'pemakaman', 'jenazah', 'pasien', 'positifcterjangkit', 'covid', 'opm'];['kementerian', 'agama', 'provinsi', 'papua', 'barat', 'azis', 'hegemur', 'mengatakan', 'umat', 'islam', 'di', 'provinsi', 'papua', 'barat', 'diimbau', 'agar', 'tidak', 'menolak', 'pemakaman', 'jenazah', 'pasien', 'positifcterjangkit', 'covid', 'opm'];['kementerian', 'agama', 'provinsi', 'papua', 'barat', 'azis', 'hegemur', 'umat', 'islam', 'provinsi', 'papua', 'barat', 'diimbau', 'menolak', 'pemakaman', 'jenazah', 'pasien', 'positifcterjangkit', 'covid', 'opm'];kementerian agama provinsi papua barat azis hegemur umat islam provinsi papua barat diimbau menolak pemakaman jenazah pasien positifcterjangkit covid opm;menteri agama provinsi papua barat azis hegemur umat islam provinsi papua barat imbau tolak makam jenazah pasien positifcterjangkit covid opm
36;Bumi..Maafkan Kami..Yang Tak Pernah Sadar.. Bahwa Kau Juga Butuh Istirahat.. ;1.0;bumimaafkan kamiyang sadar kau butuh istirahat;bumimaafkan kamiyang tak pernah sadar bahwa kau juga butuh istirahat;['bumimaafkan', 'kamiyang', 'tak', 'pernah', 'sadar', 'bahwa', 'kau', 'juga', 'butuh', 'istirahat'];['bumimaafkan', 'kamiyang', 'tak', 'pernah', 'sadar', 'bahwa', 'kau', 'juga', 'butuh', 'istirahat'];['bumimaafkan', 'kamiyang', 'sadar', 'kau', 'butuh', 'istirahat'];bumimaafkan kamiyang sadar kau butuh istirahat;bumimaafkan kamiyang sadar kau butuh istirahat
37;Kalau ga ada covid, jam segini gue udah mulai pendakian dari pos Cangkuang;0.0;covid jam gin daki pos cangkuang;kalau ga ada covid jam segini gue udah mulai pendakian dari pos cangkuang;['kalau', 'ga', 'ada', 'covid', 'jam', 'segini', 'gue', 'udah', 'mulai', 'pendakian', 'dari', 'pos', 'cangkuang'];['kalau', 'tidak', 'ada', 'covid', 'jam', 'segini', 'saya', 'sudah', 'mulai', 'pendakian', 'dari', 'pos', 'cangkuang'];['covid', 'jam', 'segini', 'pendakian', 'pos', 'cangkuang'];covid jam segini pendakian pos cangkuang;covid jam gin daki pos cangkuang
38;"Developers biang rusuh. Proyek konstruksi swasta termasuk yg dikecualikan untuk ""freeze"" dlm psbb dki oleh gub , pdhl dlm permenkes tdk termasuk yg dikecualikan. Juga, proyek-2 konstruksi besar berpotensi menjadi kluster penyebaran covid krn padat. Bijimane nih?";0.0;developers biang rusuh proyek konstruksi swasta kecuali freeze psbb dki gub permenkes kecuali proyek konstruksi potensi kluster sebar covid padat bijimane;developers biang rusuh proyek konstruksi swasta termasuk yg dikecualikan untuk freeze dlm psbb dki oleh gub pdhl dlm permenkes tdk termasuk yg dikecualikan juga proyek konstruksi besar berpotensi menjadi kluster penyebaran covid krn padat bijimane nih;['developers', 'biang', 'rusuh', 'proyek', 'konstruksi', 'swasta', 'termasuk', 'yg', 'dikecualikan', 'untuk', 'freeze', 'dlm', 'psbb', 'dki', 'oleh', 'gub', 'pdhl', 'dlm', 'permenkes', 'tdk', 'termasuk', 'yg', 'dikecualikan', 'juga', 'proyek', 'konstruksi', 'besar', 'berpotensi', 'menjadi', 'kluster', 'penyebaran', 'covid', 'krn', 'padat', 'bijimane', 'nih'];['developers', 'biang', 'rusuh', 'proyek', 'konstruksi', 'swasta', 'termasuk', 'yang', 'dikecualikan', 'untuk', 'freeze', 'dalam', 'psbb', 'dki', 'oleh', 'gub', 'padahal', 'dalam', 'permenkes', 'tidak', 'termasuk', 'yang', 'dikecualikan', 'juga', 'proyek', 'konstruksi', 'besar', 'berpotensi', 'menjadi', 'kluster', 'penyebaran', 'covid', 'karena', 'padat', 'bijimane', 'ini'];['developers', 'biang', 'rusuh', 'proyek', 'konstruksi', 'swasta', 'dikecualikan', 'freeze', 'psbb', 'dki', 'gub', 'permenkes', 'dikecualikan', 'proyek', 'konstruksi', 'berpotensi', 'kluster', 'penyebaran', 'covid', 'padat', 'bijimane'];developers biang rusuh proyek konstruksi swasta dikecualikan freeze psbb dki gub permenkes dikecualikan proyek konstruksi berpotensi kluster penyebaran covid padat bijimane;developers biang rusuh proyek konstruksi swasta kecuali freeze psbb dki gub permenkes kecuali proyek konstruksi potensi kluster sebar covid padat bijimane
39;Kalau tidak dimulai dari diri sendiri, mana mungkin.Yukkk...kita putus mata rantai penyemangat Covid-19 di Indonesia dimulai dari diri sendiri.;1.0;mungkinyukkkkita putus mata rantai semangat covid indonesia;kalau tidak dimulai dari diri sendiri mana mungkinyukkkkita putus mata rantai penyemangat covid di indonesia dimulai dari diri sendiri;['kalau', 'tidak', 'dimulai', 'dari', 'diri', 'sendiri', 'mana', 'mungkinyukkkkita', 'putus', 'mata', 'rantai', 'penyemangat', 'covid', 'di', 'indonesia', 'dimulai', 'dari', 'diri', 'sendiri'];['kalau', 'tidak', 'dimulai', 'dari', 'diri', 'sendiri', 'mana', 'mungkinyukkkkita', 'putus', 'mata', 'rantai', 'penyemangat', 'covid', 'di', 'indonesia', 'dimulai', 'dari', 'diri', 'sendiri'];['mungkinyukkkkita', 'putus', 'mata', 'rantai', 'penyemangat', 'covid', 'indonesia'];mungkinyukkkkita putus mata rantai penyemangat covid indonesia;mungkinyukkkkita putus mata rantai semangat covid indonesia
40;Sinergitas TNI-POLRI untuk mencegah penyebaran Virus Covid-19;1.0;sinergitas tnipolri cegah sebar virus covid;sinergitas tnipolri untuk mencegah penyebaran virus covid;['sinergitas', 'tnipolri', 'untuk', 'mencegah', 'penyebaran', 'virus', 'covid'];['sinergitas', 'tnipolri', 'untuk', 'mencegah', 'penyebaran', 'virus', 'covid'];['sinergitas', 'tnipolri', 'mencegah', 'penyebaran', 'virus', 'covid'];sinergitas tnipolri mencegah penyebaran virus covid;sinergitas tnipolri cegah sebar virus covid
41;Kucing bukan penyebar COVID-19 kepada manusia - Jabatan Perkhidmatan Veterinar;1.0;kucing sebar covid manusia jabat khidmat veterinar;kucing bukan penyebar covid kepada manusia jabatan perkhidmatan veterinar;['kucing', 'bukan', 'penyebar', 'covid', 'kepada', 'manusia', 'jabatan', 'perkhidmatan', 'veterinar'];['kucing', 'bukan', 'penyebar', 'covid', 'kepada', 'manusia', 'jabatan', 'perkhidmatan', 'veterinar'];['kucing', 'penyebar', 'covid', 'manusia', 'jabatan', 'perkhidmatan', 'veterinar'];kucing penyebar covid manusia jabatan perkhidmatan veterinar;kucing sebar covid manusia jabat khidmat veterinar
42;Pemkab Wondama Perbanyak Pos Pemantauan Covid-19. OPM;1.0;pemkab wondama banyak pos pantau covid opm;pemkab wondama perbanyak pos pemantauan covid opm;['pemkab', 'wondama', 'perbanyak', 'pos', 'pemantauan', 'covid', 'opm'];['pemkab', 'wondama', 'perbanyak', 'pos', 'pemantauan', 'covid', 'opm'];['pemkab', 'wondama', 'perbanyak', 'pos', 'pemantauan', 'covid', 'opm'];pemkab wondama perbanyak pos pemantauan covid opm;pemkab wondama banyak pos pantau covid opm
43;COVID-19: Pelajar UNIMAS berusia 23 tahun maut;-1.0;covid ajar unimas usia maut;covid pelajar unimas berusia tahun maut;['covid', 'pelajar', 'unimas', 'berusia', 'tahun', 'maut'];['covid', 'pelajar', 'unimas', 'berusia', 'tahun', 'maut'];['covid', 'pelajar', 'unimas', 'berusia', 'maut'];covid pelajar unimas berusia maut;covid ajar unimas usia maut
44;"Murid2 mamaku dikasih tugas menggambar poster pencegahan covid-19 anak2nya malah pada nggambar virus segede gaban, dibawahnya dikasih tulisan ""Ya Allah lindungilah aku"" ";1.0;murid mama kasih tugas gambar poster cegah covid anak nggambar virus gede gaban bawah kasih tulis iya allah lindung;murid mamaku dikasih tugas menggambar poster pencegahan covid anaknya malah pada nggambar virus segede gaban dibawahnya dikasih tulisan ya allah lindungilah aku;['murid', 'mamaku', 'dikasih', 'tugas', 'menggambar', 'poster', 'pencegahan', 'covid', 'anaknya', 'malah', 'pada', 'nggambar', 'virus', 'segede', 'gaban', 'dibawahnya', 'dikasih', 'tulisan', 'ya', 'allah', 'lindungilah', 'aku'];['murid', 'mamaku', 'dikasih', 'tugas', 'menggambar', 'poster', 'pencegahan', 'covid', 'anaknya', 'malah', 'pada', 'nggambar', 'virus', 'segede', 'gaban', 'dibawahnya', 'dikasih', 'tulisan', 'iya', 'allah', 'lindungilah', 'aku'];['murid', 'mamaku', 'dikasih', 'tugas', 'menggambar', 'poster', 'pencegahan', 'covid', 'anaknya', 'nggambar', 'virus', 'segede', 'gaban', 'dibawahnya', 'dikasih', 'tulisan', 'iya', 'allah', 'lindungilah'];murid mamaku dikasih tugas menggambar poster pencegahan covid anaknya nggambar virus segede gaban dibawahnya dikasih tulisan iya allah lindungilah;murid mama kasih tugas gambar poster cegah covid anak nggambar virus gede gaban bawah kasih tulis iya allah lindung
45;Meluasnya pandemi Coronavirus disease 2019 (Covid-19) di Indonesia termasuk di Papua berdampak pada sejumlah sektor salah satunya perhotelan. OPM;0.0;luas pandemi coronavirus disease covid indonesia papua dampak sektor salah satu hotel opm;meluasnya pandemi coronavirus disease covid di indonesia termasuk di papua berdampak pada sejumlah sektor salah satunya perhotelan opm;['meluasnya', 'pandemi', 'coronavirus', 'disease', 'covid', 'di', 'indonesia', 'termasuk', 'di', 'papua', 'berdampak', 'pada', 'sejumlah', 'sektor', 'salah', 'satunya', 'perhotelan', 'opm'];['meluasnya', 'pandemi', 'coronavirus', 'disease', 'covid', 'di', 'indonesia', 'termasuk', 'di', 'papua', 'berdampak', 'pada', 'sejumlah', 'sektor', 'salah', 'satunya', 'perhotelan', 'opm'];['meluasnya', 'pandemi', 'coronavirus', 'disease', 'covid', 'indonesia', 'papua', 'berdampak', 'sektor', 'salah', 'satunya', 'perhotelan', 'opm'];meluasnya pandemi coronavirus disease covid indonesia papua berdampak sektor salah satunya perhotelan opm;luas pandemi coronavirus disease covid indonesia papua dampak sektor salah satu hotel opm
46;Ada Gelombang Kedua Virus Corona, COVID-19 Telah Bermutasi?;-1.0;gelombang virus corona covid mutasi;ada gelombang kedua virus corona covid telah bermutasi;['ada', 'gelombang', 'kedua', 'virus', 'corona', 'covid', 'telah', 'bermutasi'];['ada', 'gelombang', 'kedua', 'virus', 'corona', 'covid', 'telah', 'bermutasi'];['gelombang', 'virus', 'corona', 'covid', 'bermutasi'];gelombang virus corona covid bermutasi;gelombang virus corona covid mutasi
47;Bantuan Masyarakat Terus Mengalir, Rekening Gugus Tugas Covid-19 Sudah Terisi Rp 193 Miliar;1.0;bantu masyarakat alir rekening gugus tugas covid isi rupiah miliar;bantuan masyarakat terus mengalir rekening gugus tugas covid sudah terisi rp miliar;['bantuan', 'masyarakat', 'terus', 'mengalir', 'rekening', 'gugus', 'tugas', 'covid', 'sudah', 'terisi', 'rp', 'miliar'];['bantuan', 'masyarakat', 'terus', 'mengalir', 'rekening', 'gugus', 'tugas', 'covid', 'sudah', 'terisi', 'rupiah', 'miliar'];['bantuan', 'masyarakat', 'mengalir', 'rekening', 'gugus', 'tugas', 'covid', 'terisi', 'rupiah', 'miliar'];bantuan masyarakat mengalir rekening gugus tugas covid terisi rupiah miliar;bantu masyarakat alir rekening gugus tugas covid isi rupiah miliar
48;"Ada 15 cara mnyuruh Covid-19 sgera pergi Jangan lagi jauh dari Allah Sang Maha Pencipta. Bukankh Covid-19 telah mendidik kita, dlm suasana Covid-19 aktif menyebar, semua org ketakutan &amp; semua org baru mendekat berdzikir dan berdoa, memohon perlindungan Allah Sang Kholiq?.";1.0;mnyuruh covid sgera pergi allah sang maha cipta bukankh covid didik suasana covid aktif sebar orang takut amp orang dekat berdzikir doa mohon lindung allah sang kholiq;ada cara mnyuruh covid sgera pergi jangan lagi jauh dari allah sang maha pencipta bukankh covid telah mendidik kita dlm suasana covid aktif menyebar semua org ketakutan amp semua org baru mendekat berdzikir dan berdoa memohon perlindungan allah sang kholiq;['ada', 'cara', 'mnyuruh', 'covid', 'sgera', 'pergi', 'jangan', 'lagi', 'jauh', 'dari', 'allah', 'sang', 'maha', 'pencipta', 'bukankh', 'covid', 'telah', 'mendidik', 'kita', 'dlm', 'suasana', 'covid', 'aktif', 'menyebar', 'semua', 'org', 'ketakutan', 'amp', 'semua', 'org', 'baru', 'mendekat', 'berdzikir', 'dan', 'berdoa', 'memohon', 'perlindungan', 'allah', 'sang', 'kholiq'];['ada', 'cara', 'mnyuruh', 'covid', 'sgera', 'pergi', 'jangan', 'lagi', 'jauh', 'dari', 'allah', 'sang', 'maha', 'pencipta', 'bukankh', 'covid', 'telah', 'mendidik', 'kita', 'dalam', 'suasana', 'covid', 'aktif', 'menyebar', 'semua', 'orang', 'ketakutan', 'amp', 'semua', 'orang', 'baru', 'mendekat', 'berdzikir', 'dan', 'berdoa', 'memohon', 'perlindungan', 'allah', 'sang', 'kholiq'];['mnyuruh', 'covid', 'sgera', 'pergi', 'allah', 'sang', 'maha', 'pencipta', 'bukankh', 'covid', 'mendidik', 'suasana', 'covid', 'aktif', 'menyebar', 'orang', 'ketakutan', 'amp', 'orang', 'mendekat', 'berdzikir', 'berdoa', 'memohon', 'perlindungan', 'allah', 'sang', 'kholiq'];mnyuruh covid sgera pergi allah sang maha pencipta bukankh covid mendidik suasana covid aktif menyebar orang ketakutan amp orang mendekat berdzikir berdoa memohon perlindungan allah sang kholiq;mnyuruh covid sgera pergi allah sang maha cipta bukankh covid didik suasana covid aktif sebar orang takut amp orang dekat berdzikir doa mohon lindung allah sang kholiq
49;Di malaysia kena covid temen temen lo yang pada ga punya kerjaan pada pulang ke indonesia ada 47 rb orang dan juga mereka ber resiko bawa tuh virus ga boleh pulang juga?;1.0;malaysia kena covid teman teman lo kerja pulang indonesia ribu orang ber resiko bawa virus pulang;di malaysia kena covid temen temen lo yang pada ga punya kerjaan pada pulang ke indonesia ada rb orang dan juga mereka ber resiko bawa tuh virus ga boleh pulang juga;['di', 'malaysia', 'kena', 'covid', 'temen', 'temen', 'lo', 'yang', 'pada', 'ga', 'punya', 'kerjaan', 'pada', 'pulang', 'ke', 'indonesia', 'ada', 'rb', 'orang', 'dan', 'juga', 'mereka', 'ber', 'resiko', 'bawa', 'tuh', 'virus', 'ga', 'boleh', 'pulang', 'juga'];['di', 'malaysia', 'kena', 'covid', 'teman', 'teman', 'lo', 'yang', 'pada', 'tidak', 'punya', 'kerjaan', 'pada', 'pulang', 'ke', 'indonesia', 'ada', 'ribu', 'orang', 'dan', 'juga', 'mereka', 'ber', 'resiko', 'bawa', 'itu', 'virus', 'tidak', 'boleh', 'pulang', 'juga'];['malaysia', 'kena', 'covid', 'teman', 'teman', 'lo', 'kerjaan', 'pulang', 'indonesia', 'ribu', 'orang', 'ber', 'resiko', 'bawa', 'virus', 'pulang'];malaysia kena covid teman teman lo kerjaan pulang indonesia ribu orang ber resiko bawa virus pulang;malaysia kena covid teman teman lo kerja pulang indonesia ribu orang ber resiko bawa virus pulang
50;Skrinews - CEGAH PENYEBARAN VIRUS CORONA, WARTAWAN MEDIA SKRI JADI SATGAS RELAWAN COVID-19 DIDESANYA.;1.0;skrinews cegah sebar virus corona wartawan media skri satgas rawan covid desa;skrinews cegah penyebaran virus corona wartawan media skri jadi satgas relawan covid didesanya;['skrinews', 'cegah', 'penyebaran', 'virus', 'corona', 'wartawan', 'media', 'skri', 'jadi', 'satgas', 'relawan', 'covid', 'didesanya'];['skrinews', 'cegah', 'penyebaran', 'virus', 'corona', 'wartawan', 'media', 'skri', 'jadi', 'satgas', 'relawan', 'covid', 'didesanya'];['skrinews', 'cegah', 'penyebaran', 'virus', 'corona', 'wartawan', 'media', 'skri', 'satgas', 'relawan', 'covid', 'didesanya'];skrinews cegah penyebaran virus corona wartawan media skri satgas relawan covid didesanya;skrinews cegah sebar virus corona wartawan media skri satgas rawan covid desa
51;Lebaran sebentar lagi. Gara2 covid 19 lebaran apa masih pada butuh aksesoris enggak ya?;0.0;lebaran sebentar gara covid lebaran butuh aksesoris iya;lebaran sebentar lagi gara covid lebaran apa masih pada butuh aksesoris enggak ya;['lebaran', 'sebentar', 'lagi', 'gara', 'covid', 'lebaran', 'apa', 'masih', 'pada', 'butuh', 'aksesoris', 'enggak', 'ya'];['lebaran', 'sebentar', 'lagi', 'gara', 'covid', 'lebaran', 'apa', 'masih', 'pada', 'butuh', 'aksesoris', 'enggak', 'iya'];['lebaran', 'sebentar', 'gara', 'covid', 'lebaran', 'butuh', 'aksesoris', 'iya'];lebaran sebentar gara covid lebaran butuh aksesoris iya;lebaran sebentar gara covid lebaran butuh aksesoris iya
52;Giat Bhabinkamtibmas bersama masyarakat melakukan penyemprotan Disinfektan untuk mencegah penyebaran Virus Covid-19;1.0;giat bhabinkamtibmas masyarakat semprot disinfektan cegah sebar virus covid;giat bhabinkamtibmas bersama masyarakat melakukan penyemprotan disinfektan untuk mencegah penyebaran virus covid;['giat', 'bhabinkamtibmas', 'bersama', 'masyarakat', 'melakukan', 'penyemprotan', 'disinfektan', 'untuk', 'mencegah', 'penyebaran', 'virus', 'covid'];['giat', 'bhabinkamtibmas', 'bersama', 'masyarakat', 'melakukan', 'penyemprotan', 'disinfektan', 'untuk', 'mencegah', 'penyebaran', 'virus', 'covid'];['giat', 'bhabinkamtibmas', 'masyarakat', 'penyemprotan', 'disinfektan', 'mencegah', 'penyebaran', 'virus', 'covid'];giat bhabinkamtibmas masyarakat penyemprotan disinfektan mencegah penyebaran virus covid;giat bhabinkamtibmas masyarakat semprot disinfektan cegah sebar virus covid
53;Kasih Sayang Allah di Balik Musibah Covid-19 ;0.0;kasih sayang allah musibah covid;kasih sayang allah di balik musibah covid;['kasih', 'sayang', 'allah', 'di', 'balik', 'musibah', 'covid'];['kasih', 'sayang', 'allah', 'di', 'balik', 'musibah', 'covid'];['kasih', 'sayang', 'allah', 'musibah', 'covid'];kasih sayang allah musibah covid;kasih sayang allah musibah covid
54;Anggota Polsek Koba Himbau para pemuda Tidak Kumpul-kumpul dan segera pulang kerumahnya masing-masing untuk mencegah penyebaran COVID-19.;1.0;anggota polsek koba himbau pemuda kumpulkumpul pulang rumah masingmasing cegah sebar covid;anggota polsek koba himbau para pemuda tidak kumpulkumpul dan segera pulang kerumahnya masingmasing untuk mencegah penyebaran covid;['anggota', 'polsek', 'koba', 'himbau', 'para', 'pemuda', 'tidak', 'kumpulkumpul', 'dan', 'segera', 'pulang', 'kerumahnya', 'masingmasing', 'untuk', 'mencegah', 'penyebaran', 'covid'];['anggota', 'polsek', 'koba', 'himbau', 'para', 'pemuda', 'tidak', 'kumpulkumpul', 'dan', 'segera', 'pulang', 'kerumahnya', 'masingmasing', 'untuk', 'mencegah', 'penyebaran', 'covid'];['anggota', 'polsek', 'koba', 'himbau', 'pemuda', 'kumpulkumpul', 'pulang', 'kerumahnya', 'masingmasing', 'mencegah', 'penyebaran', 'covid'];anggota polsek koba himbau pemuda kumpulkumpul pulang kerumahnya masingmasing mencegah penyebaran covid;anggota polsek koba himbau pemuda kumpulkumpul pulang rumah masingmasing cegah sebar covid
55;"met pagi NKRI...spy g trlalu heboh data kematian covid 19...jadikan perbandingan kematian seluruh prop d indon sblm wabah corona terjadi d indon....jk jumlahnya setara kematian sblm &amp; stlh corona...mk jumlah tsb angka kematian norma"" sj....";1.0;met pagi nkrispy g trlalu heboh data mati covid jadi banding mati prop d indon sblm wabah corona d indonjk tara mati sblm amp coronamk angka mati norma sj;met pagi nkrispy g trlalu heboh data kematian covid jadikan perbandingan kematian seluruh prop d indon sblm wabah corona terjadi d indonjk jumlahnya setara kematian sblm amp stlh coronamk jumlah tsb angka kematian norma sj;['met', 'pagi', 'nkrispy', 'g', 'trlalu', 'heboh', 'data', 'kematian', 'covid', 'jadikan', 'perbandingan', 'kematian', 'seluruh', 'prop', 'd', 'indon', 'sblm', 'wabah', 'corona', 'terjadi', 'd', 'indonjk', 'jumlahnya', 'setara', 'kematian', 'sblm', 'amp', 'stlh', 'coronamk', 'jumlah', 'tsb', 'angka', 'kematian', 'norma', 'sj'];['met', 'pagi', 'nkrispy', 'g', 'trlalu', 'heboh', 'data', 'kematian', 'covid', 'jadikan', 'perbandingan', 'kematian', 'seluruh', 'prop', 'd', 'indon', 'sblm', 'wabah', 'corona', 'terjadi', 'd', 'indonjk', 'jumlahnya', 'setara', 'kematian', 'sblm', 'amp', 'setelah', 'coronamk', 'jumlah', 'tersebut', 'angka', 'kematian', 'norma', 'sj'];['met', 'pagi', 'nkrispy', 'g', 'trlalu', 'heboh', 'data', 'kematian', 'covid', 'jadikan', 'perbandingan', 'kematian', 'prop', 'd', 'indon', 'sblm', 'wabah', 'corona', 'd', 'indonjk', 'setara', 'kematian', 'sblm', 'amp', 'coronamk', 'angka', 'kematian', 'norma', 'sj'];met pagi nkrispy g trlalu heboh data kematian covid jadikan perbandingan kematian prop d indon sblm wabah corona d indonjk setara kematian sblm amp coronamk angka kematian norma sj;met pagi nkrispy g trlalu heboh data mati covid jadi banding mati prop d indon sblm wabah corona d indonjk tara mati sblm amp coronamk angka mati norma sj
56;tido la tak nak harap apa apa dia dari azali takde hati macam tu cuba berharap covid takde je tu je;0.0;tido la nak harap azali takde hati cuba harap covid takde je je;tido la tak nak harap apa apa dia dari azali takde hati macam tu cuba berharap covid takde je tu je;['tido', 'la', 'tak', 'nak', 'harap', 'apa', 'apa', 'dia', 'dari', 'azali', 'takde', 'hati', 'macam', 'tu', 'cuba', 'berharap', 'covid', 'takde', 'je', 'tu', 'je'];['tido', 'la', 'tak', 'nak', 'harap', 'apa', 'apa', 'dia', 'dari', 'azali', 'takde', 'hati', 'macam', 'itu', 'cuba', 'berharap', 'covid', 'takde', 'je', 'itu', 'je'];['tido', 'la', 'nak', 'harap', 'azali', 'takde', 'hati', 'cuba', 'berharap', 'covid', 'takde', 'je', 'je'];tido la nak harap azali takde hati cuba berharap covid takde je je;tido la nak harap azali takde hati cuba harap covid takde je je
57;Untuk mengetahui bagaimana mencegah penyakit wabak COVID-19, sila baca risalah ini;0.0;cegah sakit wabak covid sila baca risalah;untuk mengetahui bagaimana mencegah penyakit wabak covid sila baca risalah ini;['untuk', 'mengetahui', 'bagaimana', 'mencegah', 'penyakit', 'wabak', 'covid', 'sila', 'baca', 'risalah', 'ini'];['untuk', 'mengetahui', 'bagaimana', 'mencegah', 'penyakit', 'wabak', 'covid', 'sila', 'baca', 'risalah', 'ini'];['mencegah', 'penyakit', 'wabak', 'covid', 'sila', 'baca', 'risalah'];mencegah penyakit wabak covid sila baca risalah;cegah sakit wabak covid sila baca risalah
58;Iya sel. Aku liat dengerin Lukman Sardi bilang. Rumah Sakit penuh. Makanya disuruh pulang. Orang awam kan taunya diusir padahal triase. Artinya emang di JKT parah banget covid shg orang2 dg sakit parah lain mlh jd kena triase;0.0;iya sel lihat dengerin lukman sardi bilang rumah sakit penuh suruh pulang orang awam tau usir triase jkt parah banget covid shg orang sakit parah mlh jadi kena triase;iya sel aku liat dengerin lukman sardi bilang rumah sakit penuh makanya disuruh pulang orang awam kan taunya diusir padahal triase artinya emang di jkt parah banget covid shg orang dg sakit parah lain mlh jd kena triase;['iya', 'sel', 'aku', 'liat', 'dengerin', 'lukman', 'sardi', 'bilang', 'rumah', 'sakit', 'penuh', 'makanya', 'disuruh', 'pulang', 'orang', 'awam', 'kan', 'taunya', 'diusir', 'padahal', 'triase', 'artinya', 'emang', 'di', 'jkt', 'parah', 'banget', 'covid', 'shg', 'orang', 'dg', 'sakit', 'parah', 'lain', 'mlh', 'jd', 'kena', 'triase'];['iya', 'sel', 'aku', 'lihat', 'dengerin', 'lukman', 'sardi', 'bilang', 'rumah', 'sakit', 'penuh', 'makanya', 'disuruh', 'pulang', 'orang', 'awam', 'kan', 'taunya', 'diusir', 'padahal', 'triase', 'artinya', 'memang', 'di', 'jkt', 'parah', 'banget', 'covid', 'shg', 'orang', 'dengan', 'sakit', 'parah', 'lain', 'mlh', 'jadi ', 'kena', 'triase'];['iya', 'sel', 'lihat', 'dengerin', 'lukman', 'sardi', 'bilang', 'rumah', 'sakit', 'penuh', 'disuruh', 'pulang', 'orang', 'awam', 'taunya', 'diusir', 'triase', 'jkt', 'parah', 'banget', 'covid', 'shg', 'orang', 'sakit', 'parah', 'mlh', 'jadi ', 'kena', 'triase'];iya sel lihat dengerin lukman sardi bilang rumah sakit penuh disuruh pulang orang awam taunya diusir triase jkt parah banget covid shg orang sakit parah mlh jadi  kena triase;iya sel lihat dengerin lukman sardi bilang rumah sakit penuh suruh pulang orang awam tau usir triase jkt parah banget covid shg orang sakit parah mlh jadi kena triase
59;Kopi pagi ini cukup nikmat.Kabar baiknya pemerintah Aceh menyalurkan bantuan pokok utk Masyarakat terdampak Covid-19 dgn kriteria bukan penerima PKH & BPNT.Alhamdulillah ;1.0;kopi pagi nikmatkabar baik perintah aceh salur bantu pokok masyarakat dampak covid kriteria terima pkh bpntalhamdulillah;kopi pagi ini cukup nikmatkabar baiknya pemerintah aceh menyalurkan bantuan pokok utk masyarakat terdampak covid dgn kriteria bukan penerima pkh bpntalhamdulillah;['kopi', 'pagi', 'ini', 'cukup', 'nikmatkabar', 'baiknya', 'pemerintah', 'aceh', 'menyalurkan', 'bantuan', 'pokok', 'utk', 'masyarakat', 'terdampak', 'covid', 'dgn', 'kriteria', 'bukan', 'penerima', 'pkh', 'bpntalhamdulillah'];['kopi', 'pagi', 'ini', 'cukup', 'nikmatkabar', 'baiknya', 'pemerintah', 'aceh', 'menyalurkan', 'bantuan', 'pokok', 'untuk', 'masyarakat', 'terdampak', 'covid', 'dengan', 'kriteria', 'bukan', 'penerima', 'pkh', 'bpntalhamdulillah'];['kopi', 'pagi', 'nikmatkabar', 'baiknya', 'pemerintah', 'aceh', 'menyalurkan', 'bantuan', 'pokok', 'masyarakat', 'terdampak', 'covid', 'kriteria', 'penerima', 'pkh', 'bpntalhamdulillah'];kopi pagi nikmatkabar baiknya pemerintah aceh menyalurkan bantuan pokok masyarakat terdampak covid kriteria penerima pkh bpntalhamdulillah;kopi pagi nikmatkabar baik perintah aceh salur bantu pokok masyarakat dampak covid kriteria terima pkh bpntalhamdulillah
60;Hingga 9 April, Polri Tindak 18 Kasus Penyimpangan Produksi dan Distribusi APD COVID-19;1.0;april polri tindak simpang produksi distribusi apd covid;hingga april polri tindak kasus penyimpangan produksi dan distribusi apd covid;['hingga', 'april', 'polri', 'tindak', 'kasus', 'penyimpangan', 'produksi', 'dan', 'distribusi', 'apd', 'covid'];['hingga', 'april', 'polri', 'tindak', 'kasus', 'penyimpangan', 'produksi', 'dan', 'distribusi', 'apd', 'covid'];['april', 'polri', 'tindak', 'penyimpangan', 'produksi', 'distribusi', 'apd', 'covid'];april polri tindak penyimpangan produksi distribusi apd covid;april polri tindak simpang produksi distribusi apd covid
61;eh bacot lu lbih parah dari covid.. anjing sia ke bele... pantat korengan.. sok2 blgu;-1.0;eh bacot parah covid anjing sia bele pantat koreng sok blgu;eh bacot lu lbih parah dari covid anjing sia ke bele pantat korengan sok blgu;['eh', 'bacot', 'lu', 'lbih', 'parah', 'dari', 'covid', 'anjing', 'sia', 'ke', 'bele', 'pantat', 'korengan', 'sok', 'blgu'];['eh', 'bacot', 'kamu', 'lebih', 'parah', 'dari', 'covid', 'anjing', 'sia', 'ke', 'bele', 'pantat', 'korengan', 'sok', 'blgu'];['eh', 'bacot', 'parah', 'covid', 'anjing', 'sia', 'bele', 'pantat', 'korengan', 'sok', 'blgu'];eh bacot parah covid anjing sia bele pantat korengan sok blgu;eh bacot parah covid anjing sia bele pantat koreng sok blgu
62;Lumpuhnya Peran Negara dalam Menangani Covid-19 - Tegakkan agar terwujud -;0.0;lumpuh peran negara tangan covid tegak wujud;lumpuhnya peran negara dalam menangani covid tegakkan agar terwujud;['lumpuhnya', 'peran', 'negara', 'dalam', 'menangani', 'covid', 'tegakkan', 'agar', 'terwujud'];['lumpuhnya', 'peran', 'negara', 'dalam', 'menangani', 'covid', 'tegakkan', 'agar', 'terwujud'];['lumpuhnya', 'peran', 'negara', 'menangani', 'covid', 'tegakkan', 'terwujud'];lumpuhnya peran negara menangani covid tegakkan terwujud;lumpuh peran negara tangan covid tegak wujud
63;"my liberty ends where your nose begins"" ... pas banget di era COVID-19 ... dicolek-colek hidungnya di masa normal aja nggak mau, apalagi di masa COVID-19";0.0;my liberty ends where your nose begins cocok banget era covid dicolekcolek hidung normal nggak covid;my liberty ends where your nose begins pas banget di era covid dicolekcolek hidungnya di masa normal aja nggak mau apalagi di masa covid;['my', 'liberty', 'ends', 'where', 'your', 'nose', 'begins', 'pas', 'banget', 'di', 'era', 'covid', 'dicolekcolek', 'hidungnya', 'di', 'masa', 'normal', 'aja', 'nggak', 'mau', 'apalagi', 'di', 'masa', 'covid'];['my', 'liberty', 'ends', 'where', 'your', 'nose', 'begins', 'cocok', 'banget', 'di', 'era', 'covid', 'dicolekcolek', 'hidungnya', 'di', 'masa', 'normal', 'saja', 'nggak', 'mau', 'apalagi', 'di', 'masa', 'covid'];['my', 'liberty', 'ends', 'where', 'your', 'nose', 'begins', 'cocok', 'banget', 'era', 'covid', 'dicolekcolek', 'hidungnya', 'normal', 'nggak', 'covid'];my liberty ends where your nose begins cocok banget era covid dicolekcolek hidungnya normal nggak covid;my liberty ends where your nose begins cocok banget era covid dicolekcolek hidung normal nggak covid
64;TERKEJUT!!..kami terkanjat je Warga Indonesia terkejut dgn tindakan pemerintah Malaysia menjaga rakyatnya dgn pemberian pelbagai insentif dsaat pelaksanaan PKP berikutan penularan wabak COVID-19.(Baca komen warga Indonesia di ruang komen Youtube);1.0;terkejutkami terkanjat je warga indonesia kejut tindak perintah malaysia jaga rakyat beri pelbagai insentif dsaat laksana pkp ikut tular wabak covidbaca komen warga indonesia ruang komen youtube;terkejutkami terkanjat je warga indonesia terkejut dgn tindakan pemerintah malaysia menjaga rakyatnya dgn pemberian pelbagai insentif dsaat pelaksanaan pkp berikutan penularan wabak covidbaca komen warga indonesia di ruang komen youtube;['terkejutkami', 'terkanjat', 'je', 'warga', 'indonesia', 'terkejut', 'dgn', 'tindakan', 'pemerintah', 'malaysia', 'menjaga', 'rakyatnya', 'dgn', 'pemberian', 'pelbagai', 'insentif', 'dsaat', 'pelaksanaan', 'pkp', 'berikutan', 'penularan', 'wabak', 'covidbaca', 'komen', 'warga', 'indonesia', 'di', 'ruang', 'komen', 'youtube'];['terkejutkami', 'terkanjat', 'je', 'warga', 'indonesia', 'terkejut', 'dengan', 'tindakan', 'pemerintah', 'malaysia', 'menjaga', 'rakyatnya', 'dengan', 'pemberian', 'pelbagai', 'insentif', 'dsaat', 'pelaksanaan', 'pkp', 'berikutan', 'penularan', 'wabak', 'covidbaca', 'komen', 'warga', 'indonesia', 'di', 'ruang', 'komen', 'youtube'];['terkejutkami', 'terkanjat', 'je', 'warga', 'indonesia', 'terkejut', 'tindakan', 'pemerintah', 'malaysia', 'menjaga', 'rakyatnya', 'pemberian', 'pelbagai', 'insentif', 'dsaat', 'pelaksanaan', 'pkp', 'berikutan', 'penularan', 'wabak', 'covidbaca', 'komen', 'warga', 'indonesia', 'ruang', 'komen', 'youtube'];terkejutkami terkanjat je warga indonesia terkejut tindakan pemerintah malaysia menjaga rakyatnya pemberian pelbagai insentif dsaat pelaksanaan pkp berikutan penularan wabak covidbaca komen warga indonesia ruang komen youtube;terkejutkami terkanjat je warga indonesia kejut tindak perintah malaysia jaga rakyat beri pelbagai insentif dsaat laksana pkp ikut tular wabak covidbaca komen warga indonesia ruang komen youtube
65;Sugeng ambal Warso...  kita bahgia saat ini adalah covid segera teratasi dan semua bisa melakukan kegiatan seperti biasa...;1.0;sugeng ambal warso bahgia covid atas giat;sugeng ambal warso kita bahgia saat ini adalah covid segera teratasi dan semua bisa melakukan kegiatan seperti biasa;['sugeng', 'ambal', 'warso', 'kita', 'bahgia', 'saat', 'ini', 'adalah', 'covid', 'segera', 'teratasi', 'dan', 'semua', 'bisa', 'melakukan', 'kegiatan', 'seperti', 'biasa'];['sugeng', 'ambal', 'warso', 'kita', 'bahgia', 'saat', 'ini', 'adalah', 'covid', 'segera', 'teratasi', 'dan', 'semua', 'bisa', 'melakukan', 'kegiatan', 'seperti', 'biasa'];['sugeng', 'ambal', 'warso', 'bahgia', 'covid', 'teratasi', 'kegiatan'];sugeng ambal warso bahgia covid teratasi kegiatan;sugeng ambal warso bahgia covid atas giat
66;Tinggal jawab : Covid 18 emak belum lahir Dek, jadi emak gak tau. Emak kan waktu itu masih jadi hawa nafsu.;-1.0;tinggal covid emak lahir dek emak tau emak hawa nafsu;tinggal jawab covid emak belum lahir dek jadi emak gak tau emak kan waktu itu masih jadi hawa nafsu;['tinggal', 'jawab', 'covid', 'emak', 'belum', 'lahir', 'dek', 'jadi', 'emak', 'gak', 'tau', 'emak', 'kan', 'waktu', 'itu', 'masih', 'jadi', 'hawa', 'nafsu'];['tinggal', 'jawab', 'covid', 'emak', 'belum', 'lahir', 'dek', 'jadi', 'emak', 'tidak', 'tau', 'emak', 'kan', 'waktu', 'itu', 'masih', 'jadi', 'hawa', 'nafsu'];['tinggal', 'covid', 'emak', 'lahir', 'dek', 'emak', 'tau', 'emak', 'hawa', 'nafsu'];tinggal covid emak lahir dek emak tau emak hawa nafsu;tinggal covid emak lahir dek emak tau emak hawa nafsu
67;Bakal susah keknya memutus mata rantai COVID-19 di Indonesia. Selain tentang budaya masyarakat yang mayoritas belanja ke pasar tradisional, masih banyak juga yang keluar rumah cuma mau ngereceh.;0.0;susah kek putus mata rantai covid indonesia budaya masyarakat mayoritas belanja pasar tradisional rumah ngereceh;bakal susah keknya memutus mata rantai covid di indonesia selain tentang budaya masyarakat yang mayoritas belanja ke pasar tradisional masih banyak juga yang keluar rumah cuma mau ngereceh;['bakal', 'susah', 'keknya', 'memutus', 'mata', 'rantai', 'covid', 'di', 'indonesia', 'selain', 'tentang', 'budaya', 'masyarakat', 'yang', 'mayoritas', 'belanja', 'ke', 'pasar', 'tradisional', 'masih', 'banyak', 'juga', 'yang', 'keluar', 'rumah', 'cuma', 'mau', 'ngereceh'];['bakal', 'susah', 'keknya', 'memutus', 'mata', 'rantai', 'covid', 'di', 'indonesia', 'selain', 'tentang', 'budaya', 'masyarakat', 'yang', 'mayoritas', 'belanja', 'ke', 'pasar', 'tradisional', 'masih', 'banyak', 'juga', 'yang', 'keluar', 'rumah', 'cuma', 'mau', 'ngereceh'];['susah', 'keknya', 'memutus', 'mata', 'rantai', 'covid', 'indonesia', 'budaya', 'masyarakat', 'mayoritas', 'belanja', 'pasar', 'tradisional', 'rumah', 'ngereceh'];susah keknya memutus mata rantai covid indonesia budaya masyarakat mayoritas belanja pasar tradisional rumah ngereceh;susah kek putus mata rantai covid indonesia budaya masyarakat mayoritas belanja pasar tradisional rumah ngereceh
68;4. Langkah yg dapat di ambil pemerintah dalam mengatasi dampak Covid-19 terhadap Kerjasama Internasional  Jawab :v1. Pengumpulan data kesakitan dan kematian penduduk. 2. Pemeriksaan klinis, fisik, laboratorium dan penegakan diagnosis;1.0;langkah ambil perintah atas dampak covid kerjasama internasional v kumpul data sakit mati duduk periksa klinis fisik laboratorium tega diagnosis;langkah yg dapat di ambil pemerintah dalam mengatasi dampak covid terhadap kerjasama internasional jawab v pengumpulan data kesakitan dan kematian penduduk pemeriksaan klinis fisik laboratorium dan penegakan diagnosis;['langkah', 'yg', 'dapat', 'di', 'ambil', 'pemerintah', 'dalam', 'mengatasi', 'dampak', 'covid', 'terhadap', 'kerjasama', 'internasional', 'jawab', 'v', 'pengumpulan', 'data', 'kesakitan', 'dan', 'kematian', 'penduduk', 'pemeriksaan', 'klinis', 'fisik', 'laboratorium', 'dan', 'penegakan', 'diagnosis'];['langkah', 'yang', 'dapat', 'di', 'ambil', 'pemerintah', 'dalam', 'mengatasi', 'dampak', 'covid', 'terhadap', 'kerjasama', 'internasional', 'jawab', 'v', 'pengumpulan', 'data', 'kesakitan', 'dan', 'kematian', 'penduduk', 'pemeriksaan', 'klinis', 'fisik', 'laboratorium', 'dan', 'penegakan', 'diagnosis'];['langkah', 'ambil', 'pemerintah', 'mengatasi', 'dampak', 'covid', 'kerjasama', 'internasional', 'v', 'pengumpulan', 'data', 'kesakitan', 'kematian', 'penduduk', 'pemeriksaan', 'klinis', 'fisik', 'laboratorium', 'penegakan', 'diagnosis'];langkah ambil pemerintah mengatasi dampak covid kerjasama internasional v pengumpulan data kesakitan kematian penduduk pemeriksaan klinis fisik laboratorium penegakan diagnosis;langkah ambil perintah atas dampak covid kerjasama internasional v kumpul data sakit mati duduk periksa klinis fisik laboratorium tega diagnosis
69;Kurangkan risiko awda terhadap jangkitan virus COVID-19;1.0;kurang risiko awda jangkit virus covid;kurangkan risiko awda terhadap jangkitan virus covid;['kurangkan', 'risiko', 'awda', 'terhadap', 'jangkitan', 'virus', 'covid'];['kurangkan', 'risiko', 'awda', 'terhadap', 'jangkitan', 'virus', 'covid'];['kurangkan', 'risiko', 'awda', 'jangkitan', 'virus', 'covid'];kurangkan risiko awda jangkitan virus covid;kurang risiko awda jangkit virus covid
70;Ini Tips Ilmuwan Cara Tingkatkan Kekebalan Tubuh, Mari Bersama Kita Lawan Covid-19 Sistem ketahanan tubuh adalah mekanisme yang efektif untuk menjaga tubuh dari serangan penyakit. via;1.0;tips ilmuwan tingkat kebal tubuh mari lawan covid sistem tahan tubuh mekanisme efektif jaga tubuh serang sakit via;ini tips ilmuwan cara tingkatkan kekebalan tubuh mari bersama kita lawan covid sistem ketahanan tubuh adalah mekanisme yang efektif untuk menjaga tubuh dari serangan penyakit via;['ini', 'tips', 'ilmuwan', 'cara', 'tingkatkan', 'kekebalan', 'tubuh', 'mari', 'bersama', 'kita', 'lawan', 'covid', 'sistem', 'ketahanan', 'tubuh', 'adalah', 'mekanisme', 'yang', 'efektif', 'untuk', 'menjaga', 'tubuh', 'dari', 'serangan', 'penyakit', 'via'];['ini', 'tips', 'ilmuwan', 'cara', 'tingkatkan', 'kekebalan', 'tubuh', 'mari', 'bersama', 'kita', 'lawan', 'covid', 'sistem', 'ketahanan', 'tubuh', 'adalah', 'mekanisme', 'yang', 'efektif', 'untuk', 'menjaga', 'tubuh', 'dari', 'serangan', 'penyakit', 'via'];['tips', 'ilmuwan', 'tingkatkan', 'kekebalan', 'tubuh', 'mari', 'lawan', 'covid', 'sistem', 'ketahanan', 'tubuh', 'mekanisme', 'efektif', 'menjaga', 'tubuh', 'serangan', 'penyakit', 'via'];tips ilmuwan tingkatkan kekebalan tubuh mari lawan covid sistem ketahanan tubuh mekanisme efektif menjaga tubuh serangan penyakit via;tips ilmuwan tingkat kebal tubuh mari lawan covid sistem tahan tubuh mekanisme efektif jaga tubuh serang sakit via
71;Selamat memperingati Jumat Agung. Selamat memaknai arti pengorbanan-Nya yang sesungguhnya demi cinta kasih. Di masa kini, pengorbanan kita untuk melawan Covid-19 juga pasti berbuah baik, sama seperti datangnya Paskah di kemudian hari.Happy Good Friday!;1.0;selamat ingat jumat agung selamat makna arti korban sungguh cinta kasih korban lawan covid buah datang paskah harihappy good friday;selamat memperingati jumat agung selamat memaknai arti pengorbanannya yang sesungguhnya demi cinta kasih di masa kini pengorbanan kita untuk melawan covid juga pasti berbuah baik sama seperti datangnya paskah di kemudian harihappy good friday;['selamat', 'memperingati', 'jumat', 'agung', 'selamat', 'memaknai', 'arti', 'pengorbanannya', 'yang', 'sesungguhnya', 'demi', 'cinta', 'kasih', 'di', 'masa', 'kini', 'pengorbanan', 'kita', 'untuk', 'melawan', 'covid', 'juga', 'pasti', 'berbuah', 'baik', 'sama', 'seperti', 'datangnya', 'paskah', 'di', 'kemudian', 'harihappy', 'good', 'friday'];['selamat', 'memperingati', 'jumat', 'agung', 'selamat', 'memaknai', 'arti', 'pengorbanannya', 'yang', 'sesungguhnya', 'demi', 'cinta', 'kasih', 'di', 'masa', 'kini', 'pengorbanan', 'kita', 'untuk', 'melawan', 'covid', 'juga', 'pasti', 'berbuah', 'baik', 'sama', 'seperti', 'datangnya', 'paskah', 'di', 'kemudian', 'harihappy', 'good', 'friday'];['selamat', 'memperingati', 'jumat', 'agung', 'selamat', 'memaknai', 'arti', 'pengorbanannya', 'sesungguhnya', 'cinta', 'kasih', 'pengorbanan', 'melawan', 'covid', 'berbuah', 'datangnya', 'paskah', 'harihappy', 'good', 'friday'];selamat memperingati jumat agung selamat memaknai arti pengorbanannya sesungguhnya cinta kasih pengorbanan melawan covid berbuah datangnya paskah harihappy good friday;selamat ingat jumat agung selamat makna arti korban sungguh cinta kasih korban lawan covid buah datang paskah harihappy good friday
72;Pandemi Covid-19, Mendikbud: Dana BOS Bisa Digunakan Membeli Kuota Internet Siswa;1.0;pandemi covid mendikbud dana bos beli kuota internet siswa;pandemi covid mendikbud dana bos bisa digunakan membeli kuota internet siswa;['pandemi', 'covid', 'mendikbud', 'dana', 'bos', 'bisa', 'digunakan', 'membeli', 'kuota', 'internet', 'siswa'];['pandemi', 'covid', 'mendikbud', 'dana', 'bos', 'bisa', 'digunakan', 'membeli', 'kuota', 'internet', 'siswa'];['pandemi', 'covid', 'mendikbud', 'dana', 'bos', 'membeli', 'kuota', 'internet', 'siswa'];pandemi covid mendikbud dana bos membeli kuota internet siswa;pandemi covid mendikbud dana bos beli kuota internet siswa
73;Semoga diberikan kesehatan jasmani n rohani, ya dok. Dan semoga kita semua selalu dalam Lindungan ALLAH SWT agar terhindar dari fitnah dajjal. Aamiin Mulut senantiasa selalu berdzikir, insyaALLAH bs mjdi tameng virus covid-19 selain ikhtiar.;1.0;moga sehat jasmani rohani iya dok moga lindung allah swt hindar fitnah dajjal moga mulut senantiasa berdzikir insyaallah mjdi tameng virus covid ikhtiar;semoga diberikan kesehatan jasmani n rohani ya dok dan semoga kita semua selalu dalam lindungan allah swt agar terhindar dari fitnah dajjal aamiin mulut senantiasa selalu berdzikir insyaallah bs mjdi tameng virus covid selain ikhtiar;['semoga', 'diberikan', 'kesehatan', 'jasmani', 'n', 'rohani', 'ya', 'dok', 'dan', 'semoga', 'kita', 'semua', 'selalu', 'dalam', 'lindungan', 'allah', 'swt', 'agar', 'terhindar', 'dari', 'fitnah', 'dajjal', 'aamiin', 'mulut', 'senantiasa', 'selalu', 'berdzikir', 'insyaallah', 'bs', 'mjdi', 'tameng', 'virus', 'covid', 'selain', 'ikhtiar'];['semoga', 'diberikan', 'kesehatan', 'jasmani', 'dan', 'rohani', 'iya', 'dok', 'dan', 'semoga', 'kita', 'semua', 'selalu', 'dalam', 'lindungan', 'allah', 'swt', 'agar', 'terhindar', 'dari', 'fitnah', 'dajjal', 'semoga', 'mulut', 'senantiasa', 'selalu', 'berdzikir', 'insyaallah', 'bisa', 'mjdi', 'tameng', 'virus', 'covid', 'selain', 'ikhtiar'];['semoga', 'kesehatan', 'jasmani', 'rohani', 'iya', 'dok', 'semoga', 'lindungan', 'allah', 'swt', 'terhindar', 'fitnah', 'dajjal', 'semoga', 'mulut', 'senantiasa', 'berdzikir', 'insyaallah', 'mjdi', 'tameng', 'virus', 'covid', 'ikhtiar'];semoga kesehatan jasmani rohani iya dok semoga lindungan allah swt terhindar fitnah dajjal semoga mulut senantiasa berdzikir insyaallah mjdi tameng virus covid ikhtiar;moga sehat jasmani rohani iya dok moga lindung allah swt hindar fitnah dajjal moga mulut senantiasa berdzikir insyaallah mjdi tameng virus covid ikhtiar
74;30.000 Lebih Narapidana Bebas di Tengah Wabah Covid-19, Termasuk Koruptor??? | Serba-serbi MMC;-1.0;narapidana bebas wabah covid koruptor serbaserbi mmc;lebih narapidana bebas di tengah wabah covid termasuk koruptor serbaserbi mmc;['lebih', 'narapidana', 'bebas', 'di', 'tengah', 'wabah', 'covid', 'termasuk', 'koruptor', 'serbaserbi', 'mmc'];['lebih', 'narapidana', 'bebas', 'di', 'tengah', 'wabah', 'covid', 'termasuk', 'koruptor', 'serbaserbi', 'mmc'];['narapidana', 'bebas', 'wabah', 'covid', 'koruptor', 'serbaserbi', 'mmc'];narapidana bebas wabah covid koruptor serbaserbi mmc;narapidana bebas wabah covid koruptor serbaserbi mmc
75;Semoga segera diberi kesembuhan & jgn coba2 lg menulis corona tentara Allah. Virus tdk mengenal sara. Marilah berdoa spy wabah ini segera berakhir. Amiiin ;1.0;moga sembuh coba lg tulis corona tentara allah virus kenal sara mari doa spy wabah amiiin;semoga segera diberi kesembuhan jgn coba lg menulis corona tentara allah virus tdk mengenal sara marilah berdoa spy wabah ini segera berakhir amiiin;['semoga', 'segera', 'diberi', 'kesembuhan', 'jgn', 'coba', 'lg', 'menulis', 'corona', 'tentara', 'allah', 'virus', 'tdk', 'mengenal', 'sara', 'marilah', 'berdoa', 'spy', 'wabah', 'ini', 'segera', 'berakhir', 'amiiin'];['semoga', 'segera', 'diberi', 'kesembuhan', 'jangan', 'coba', 'lg', 'menulis', 'corona', 'tentara', 'allah', 'virus', 'tidak', 'mengenal', 'sara', 'marilah', 'berdoa', 'spy', 'wabah', 'ini', 'segera', 'berakhir', 'amiiin'];['semoga', 'kesembuhan', 'coba', 'lg', 'menulis', 'corona', 'tentara', 'allah', 'virus', 'mengenal', 'sara', 'marilah', 'berdoa', 'spy', 'wabah', 'amiiin'];semoga kesembuhan coba lg menulis corona tentara allah virus mengenal sara marilah berdoa spy wabah amiiin;moga sembuh coba lg tulis corona tentara allah virus kenal sara mari doa spy wabah amiiin
76;Kalo emang kehati hatian bisa mencegah corona..mungkin pangeran Charles tidak akan terpapar covid 19, krn hidupnya paling hati2 dan terjaga.;1.0;hati hati cegah coronamungkin pangeran charles papar covid hidup hati jaga;kalo emang kehati hatian bisa mencegah coronamungkin pangeran charles tidak akan terpapar covid krn hidupnya paling hati dan terjaga;['kalo', 'emang', 'kehati', 'hatian', 'bisa', 'mencegah', 'coronamungkin', 'pangeran', 'charles', 'tidak', 'akan', 'terpapar', 'covid', 'krn', 'hidupnya', 'paling', 'hati', 'dan', 'terjaga'];['kalau', 'memang', 'kehati', 'hatian', 'bisa', 'mencegah', 'coronamungkin', 'pangeran', 'charles', 'tidak', 'akan', 'terpapar', 'covid', 'karena', 'hidupnya', 'paling', 'hati', 'dan', 'terjaga'];['kehati', 'hatian', 'mencegah', 'coronamungkin', 'pangeran', 'charles', 'terpapar', 'covid', 'hidupnya', 'hati', 'terjaga'];kehati hatian mencegah coronamungkin pangeran charles terpapar covid hidupnya hati terjaga;hati hati cegah coronamungkin pangeran charles papar covid hidup hati jaga
77;gejala covid;0.0;gejala covid;gejala covid;['gejala', 'covid'];['gejala', 'covid'];['gejala', 'covid'];gejala covid;gejala covid
78;Kemarin yakin sekali kedepan akan seperti ini dan itu, taunya wabah covid 19 merubah semuannya. Sekarang doannya samal allah mintannya dirahmati dan dilindungi dimudahkan serta menjadi orang yang beruntung. Jangan sok kuat bro.. kita diatur jangan sok2 mengatur. ;-1.0;kemarin depan tau wabah covid rubah semu doannya samal allah mintannya rahmat lindung mudah orang untung sok kuat kakak atur sok atur;kemarin yakin sekali kedepan akan seperti ini dan itu taunya wabah covid merubah semuannya sekarang doannya samal allah mintannya dirahmati dan dilindungi dimudahkan serta menjadi orang yang beruntung jangan sok kuat bro kita diatur jangan sok mengatur;['kemarin', 'yakin', 'sekali', 'kedepan', 'akan', 'seperti', 'ini', 'dan', 'itu', 'taunya', 'wabah', 'covid', 'merubah', 'semuannya', 'sekarang', 'doannya', 'samal', 'allah', 'mintannya', 'dirahmati', 'dan', 'dilindungi', 'dimudahkan', 'serta', 'menjadi', 'orang', 'yang', 'beruntung', 'jangan', 'sok', 'kuat', 'bro', 'kita', 'diatur', 'jangan', 'sok', 'mengatur'];['kemarin', 'yakin', 'sekali', 'kedepan', 'akan', 'seperti', 'ini', 'dan', 'itu', 'taunya', 'wabah', 'covid', 'merubah', 'semuannya', 'sekarang', 'doannya', 'samal', 'allah', 'mintannya', 'dirahmati', 'dan', 'dilindungi', 'dimudahkan', 'serta', 'menjadi', 'orang', 'yang', 'beruntung', 'jangan', 'sok', 'kuat', 'kakak', 'kita', 'diatur', 'jangan', 'sok', 'mengatur'];['kemarin', 'kedepan', 'taunya', 'wabah', 'covid', 'merubah', 'semuannya', 'doannya', 'samal', 'allah', 'mintannya', 'dirahmati', 'dilindungi', 'dimudahkan', 'orang', 'beruntung', 'sok', 'kuat', 'kakak', 'diatur', 'sok', 'mengatur'];kemarin kedepan taunya wabah covid merubah semuannya doannya samal allah mintannya dirahmati dilindungi dimudahkan orang beruntung sok kuat kakak diatur sok mengatur;kemarin depan tau wabah covid rubah semu doannya samal allah mintannya rahmat lindung mudah orang untung sok kuat kakak atur sok atur
80;Covid i oleh renang ra to;-1.0;covid i renang ra to;covid i oleh renang ra to;['covid', 'i', 'oleh', 'renang', 'ra', 'to'];['covid', 'i', 'oleh', 'renang', 'ra', 'to'];['covid', 'i', 'renang', 'ra', 'to'];covid i renang ra to;covid i renang ra to
81;Bapak Anies dong...karena beliau dan jajarannya yang dari awal konsisten melawan covid 19.hanya saja di jegal oleh pusat..;1.0;anies dongkarena beliau jajar konsisten lawan covid jegal pusat;bapak anies dongkarena beliau dan jajarannya yang dari awal konsisten melawan covid hanya saja di jegal oleh pusat;['bapak', 'anies', 'dongkarena', 'beliau', 'dan', 'jajarannya', 'yang', 'dari', 'awal', 'konsisten', 'melawan', 'covid', 'hanya', 'saja', 'di', 'jegal', 'oleh', 'pusat'];['bapak', 'anies', 'dongkarena', 'beliau', 'dan', 'jajarannya', 'yang', 'dari', 'awal', 'konsisten', 'melawan', 'covid', 'hanya', 'saja', 'di', 'jegal', 'oleh', 'pusat'];['anies', 'dongkarena', 'beliau', 'jajarannya', 'konsisten', 'melawan', 'covid', 'jegal', 'pusat'];anies dongkarena beliau jajarannya konsisten melawan covid jegal pusat;anies dongkarena beliau jajar konsisten lawan covid jegal pusat
82;Disebabkan pandemik COVID-19, penjarakan sosial perlu menjadi norma baharu sekurang2nya untuk satu tempoh waktu tertentu. Untuk tahun ini, sekurang2nya perlu ada kawalan, pemantauan atau mungkin batalkan perhimpunan sama ada perhimpunan Ramadan, Aidilfitri atau Haji;1.0;sebab pandemik covid penjara sosial norma baharu tempoh kawal pantau batal himpun himpun ramadan aidilfitri haji;disebabkan pandemik covid penjarakan sosial perlu menjadi norma baharu sekurangnya untuk satu tempoh waktu tertentu untuk tahun ini sekurangnya perlu ada kawalan pemantauan atau mungkin batalkan perhimpunan sama ada perhimpunan ramadan aidilfitri atau haji;['disebabkan', 'pandemik', 'covid', 'penjarakan', 'sosial', 'perlu', 'menjadi', 'norma', 'baharu', 'sekurangnya', 'untuk', 'satu', 'tempoh', 'waktu', 'tertentu', 'untuk', 'tahun', 'ini', 'sekurangnya', 'perlu', 'ada', 'kawalan', 'pemantauan', 'atau', 'mungkin', 'batalkan', 'perhimpunan', 'sama', 'ada', 'perhimpunan', 'ramadan', 'aidilfitri', 'atau', 'haji'];['disebabkan', 'pandemik', 'covid', 'penjarakan', 'sosial', 'perlu', 'menjadi', 'norma', 'baharu', 'sekurangnya', 'untuk', 'satu', 'tempoh', 'waktu', 'tertentu', 'untuk', 'tahun', 'ini', 'sekurangnya', 'perlu', 'ada', 'kawalan', 'pemantauan', 'atau', 'mungkin', 'batalkan', 'perhimpunan', 'sama', 'ada', 'perhimpunan', 'ramadan', 'aidilfitri', 'atau', 'haji'];['disebabkan', 'pandemik', 'covid', 'penjarakan', 'sosial', 'norma', 'baharu', 'tempoh', 'kawalan', 'pemantauan', 'batalkan', 'perhimpunan', 'perhimpunan', 'ramadan', 'aidilfitri', 'haji'];disebabkan pandemik covid penjarakan sosial norma baharu tempoh kawalan pemantauan batalkan perhimpunan perhimpunan ramadan aidilfitri haji;sebab pandemik covid penjara sosial norma baharu tempoh kawal pantau batal himpun himpun ramadan aidilfitri haji
83;San Bernardino County: COVID-19 Data:;0.0;san bernardino county covid data;san bernardino county covid data;['san', 'bernardino', 'county', 'covid', 'data'];['san', 'bernardino', 'county', 'covid', 'data'];['san', 'bernardino', 'county', 'covid', 'data'];san bernardino county covid data;san bernardino county covid data
84;DPR RI Bentuk Timwas Covid-19;1.0;dpr bentuk timwas covid;dpr ri bentuk timwas covid;['dpr', 'ri', 'bentuk', 'timwas', 'covid'];['dpr', 'di', 'bentuk', 'timwas', 'covid'];['dpr', 'bentuk', 'timwas', 'covid'];dpr bentuk timwas covid;dpr bentuk timwas covid
85;Emang serba salah mas. Nggak konpers juga nnti dikira nggak ada transparansi dalam menanggulangi pandemi covid-19 ini.;0.0;serba salah mas nggak konpers nggak transparansi tanggulang pandemi covid;emang serba salah mas nggak konpers juga nnti dikira nggak ada transparansi dalam menanggulangi pandemi covid ini;['emang', 'serba', 'salah', 'mas', 'nggak', 'konpers', 'juga', 'nnti', 'dikira', 'nggak', 'ada', 'transparansi', 'dalam', 'menanggulangi', 'pandemi', 'covid', 'ini'];['memang', 'serba', 'salah', 'mas', 'nggak', 'konpers', 'juga', 'nanti', 'dikira', 'nggak', 'ada', 'transparansi', 'dalam', 'menanggulangi', 'pandemi', 'covid', 'ini'];['serba', 'salah', 'mas', 'nggak', 'konpers', 'nggak', 'transparansi', 'menanggulangi', 'pandemi', 'covid'];serba salah mas nggak konpers nggak transparansi menanggulangi pandemi covid;serba salah mas nggak konpers nggak transparansi tanggulang pandemi covid
87;Sehat selalu ya ustadz...semoga Allah SWT selalu melindungi Anda dan keluarga.Begitulah faktanya ustadz.....dana pendidikan di pakai buat penanganan covid 19...jelas2 dana gak ada tp sok2 masih mau pindah ibu kota.....mirissss;-1.0;sehat iya ustadzsemoga allah swt lindung keluargabegitulah fakta ustadzdana didik pakai tangan covid dana sok pindah kotamirissss;sehat selalu ya ustadzsemoga allah swt selalu melindungi anda dan keluargabegitulah faktanya ustadzdana pendidikan di pakai buat penanganan covid jelas dana gak ada tp sok masih mau pindah ibu kotamirissss;['sehat', 'selalu', 'ya', 'ustadzsemoga', 'allah', 'swt', 'selalu', 'melindungi', 'anda', 'dan', 'keluargabegitulah', 'faktanya', 'ustadzdana', 'pendidikan', 'di', 'pakai', 'buat', 'penanganan', 'covid', 'jelas', 'dana', 'gak', 'ada', 'tp', 'sok', 'masih', 'mau', 'pindah', 'ibu', 'kotamirissss'];['sehat', 'selalu', 'iya', 'ustadzsemoga', 'allah', 'swt', 'selalu', 'melindungi', 'anda', 'dan', 'keluargabegitulah', 'faktanya', 'ustadzdana', 'pendidikan', 'di', 'pakai', 'buat', 'penanganan', 'covid', 'jelas', 'dana', 'tidak', 'ada', 'tapi', 'sok', 'masih', 'mau', 'pindah', 'ibu', 'kotamirissss'];['sehat', 'iya', 'ustadzsemoga', 'allah', 'swt', 'melindungi', 'keluargabegitulah', 'faktanya', 'ustadzdana', 'pendidikan', 'pakai', 'penanganan', 'covid', 'dana', 'sok', 'pindah', 'kotamirissss'];sehat iya ustadzsemoga allah swt melindungi keluargabegitulah faktanya ustadzdana pendidikan pakai penanganan covid dana sok pindah kotamirissss;sehat iya ustadzsemoga allah swt lindung keluargabegitulah fakta ustadzdana didik pakai tangan covid dana sok pindah kotamirissss
88;BAZNAS Buka Donasi Covid-19 Lewat Smart Shadaqah BNI Syariah -;1.0;baznas buka donasi covid smashadaqah bni syariah;baznas buka donasi covid lewat smashadaqah bni syariah;['baznas', 'buka', 'donasi', 'covid', 'lewat', 'smashadaqah', 'bni', 'syariah'];['baznas', 'buka', 'donasi', 'covid', 'lewat', 'smashadaqah', 'bni', 'syariah'];['baznas', 'buka', 'donasi', 'covid', 'smashadaqah', 'bni', 'syariah'];baznas buka donasi covid smashadaqah bni syariah;baznas buka donasi covid smashadaqah bni syariah
89;Lagi bayangin IJAZAH gw bsk ada lambang COVID-19 nya;0.0;bayang ijazah bsk lambang covid nya;lagi bayangin ijazah gw bsk ada lambang covid nya;['lagi', 'bayangin', 'ijazah', 'gw', 'bsk', 'ada', 'lambang', 'covid', 'nya'];['lagi', 'bayangkan', 'ijazah', 'saya', 'bsk', 'ada', 'lambang', 'covid', 'nya'];['bayangkan', 'ijazah', 'bsk', 'lambang', 'covid', 'nya'];bayangkan ijazah bsk lambang covid nya;bayang ijazah bsk lambang covid nya
90;Mangtanku besok akad, ciyee menikah ditengah pandemi covid-19 ciyee;-1.0;mangtanku besok akad ciyee meni tengah pandemi covid ciyee;mangtanku besok akad ciyee menikah ditengah pandemi covid ciyee;['mangtanku', 'besok', 'akad', 'ciyee', 'menikah', 'ditengah', 'pandemi', 'covid', 'ciyee'];['mangtanku', 'besok', 'akad', 'ciyee', 'menikah', 'ditengah', 'pandemi', 'covid', 'ciyee'];['mangtanku', 'besok', 'akad', 'ciyee', 'menikah', 'ditengah', 'pandemi', 'covid', 'ciyee'];mangtanku besok akad ciyee menikah ditengah pandemi covid ciyee;mangtanku besok akad ciyee meni tengah pandemi covid ciyee
91;Ini adalah wujud cinta kasih dan duka kami warga Maluku atas meninggalnya salah satu putra terbaik Maluku, Kaka tercinta Kami menyadari bahwa virus covid-19 ada dimanadan mengancam kami, tp ketakutan itu terkalahkan org rasa duka kami.Mohon jgn bully kami.;1.0;wujud cinta kasih duka warga malu tinggal salah putra baik malu kaka cinta sadar virus covid dimanadan ancam takut kalah orang duka kamimohon bully;ini adalah wujud cinta kasih dan duka kami warga maluku atas meninggalnya salah satu putra terbaik maluku kaka tercinta kami menyadari bahwa virus covid ada dimanadan mengancam kami tp ketakutan itu terkalahkan org rasa duka kamimohon jgn bully kami;['ini', 'adalah', 'wujud', 'cinta', 'kasih', 'dan', 'duka', 'kami', 'warga', 'maluku', 'atas', 'meninggalnya', 'salah', 'satu', 'putra', 'terbaik', 'maluku', 'kaka', 'tercinta', 'kami', 'menyadari', 'bahwa', 'virus', 'covid', 'ada', 'dimanadan', 'mengancam', 'kami', 'tp', 'ketakutan', 'itu', 'terkalahkan', 'org', 'rasa', 'duka', 'kamimohon', 'jgn', 'bully', 'kami'];['ini', 'adalah', 'wujud', 'cinta', 'kasih', 'dan', 'duka', 'kami', 'warga', 'maluku', 'atas', 'meninggalnya', 'salah', 'satu', 'putra', 'terbaik', 'maluku', 'kaka', 'tercinta', 'kami', 'menyadari', 'bahwa', 'virus', 'covid', 'ada', 'dimanadan', 'mengancam', 'kami', 'tapi', 'ketakutan', 'itu', 'terkalahkan', 'orang', 'rasa', 'duka', 'kamimohon', 'jangan', 'bully', 'kami'];['wujud', 'cinta', 'kasih', 'duka', 'warga', 'maluku', 'meninggalnya', 'salah', 'putra', 'terbaik', 'maluku', 'kaka', 'tercinta', 'menyadari', 'virus', 'covid', 'dimanadan', 'mengancam', 'ketakutan', 'terkalahkan', 'orang', 'duka', 'kamimohon', 'bully'];wujud cinta kasih duka warga maluku meninggalnya salah putra terbaik maluku kaka tercinta menyadari virus covid dimanadan mengancam ketakutan terkalahkan orang duka kamimohon bully;wujud cinta kasih duka warga malu tinggal salah putra baik malu kaka cinta sadar virus covid dimanadan ancam takut kalah orang duka kamimohon bully
92;Jawaban paling Wow.. udah bikin apa anda buat penanggulangan covid? Wisma atlit masih butuh relawan ikut yuuu sayang;1.0;wow tanggulang covid wisma atlit butuh rawan yuuu sayang;jawaban paling wow udah bikin apa anda buat penanggulangan covid wisma atlit masih butuh relawan ikut yuuu sayang;['jawaban', 'paling', 'wow', 'udah', 'bikin', 'apa', 'anda', 'buat', 'penanggulangan', 'covid', 'wisma', 'atlit', 'masih', 'butuh', 'relawan', 'ikut', 'yuuu', 'sayang'];['jawaban', 'paling', 'wow', 'sudah', 'membuat', 'apa', 'anda', 'buat', 'penanggulangan', 'covid', 'wisma', 'atlit', 'masih', 'butuh', 'relawan', 'ikut', 'yuuu', 'sayang'];['wow', 'penanggulangan', 'covid', 'wisma', 'atlit', 'butuh', 'relawan', 'yuuu', 'sayang'];wow penanggulangan covid wisma atlit butuh relawan yuuu sayang;wow tanggulang covid wisma atlit butuh rawan yuuu sayang
93;Demi kesehatan mental lu, baca berita covid sekali sehari aja, Dan apapun yg terjadi setelah lu baca gak usah hiraukan, skip aja udah untk hari esok atau lusa, karna itu gak baik buat lu;1.0;sehat mental baca berita covid hari apa baca hirau skip untk esok lusa;demi kesehatan mental lu baca berita covid sekali sehari aja dan apapun yg terjadi setelah lu baca gak usah hiraukan skip aja udah untk hari esok atau lusa karna itu gak baik buat lu;['demi', 'kesehatan', 'mental', 'lu', 'baca', 'berita', 'covid', 'sekali', 'sehari', 'aja', 'dan', 'apapun', 'yg', 'terjadi', 'setelah', 'lu', 'baca', 'gak', 'usah', 'hiraukan', 'skip', 'aja', 'udah', 'untk', 'hari', 'esok', 'atau', 'lusa', 'karna', 'itu', 'gak', 'baik', 'buat', 'lu'];['demi', 'kesehatan', 'mental', 'kamu', 'baca', 'berita', 'covid', 'sekali', 'sehari', 'saja', 'dan', 'apapun', 'yang', 'terjadi', 'setelah', 'kamu', 'baca', 'tidak', 'usah', 'hiraukan', 'skip', 'saja', 'sudah', 'untk', 'hari', 'esok', 'atau', 'lusa', 'karena', 'itu', 'tidak', 'baik', 'buat', 'kamu'];['kesehatan', 'mental', 'baca', 'berita', 'covid', 'sehari', 'apapun', 'baca', 'hiraukan', 'skip', 'untk', 'esok', 'lusa'];kesehatan mental baca berita covid sehari apapun baca hiraukan skip untk esok lusa;sehat mental baca berita covid hari apa baca hirau skip untk esok lusa
94;Covid-19 memiliki arti kata Co yakni corona, Vi yakni virus dan D yakni disease atau penyakit. Kemudian ditambahkan angka 19, yakni 2019 mewakili tahun Smg puas dgn jwban ini halo Luna ;1.0;covid milik arti co corona vi virus d disease sakit angka wakil moga puas jwban halo luna;covid memiliki arti kata co yakni corona vi yakni virus dan d yakni disease atau penyakit kemudian ditambahkan angka yakni mewakili tahun smg puas dgn jwban ini halo luna;['covid', 'memiliki', 'arti', 'kata', 'co', 'yakni', 'corona', 'vi', 'yakni', 'virus', 'dan', 'd', 'yakni', 'disease', 'atau', 'penyakit', 'kemudian', 'ditambahkan', 'angka', 'yakni', 'mewakili', 'tahun', 'smg', 'puas', 'dgn', 'jwban', 'ini', 'halo', 'luna'];['covid', 'memiliki', 'arti', 'kata', 'co', 'yakni', 'corona', 'vi', 'yakni', 'virus', 'dan', 'd', 'yakni', 'disease', 'atau', 'penyakit', 'kemudian', 'ditambahkan', 'angka', 'yakni', 'mewakili', 'tahun', 'semoga', 'puas', 'dengan', 'jwban', 'ini', 'halo', 'luna'];['covid', 'memiliki', 'arti', 'co', 'corona', 'vi', 'virus', 'd', 'disease', 'penyakit', 'angka', 'mewakili', 'semoga', 'puas', 'jwban', 'halo', 'luna'];covid memiliki arti co corona vi virus d disease penyakit angka mewakili semoga puas jwban halo luna;covid milik arti co corona vi virus d disease sakit angka wakil moga puas jwban halo luna
95;jalan - Membantu pihak berkuasa dalam menanggani penularan wabak Covid-19 Ft 12 sec 72.00 Ft 03 sec 210.00;0.0;jalan bantu kuasa menanggani tular wabak covid ft ft;jalan membantu pihak berkuasa dalam menanggani penularan wabak covid ft sec ft sec;['jalan', 'membantu', 'pihak', 'berkuasa', 'dalam', 'menanggani', 'penularan', 'wabak', 'covid', 'ft', 'sec', 'ft', 'sec'];['jalan', 'membantu', 'pihak', 'berkuasa', 'dalam', 'menanggani', 'penularan', 'wabak', 'covid', 'ft', 'secara', 'ft', 'secara'];['jalan', 'membantu', 'berkuasa', 'menanggani', 'penularan', 'wabak', 'covid', 'ft', 'ft'];jalan membantu berkuasa menanggani penularan wabak covid ft ft;jalan bantu kuasa menanggani tular wabak covid ft ft
96;Ini adalah contoh beberapa kondisi penerapan alat pengaman di Apotek agar meminimalisir penularan COVID-19.Bagaimana kondisi di apotek anda? Silahkan share dan tag medsos kami dengan hashtag;0.0;contoh kondisi terap alat kam apotek meminimalisir tular covidbagaimana kondisi apotek silah share tag medsos hashtag;ini adalah contoh beberapa kondisi penerapan alat pengaman di apotek agar meminimalisir penularan covidbagaimana kondisi di apotek anda silahkan share dan tag medsos kami dengan hashtag;['ini', 'adalah', 'contoh', 'beberapa', 'kondisi', 'penerapan', 'alat', 'pengaman', 'di', 'apotek', 'agar', 'meminimalisir', 'penularan', 'covidbagaimana', 'kondisi', 'di', 'apotek', 'anda', 'silahkan', 'share', 'dan', 'tag', 'medsos', 'kami', 'dengan', 'hashtag'];['ini', 'adalah', 'contoh', 'beberapa', 'kondisi', 'penerapan', 'alat', 'pengaman', 'di', 'apotek', 'agar', 'meminimalisir', 'penularan', 'covidbagaimana', 'kondisi', 'di', 'apotek', 'anda', 'silahkan', 'share', 'dan', 'tag', 'medsos', 'kami', 'dengan', 'hashtag'];['contoh', 'kondisi', 'penerapan', 'alat', 'pengaman', 'apotek', 'meminimalisir', 'penularan', 'covidbagaimana', 'kondisi', 'apotek', 'silahkan', 'share', 'tag', 'medsos', 'hashtag'];contoh kondisi penerapan alat pengaman apotek meminimalisir penularan covidbagaimana kondisi apotek silahkan share tag medsos hashtag;contoh kondisi terap alat kam apotek meminimalisir tular covidbagaimana kondisi apotek silah share tag medsos hashtag
97;Am Mrs. Lestari Abyasa dari Balikpapan. terima kasih kepada RIKA ANDERSON PINJAMAN yang memberikan saya pinjaman tanpa jaminan 100 juta dalam pandemi COVID-19 ini. Anda dapat menghubungi ibu WA +1 (323) 689-3663. Email:rikaandersonloancompany saya +6282235421239;-1.0;am mrs lestari abyasa balikpapan terima kasih rika anderson pinjam pinjam jamin juta pandemi covid hubung wa emailrikaandersonloancompany;am mrs lestari abyasa dari balikpapan terima kasih kepada rika anderson pinjaman yang memberikan saya pinjaman tanpa jaminan juta dalam pandemi covid ini anda dapat menghubungi ibu wa emailrikaandersonloancompany saya;['am', 'mrs', 'lestari', 'abyasa', 'dari', 'balikpapan', 'terima', 'kasih', 'kepada', 'rika', 'anderson', 'pinjaman', 'yang', 'memberikan', 'saya', 'pinjaman', 'tanpa', 'jaminan', 'juta', 'dalam', 'pandemi', 'covid', 'ini', 'anda', 'dapat', 'menghubungi', 'ibu', 'wa', 'emailrikaandersonloancompany', 'saya'];['am', 'mrs', 'lestari', 'abyasa', 'dari', 'balikpapan', 'terima', 'kasih', 'kepada', 'rika', 'anderson', 'pinjaman', 'yang', 'memberikan', 'saya', 'pinjaman', 'tanpa', 'jaminan', 'juta', 'dalam', 'pandemi', 'covid', 'ini', 'anda', 'dapat', 'menghubungi', 'ibu', 'wa', 'emailrikaandersonloancompany', 'saya'];['am', 'mrs', 'lestari', 'abyasa', 'balikpapan', 'terima', 'kasih', 'rika', 'anderson', 'pinjaman', 'pinjaman', 'jaminan', 'juta', 'pandemi', 'covid', 'menghubungi', 'wa', 'emailrikaandersonloancompany'];am mrs lestari abyasa balikpapan terima kasih rika anderson pinjaman pinjaman jaminan juta pandemi covid menghubungi wa emailrikaandersonloancompany;am mrs lestari abyasa balikpapan terima kasih rika anderson pinjam pinjam jamin juta pandemi covid hubung wa emailrikaandersonloancompany
98;Menunggu sampai wabah COVID-19 mereda. Sabar ya, karena keselamatan orang banyak lebih penting dari segalanya. ;1.0;tunggu wabah covid reda sabar iya selamat orang;menunggu sampai wabah covid mereda sabar ya karena keselamatan orang banyak lebih penting dari segalanya;['menunggu', 'sampai', 'wabah', 'covid', 'mereda', 'sabar', 'ya', 'karena', 'keselamatan', 'orang', 'banyak', 'lebih', 'penting', 'dari', 'segalanya'];['menunggu', 'sampai', 'wabah', 'covid', 'mereda', 'sabar', 'iya', 'karena', 'keselamatan', 'orang', 'banyak', 'lebih', 'penting', 'dari', 'segalanya'];['menunggu', 'wabah', 'covid', 'mereda', 'sabar', 'iya', 'keselamatan', 'orang'];menunggu wabah covid mereda sabar iya keselamatan orang;tunggu wabah covid reda sabar iya selamat orang
99;Para koruptor & kejahatan lain dibebaskan alasan krn pandemi covid-19;-1.0;koruptor jahat bebas alas pandemi covid;para koruptor kejahatan lain dibebaskan alasan krn pandemi covid;['para', 'koruptor', 'kejahatan', 'lain', 'dibebaskan', 'alasan', 'krn', 'pandemi', 'covid'];['para', 'koruptor', 'kejahatan', 'lain', 'dibebaskan', 'alasan', 'karena', 'pandemi', 'covid'];['koruptor', 'kejahatan', 'dibebaskan', 'alasan', 'pandemi', 'covid'];koruptor kejahatan dibebaskan alasan pandemi covid;koruptor jahat bebas alas pandemi covid
100;"7. Jgn lgi ada rasa angkuh, sombong,  & rasa besar serba bisa.Bukankh Virus Corona yg kecil &amp; tk tmpak mata itu tlah mndidik kita, bahwa tdk ada yg mampu mncegahnya jka Covid-19 ingin dtang mmpir?, dan Covid-19 tdk mngenal status sosial miskin atau kaya, tua atau muda pmbesar";1.0;angkuh sombong serba bisabukankh virus corona amp tingkat tmpak mata tlah mndidik mncegahnya jka covid dtang mmpir covid mngenal status sosial miskin kaya tua muda pmbesar;jgn lgi ada rasa angkuh sombong rasa besar serba bisabukankh virus corona yg kecil amp tk tmpak mata itu tlah mndidik kita bahwa tdk ada yg mampu mncegahnya jka covid ingin dtang mmpir dan covid tdk mngenal status sosial miskin atau kaya tua atau muda pmbesar;['jgn', 'lgi', 'ada', 'rasa', 'angkuh', 'sombong', 'rasa', 'besar', 'serba', 'bisabukankh', 'virus', 'corona', 'yg', 'kecil', 'amp', 'tk', 'tmpak', 'mata', 'itu', 'tlah', 'mndidik', 'kita', 'bahwa', 'tdk', 'ada', 'yg', 'mampu', 'mncegahnya', 'jka', 'covid', 'ingin', 'dtang', 'mmpir', 'dan', 'covid', 'tdk', 'mngenal', 'status', 'sosial', 'miskin', 'atau', 'kaya', 'tua', 'atau', 'muda', 'pmbesar'];['jangan', 'lagi', 'ada', 'rasa', 'angkuh', 'sombong', 'rasa', 'besar', 'serba', 'bisabukankh', 'virus', 'corona', 'yang', 'kecil', 'amp', 'tingkat', 'tmpak', 'mata', 'itu', 'tlah', 'mndidik', 'kita', 'bahwa', 'tidak', 'ada', 'yang', 'mampu', 'mncegahnya', 'jka', 'covid', 'ingin', 'dtang', 'mmpir', 'dan', 'covid', 'tidak', 'mngenal', 'status', 'sosial', 'miskin', 'atau', 'kaya', 'tua', 'atau', 'muda', 'pmbesar'];['angkuh', 'sombong', 'serba', 'bisabukankh', 'virus', 'corona', 'amp', 'tingkat', 'tmpak', 'mata', 'tlah', 'mndidik', 'mncegahnya', 'jka', 'covid', 'dtang', 'mmpir', 'covid', 'mngenal', 'status', 'sosial', 'miskin', 'kaya', 'tua', 'muda', 'pmbesar'];angkuh sombong serba bisabukankh virus corona amp tingkat tmpak mata tlah mndidik mncegahnya jka covid dtang mmpir covid mngenal status sosial miskin kaya tua muda pmbesar;angkuh sombong serba bisabukankh virus corona amp tingkat tmpak mata tlah mndidik mncegahnya jka covid dtang mmpir covid mngenal status sosial miskin kaya tua muda pmbesar
101;Sudah 12 Dinyatakan Covid-19 dari Klaster Umrah di Sidrap;0.0;nyata covid klaster umrah sidrap;sudah dinyatakan covid dari klaster umrah di sidrap;['sudah', 'dinyatakan', 'covid', 'dari', 'klaster', 'umrah', 'di', 'sidrap'];['sudah', 'dinyatakan', 'covid', 'dari', 'klaster', 'umrah', 'di', 'sidrap'];['dinyatakan', 'covid', 'klaster', 'umrah', 'sidrap'];dinyatakan covid klaster umrah sidrap;nyata covid klaster umrah sidrap
102;Ada beberapa Gubernur coba diframing dari pusat sbg dlm penangganan Covid 19. Framing ini dilakukan utk menenggelankan popularitas Gubernur yg dianggap lawan politik padahal sdh mati matian berjuang melawan Covid 19 di daerahnya.;-1.0;gubernur coba diframing pusat penangganan covid framing menenggelankan popularitas gubernur anggap lawan politik mati mati juang lawan covid daerah;ada beberapa gubernur coba diframing dari pusat sbg dlm penangganan covid framing ini dilakukan utk menenggelankan popularitas gubernur yg dianggap lawan politik padahal sdh mati matian berjuang melawan covid di daerahnya;['ada', 'beberapa', 'gubernur', 'coba', 'diframing', 'dari', 'pusat', 'sbg', 'dlm', 'penangganan', 'covid', 'framing', 'ini', 'dilakukan', 'utk', 'menenggelankan', 'popularitas', 'gubernur', 'yg', 'dianggap', 'lawan', 'politik', 'padahal', 'sdh', 'mati', 'matian', 'berjuang', 'melawan', 'covid', 'di', 'daerahnya'];['ada', 'beberapa', 'gubernur', 'coba', 'diframing', 'dari', 'pusat', 'sebagai', 'dalam', 'penangganan', 'covid', 'framing', 'ini', 'dilakukan', 'untuk', 'menenggelankan', 'popularitas', 'gubernur', 'yang', 'dianggap', 'lawan', 'politik', 'padahal', 'sudah', 'mati', 'matian', 'berjuang', 'melawan', 'covid', 'di', 'daerahnya'];['gubernur', 'coba', 'diframing', 'pusat', 'penangganan', 'covid', 'framing', 'menenggelankan', 'popularitas', 'gubernur', 'dianggap', 'lawan', 'politik', 'mati', 'matian', 'berjuang', 'melawan', 'covid', 'daerahnya'];gubernur coba diframing pusat penangganan covid framing menenggelankan popularitas gubernur dianggap lawan politik mati matian berjuang melawan covid daerahnya;gubernur coba diframing pusat penangganan covid framing menenggelankan popularitas gubernur anggap lawan politik mati mati juang lawan covid daerah
103;Lagi-lagi jenazah covid ditolak. Dia perawat yang meninggal grgr terpapar covid-19 ;-1.0;lagilagi jenazah covid tolak awat tinggal grgr papar covid;lagilagi jenazah covid ditolak dia perawat yang meninggal grgr terpapar covid;['lagilagi', 'jenazah', 'covid', 'ditolak', 'dia', 'perawat', 'yang', 'meninggal', 'grgr', 'terpapar', 'covid'];['lagilagi', 'jenazah', 'covid', 'ditolak', 'dia', 'perawat', 'yang', 'meninggal', 'grgr', 'terpapar', 'covid'];['lagilagi', 'jenazah', 'covid', 'ditolak', 'perawat', 'meninggal', 'grgr', 'terpapar', 'covid'];lagilagi jenazah covid ditolak perawat meninggal grgr terpapar covid;lagilagi jenazah covid tolak awat tinggal grgr papar covid
104;Pandemi corona mengancam nasib media lokal ;-1.0;pandemi corona ancam nasib media lokal;pandemi corona mengancam nasib media lokal;['pandemi', 'corona', 'mengancam', 'nasib', 'media', 'lokal'];['pandemi', 'corona', 'mengancam', 'nasib', 'media', 'lokal'];['pandemi', 'corona', 'mengancam', 'nasib', 'media', 'lokal'];pandemi corona mengancam nasib media lokal;pandemi corona ancam nasib media lokal
105;COVID-19: Angka kematian hampiri 100,000 di seluruh dunia;0.0;covid angka mati hampir dunia;covid angka kematian hampiri di seluruh dunia;['covid', 'angka', 'kematian', 'hampiri', 'di', 'seluruh', 'dunia'];['covid', 'angka', 'kematian', 'hampiri', 'di', 'seluruh', 'dunia'];['covid', 'angka', 'kematian', 'hampiri', 'dunia'];covid angka kematian hampiri dunia;covid angka mati hampir dunia
106;Yg ada tuh, level presiden menyediakan dana spy rakyat yg terkena dampak covid tetap bisa di rmh tp bisa makan layak yg dikoordinasi dr pusat sampai ke pelosok. Bekerja melalui jalurnya. Bukan bagi2 di jalan. Ini mah kelas cere;-1.0;level presiden sedia dana spy rakyat kena dampak covid rumah makan layak koordinasi pusat pelosok jalur jalan mah kelas cere;yg ada tuh level presiden menyediakan dana spy rakyat yg terkena dampak covid tetap bisa di rmh tp bisa makan layak yg dikoordinasi dr pusat sampai ke pelosok bekerja melalui jalurnya bukan bagi di jalan ini mah kelas cere;['yg', 'ada', 'tuh', 'level', 'presiden', 'menyediakan', 'dana', 'spy', 'rakyat', 'yg', 'terkena', 'dampak', 'covid', 'tetap', 'bisa', 'di', 'rmh', 'tp', 'bisa', 'makan', 'layak', 'yg', 'dikoordinasi', 'dr', 'pusat', 'sampai', 'ke', 'pelosok', 'bekerja', 'melalui', 'jalurnya', 'bukan', 'bagi', 'di', 'jalan', 'ini', 'mah', 'kelas', 'cere'];['yang', 'ada', 'itu', 'level', 'presiden', 'menyediakan', 'dana', 'spy', 'rakyat', 'yang', 'terkena', 'dampak', 'covid', 'tetap', 'bisa', 'di', 'rumah', 'tapi', 'bisa', 'makan', 'layak', 'yang', 'dikoordinasi', 'dari', 'pusat', 'sampai', 'ke', 'pelosok', 'bekerja', 'melalui', 'jalurnya', 'bukan', 'bagi', 'di', 'jalan', 'ini', 'mah', 'kelas', 'cere'];['level', 'presiden', 'menyediakan', 'dana', 'spy', 'rakyat', 'terkena', 'dampak', 'covid', 'rumah', 'makan', 'layak', 'dikoordinasi', 'pusat', 'pelosok', 'jalurnya', 'jalan', 'mah', 'kelas', 'cere'];level presiden menyediakan dana spy rakyat terkena dampak covid rumah makan layak dikoordinasi pusat pelosok jalurnya jalan mah kelas cere;level presiden sedia dana spy rakyat kena dampak covid rumah makan layak koordinasi pusat pelosok jalur jalan mah kelas cere
107;Penghulu & para pengurus masjid Sang Cipta Rasa kota Cirebon menggelar ikhtiar tolak bala dengan bermunajat bersama dan adzan pitu. Semoga wabah COVID 19 segera berakhir. Aamiin...untuk para dokter & tim medis indonesia tetap semangat.;1.0;penghulu urus masjid sang cipta kota cirebon gelar ikhtiar tolak bala munajat adzan pitu moga wabah covid aamiinuntuk dokter tim medis indonesia semangat;penghulu para pengurus masjid sang cipta rasa kota cirebon menggelar ikhtiar tolak bala dengan bermunajat bersama dan adzan pitu semoga wabah covid segera berakhir aamiinuntuk para dokter tim medis indonesia tetap semangat;['penghulu', 'para', 'pengurus', 'masjid', 'sang', 'cipta', 'rasa', 'kota', 'cirebon', 'menggelar', 'ikhtiar', 'tolak', 'bala', 'dengan', 'bermunajat', 'bersama', 'dan', 'adzan', 'pitu', 'semoga', 'wabah', 'covid', 'segera', 'berakhir', 'aamiinuntuk', 'para', 'dokter', 'tim', 'medis', 'indonesia', 'tetap', 'semangat'];['penghulu', 'para', 'pengurus', 'masjid', 'sang', 'cipta', 'rasa', 'kota', 'cirebon', 'menggelar', 'ikhtiar', 'tolak', 'bala', 'dengan', 'bermunajat', 'bersama', 'dan', 'adzan', 'pitu', 'semoga', 'wabah', 'covid', 'segera', 'berakhir', 'aamiinuntuk', 'para', 'dokter', 'tim', 'medis', 'indonesia', 'tetap', 'semangat'];['penghulu', 'pengurus', 'masjid', 'sang', 'cipta', 'kota', 'cirebon', 'menggelar', 'ikhtiar', 'tolak', 'bala', 'bermunajat', 'adzan', 'pitu', 'semoga', 'wabah', 'covid', 'aamiinuntuk', 'dokter', 'tim', 'medis', 'indonesia', 'semangat'];penghulu pengurus masjid sang cipta kota cirebon menggelar ikhtiar tolak bala bermunajat adzan pitu semoga wabah covid aamiinuntuk dokter tim medis indonesia semangat;penghulu urus masjid sang cipta kota cirebon gelar ikhtiar tolak bala munajat adzan pitu moga wabah covid aamiinuntuk dokter tim medis indonesia semangat
108;Min LPDP 2020 ttp ada nggk yaa min, mengingat Dana Tetap Pendidikan di ahlikan ke penanggulangan ekonomi karena Covid-19;0.0;min lpdp nggk iya min dana didik ahli tanggulang ekonomi covid;min lpdp ttp ada nggk yaa min mengingat dana tetap pendidikan di ahlikan ke penanggulangan ekonomi karena covid;['min', 'lpdp', 'ttp', 'ada', 'nggk', 'yaa', 'min', 'mengingat', 'dana', 'tetap', 'pendidikan', 'di', 'ahlikan', 'ke', 'penanggulangan', 'ekonomi', 'karena', 'covid'];['min', 'lpdp', 'tetap', 'ada', 'nggk', 'iya', 'min', 'mengingat', 'dana', 'tetap', 'pendidikan', 'di', 'ahlikan', 'ke', 'penanggulangan', 'ekonomi', 'karena', 'covid'];['min', 'lpdp', 'nggk', 'iya', 'min', 'dana', 'pendidikan', 'ahlikan', 'penanggulangan', 'ekonomi', 'covid'];min lpdp nggk iya min dana pendidikan ahlikan penanggulangan ekonomi covid;min lpdp nggk iya min dana didik ahli tanggulang ekonomi covid
109;Leader dlm penyebaran covid 19 kale.... Membuat org antri akibat efek kejutnya;-1.0;leader sebar covid kale orang antre akibat efek kejut;leader dlm penyebaran covid kale membuat org antri akibat efek kejutnya;['leader', 'dlm', 'penyebaran', 'covid', 'kale', 'membuat', 'org', 'antri', 'akibat', 'efek', 'kejutnya'];['leader', 'dalam', 'penyebaran', 'covid', 'kale', 'membuat', 'orang', 'antre', 'akibat', 'efek', 'kejutnya'];['leader', 'penyebaran', 'covid', 'kale', 'orang', 'antre', 'akibat', 'efek', 'kejutnya'];leader penyebaran covid kale orang antre akibat efek kejutnya;leader sebar covid kale orang antre akibat efek kejut
110;Wii... Yg berdampak Covid-19 itu tdk hanya warga miskin. Berita ini judulnya benar. Isinya yg tdk benar...;-1.0;wii dampak covid warga miskin berita judul isi;wii yg berdampak covid itu tdk hanya warga miskin berita ini judulnya benar isinya yg tdk benar;['wii', 'yg', 'berdampak', 'covid', 'itu', 'tdk', 'hanya', 'warga', 'miskin', 'berita', 'ini', 'judulnya', 'benar', 'isinya', 'yg', 'tdk', 'benar'];['wii', 'yang', 'berdampak', 'covid', 'itu', 'tidak', 'hanya', 'warga', 'miskin', 'berita', 'ini', 'judulnya', 'benar', 'isinya', 'yang', 'tidak', 'benar'];['wii', 'berdampak', 'covid', 'warga', 'miskin', 'berita', 'judulnya', 'isinya'];wii berdampak covid warga miskin berita judulnya isinya;wii dampak covid warga miskin berita judul isi
111;memanusiakan manusia adalah salah satu bentuk penghormatan kita pada sesama. sedih kalo liat jenazah yg meninggal karena covid-19 tidak diterima warga setempat untuk dimakamkan.;1.0;manusia manusia salah bentuk hormat sedih lihat jenazah tinggal covid terima warga makam;memanusiakan manusia adalah salah satu bentuk penghormatan kita pada sesama sedih kalo liat jenazah yg meninggal karena covid tidak diterima warga setempat untuk dimakamkan;['memanusiakan', 'manusia', 'adalah', 'salah', 'satu', 'bentuk', 'penghormatan', 'kita', 'pada', 'sesama', 'sedih', 'kalo', 'liat', 'jenazah', 'yg', 'meninggal', 'karena', 'covid', 'tidak', 'diterima', 'warga', 'setempat', 'untuk', 'dimakamkan'];['memanusiakan', 'manusia', 'adalah', 'salah', 'satu', 'bentuk', 'penghormatan', 'kita', 'pada', 'sesama', 'sedih', 'kalau', 'lihat', 'jenazah', 'yang', 'meninggal', 'karena', 'covid', 'tidak', 'diterima', 'warga', 'setempat', 'untuk', 'dimakamkan'];['memanusiakan', 'manusia', 'salah', 'bentuk', 'penghormatan', 'sedih', 'lihat', 'jenazah', 'meninggal', 'covid', 'diterima', 'warga', 'dimakamkan'];memanusiakan manusia salah bentuk penghormatan sedih lihat jenazah meninggal covid diterima warga dimakamkan;manusia manusia salah bentuk hormat sedih lihat jenazah tinggal covid terima warga makam
112;Ada ancaman penyebaran COVID-19 yang lebih luas. dr. Dike Afifi menbuat petisi kepada Presiden untuk keluarkan kebijakan menghentikan semua akses transportasi dari dalam dan keluar kota - Tandatangani Petisi!;1.0;ancam sebar covid luas dike afifi petisi presiden keluar bijak henti akses transportasi kota tandatangani petisi;ada ancaman penyebaran covid yang lebih luas dr dike afifi menbuat petisi kepada presiden untuk keluarkan kebijakan menghentikan semua akses transportasi dari dalam dan keluar kota tandatangani petisi;['ada', 'ancaman', 'penyebaran', 'covid', 'yang', 'lebih', 'luas', 'dr', 'dike', 'afifi', 'menbuat', 'petisi', 'kepada', 'presiden', 'untuk', 'keluarkan', 'kebijakan', 'menghentikan', 'semua', 'akses', 'transportasi', 'dari', 'dalam', 'dan', 'keluar', 'kota', 'tandatangani', 'petisi'];['ada', 'ancaman', 'penyebaran', 'covid', 'yang', 'lebih', 'luas', 'dari', 'dike', 'afifi', 'membuat', 'petisi', 'kepada', 'presiden', 'untuk', 'keluarkan', 'kebijakan', 'menghentikan', 'semua', 'akses', 'transportasi', 'dari', 'dalam', 'dan', 'keluar', 'kota', 'tandatangani', 'petisi'];['ancaman', 'penyebaran', 'covid', 'luas', 'dike', 'afifi', 'petisi', 'presiden', 'keluarkan', 'kebijakan', 'menghentikan', 'akses', 'transportasi', 'kota', 'tandatangani', 'petisi'];ancaman penyebaran covid luas dike afifi petisi presiden keluarkan kebijakan menghentikan akses transportasi kota tandatangani petisi;ancam sebar covid luas dike afifi petisi presiden keluar bijak henti akses transportasi kota tandatangani petisi
113;yaudah di gpp. let covid do ur duties aja;1.0;yaudah let covid do ur duties;yaudah di gpp let covid do ur duties aja;['yaudah', 'di', 'gpp', 'let', 'covid', 'do', 'ur', 'duties', 'aja'];['yaudah', 'di', 'baik', 'let', 'covid', 'do', 'ur', 'duties', 'saja'];['yaudah', 'let', 'covid', 'do', 'ur', 'duties'];yaudah let covid do ur duties;yaudah let covid do ur duties
114;Persib Potong 75 Persen Gaji Pemain karena Corona Covid-19;0.0;persib potong persen gaji main corona covid;persib potong persen gaji pemain karena corona covid;['persib', 'potong', 'persen', 'gaji', 'pemain', 'karena', 'corona', 'covid'];['persib', 'potong', 'persen', 'gaji', 'pemain', 'karena', 'corona', 'covid'];['persib', 'potong', 'persen', 'gaji', 'pemain', 'corona', 'covid'];persib potong persen gaji pemain corona covid;persib potong persen gaji main corona covid
115;virus Corona COVID-19 melanda saat Indonesia menghadapi musim pancaroba. Ancaman demam berdarah dengue (DBD) juga sedang menghantui.;0.0;virus corona covid landa indonesia hadap musim pancaroba ancam demam darah dengue dbd hantu;virus corona covid melanda saat indonesia menghadapi musim pancaroba ancaman demam berdarah dengue dbd juga sedang menghantui;['virus', 'corona', 'covid', 'melanda', 'saat', 'indonesia', 'menghadapi', 'musim', 'pancaroba', 'ancaman', 'demam', 'berdarah', 'dengue', 'dbd', 'juga', 'sedang', 'menghantui'];['virus', 'corona', 'covid', 'melanda', 'saat', 'indonesia', 'menghadapi', 'musim', 'pancaroba', 'ancaman', 'demam', 'berdarah', 'dengue', 'dbd', 'juga', 'sedang', 'menghantui'];['virus', 'corona', 'covid', 'melanda', 'indonesia', 'menghadapi', 'musim', 'pancaroba', 'ancaman', 'demam', 'berdarah', 'dengue', 'dbd', 'menghantui'];virus corona covid melanda indonesia menghadapi musim pancaroba ancaman demam berdarah dengue dbd menghantui;virus corona covid landa indonesia hadap musim pancaroba ancam demam darah dengue dbd hantu
116;ALLAH MAHA KUASA !!! Kisah Nyata Mengharukan... Pelajar Muslimah Indonesia Yang Terkena Covid-19 di New York Alhamdulillah.. Allahu Akbar ;-1.0;allah maha kuasa kisah nyata haru ajar muslimah indonesia kena covid new york syukur allahu akbar;allah maha kuasa kisah nyata mengharukan pelajar muslimah indonesia yang terkena covid di new york alhamdulillah allahu akbar;['allah', 'maha', 'kuasa', 'kisah', 'nyata', 'mengharukan', 'pelajar', 'muslimah', 'indonesia', 'yang', 'terkena', 'covid', 'di', 'new', 'york', 'alhamdulillah', 'allahu', 'akbar'];['allah', 'maha', 'kuasa', 'kisah', 'nyata', 'mengharukan', 'pelajar', 'muslimah', 'indonesia', 'yang', 'terkena', 'covid', 'di', 'new', 'york', 'syukur', 'allahu', 'akbar'];['allah', 'maha', 'kuasa', 'kisah', 'nyata', 'mengharukan', 'pelajar', 'muslimah', 'indonesia', 'terkena', 'covid', 'new', 'york', 'syukur', 'allahu', 'akbar'];allah maha kuasa kisah nyata mengharukan pelajar muslimah indonesia terkena covid new york syukur allahu akbar;allah maha kuasa kisah nyata haru ajar muslimah indonesia kena covid new york syukur allahu akbar
117;Ngaur kamu,mosok tenaga medis meninggal kamu sangkutkan dgn fatwa mui,emngya semua pasien covid itu dari mesjid sumbernya.hadeuh;-1.0;ngaur kamumosok tenaga medis tinggal sangkut fatwa muiemngya pasien covid mesjid sumbernyahadeuh;ngaur kamumosok tenaga medis meninggal kamu sangkutkan dgn fatwa muiemngya semua pasien covid itu dari mesjid sumbernyahadeuh;['ngaur', 'kamumosok', 'tenaga', 'medis', 'meninggal', 'kamu', 'sangkutkan', 'dgn', 'fatwa', 'muiemngya', 'semua', 'pasien', 'covid', 'itu', 'dari', 'mesjid', 'sumbernyahadeuh'];['ngaur', 'kamumosok', 'tenaga', 'medis', 'meninggal', 'kamu', 'sangkutkan', 'dengan', 'fatwa', 'muiemngya', 'semua', 'pasien', 'covid', 'itu', 'dari', 'mesjid', 'sumbernyahadeuh'];['ngaur', 'kamumosok', 'tenaga', 'medis', 'meninggal', 'sangkutkan', 'fatwa', 'muiemngya', 'pasien', 'covid', 'mesjid', 'sumbernyahadeuh'];ngaur kamumosok tenaga medis meninggal sangkutkan fatwa muiemngya pasien covid mesjid sumbernyahadeuh;ngaur kamumosok tenaga medis tinggal sangkut fatwa muiemngya pasien covid mesjid sumbernyahadeuh
118;Sempat Nihil Tiga Hari, Kini Pasien Positif Covid-19 Bertambah Satu Orang;0.0;nihil pasien positif covid tambah orang;sempat nihil tiga hari kini pasien positif covid bertambah satu orang;['sempat', 'nihil', 'tiga', 'hari', 'kini', 'pasien', 'positif', 'covid', 'bertambah', 'satu', 'orang'];['sempat', 'nihil', 'tiga', 'hari', 'kini', 'pasien', 'positif', 'covid', 'bertambah', 'satu', 'orang'];['nihil', 'pasien', 'positif', 'covid', 'bertambah', 'orang'];nihil pasien positif covid bertambah orang;nihil pasien positif covid tambah orang
119;Lindungi Dokter dari Paparan COVID-19, BPPT RI Luncurkan Aplikasi Mobile Covid Track;1.0;lindung dokter papar covid bppt luncur aplikasi mobile covid track;lindungi dokter dari paparan covid bppt ri luncurkan aplikasi mobile covid track;['lindungi', 'dokter', 'dari', 'paparan', 'covid', 'bppt', 'ri', 'luncurkan', 'aplikasi', 'mobile', 'covid', 'track'];['lindungi', 'dokter', 'dari', 'paparan', 'covid', 'bppt', 'di', 'luncurkan', 'aplikasi', 'mobile', 'covid', 'track'];['lindungi', 'dokter', 'paparan', 'covid', 'bppt', 'luncurkan', 'aplikasi', 'mobile', 'covid', 'track'];lindungi dokter paparan covid bppt luncurkan aplikasi mobile covid track;lindung dokter papar covid bppt luncur aplikasi mobile covid track
120;Semoga insan2 bocah kontol mampus kena covid-19 ya.;-1.0;moga insan bocah kontol rasa kena covid iya;semoga insan bocah kontol mampus kena covid ya;['semoga', 'insan', 'bocah', 'kontol', 'mampus', 'kena', 'covid', 'ya'];['semoga', 'insan', 'bocah', 'kontol', 'rasakan', 'kena', 'covid', 'iya'];['semoga', 'insan', 'bocah', 'kontol', 'rasakan', 'kena', 'covid', 'iya'];semoga insan bocah kontol rasakan kena covid iya;moga insan bocah kontol rasa kena covid iya
121;gejala covid-20;0.0;gejala covid;gejala covid;['gejala', 'covid'];['gejala', 'covid'];['gejala', 'covid'];gejala covid;gejala covid
122;Jumat 10/04/2020Kesadaran masyarakat akan pentingnya berdiam diri dirumah dalam memutus penyebaran virus covid 19 sangat besar dan dari kesadaran diri sendiri, terlihat dr pantauan Kijang Patroli 11.34 Klungkung disimpang Lepang bypass IB Mantra Klungkung terpantau tipis lancar;1.0;jumat sadar masyarakat diam rumah putus sebar virus covid sadar pantau kijang patroli klungkung simpang lepang bypass ib mantra klungkung pantau tipis lancar;jumat kesadaran masyarakat akan pentingnya berdiam diri dirumah dalam memutus penyebaran virus covid sangat besar dan dari kesadaran diri sendiri terlihat dr pantauan kijang patroli klungkung disimpang lepang bypass ib mantra klungkung terpantau tipis lancar;['jumat', 'kesadaran', 'masyarakat', 'akan', 'pentingnya', 'berdiam', 'diri', 'dirumah', 'dalam', 'memutus', 'penyebaran', 'virus', 'covid', 'sangat', 'besar', 'dan', 'dari', 'kesadaran', 'diri', 'sendiri', 'terlihat', 'dr', 'pantauan', 'kijang', 'patroli', 'klungkung', 'disimpang', 'lepang', 'bypass', 'ib', 'mantra', 'klungkung', 'terpantau', 'tipis', 'lancar'];['jumat', 'kesadaran', 'masyarakat', 'akan', 'pentingnya', 'berdiam', 'diri', 'dirumah', 'dalam', 'memutus', 'penyebaran', 'virus', 'covid', 'sangat', 'besar', 'dan', 'dari', 'kesadaran', 'diri', 'sendiri', 'terlihat', 'dari', 'pantauan', 'kijang', 'patroli', 'klungkung', 'disimpang', 'lepang', 'bypass', 'ib', 'mantra', 'klungkung', 'terpantau', 'tipis', 'lancar'];['jumat', 'kesadaran', 'masyarakat', 'berdiam', 'dirumah', 'memutus', 'penyebaran', 'virus', 'covid', 'kesadaran', 'pantauan', 'kijang', 'patroli', 'klungkung', 'disimpang', 'lepang', 'bypass', 'ib', 'mantra', 'klungkung', 'terpantau', 'tipis', 'lancar'];jumat kesadaran masyarakat berdiam dirumah memutus penyebaran virus covid kesadaran pantauan kijang patroli klungkung disimpang lepang bypass ib mantra klungkung terpantau tipis lancar;jumat sadar masyarakat diam rumah putus sebar virus covid sadar pantau kijang patroli klungkung simpang lepang bypass ib mantra klungkung pantau tipis lancar
123;Selamat Pagi. Rute Tebet-Depok tersedia pkl 17:33 WIB, untuk Informasi lengkap jadwal perjalanan KRL mulai 10 April 2020, bisa di lihat pada website link berikut : Tks.;0.0;selamat pagi rute tebetdepok sedia pkl wib informasi lengkap jadwal jalan krl april lihat website link tks;selamat pagi rute tebetdepok tersedia pkl wib untuk informasi lengkap jadwal perjalanan krl mulai april bisa di lihat pada website link berikut tks;['selamat', 'pagi', 'rute', 'tebetdepok', 'tersedia', 'pkl', 'wib', 'untuk', 'informasi', 'lengkap', 'jadwal', 'perjalanan', 'krl', 'mulai', 'april', 'bisa', 'di', 'lihat', 'pada', 'website', 'link', 'berikut', 'tks'];['selamat', 'pagi', 'rute', 'tebetdepok', 'tersedia', 'pkl', 'wib', 'untuk', 'informasi', 'lengkap', 'jadwal', 'perjalanan', 'krl', 'mulai', 'april', 'bisa', 'di', 'lihat', 'pada', 'website', 'link', 'berikut', 'tks'];['selamat', 'pagi', 'rute', 'tebetdepok', 'tersedia', 'pkl', 'wib', 'informasi', 'lengkap', 'jadwal', 'perjalanan', 'krl', 'april', 'lihat', 'website', 'link', 'tks'];selamat pagi rute tebetdepok tersedia pkl wib informasi lengkap jadwal perjalanan krl april lihat website link tks;selamat pagi rute tebetdepok sedia pkl wib informasi lengkap jadwal jalan krl april lihat website link tks
124;Sangat disayangkan, Gorontalo gagal bertahan sebagai daerah bebas Covid-19 hanya karena keegoisan suatu kaum yang enggan tawakal dan memilih untuk takabur;0.0;sayang gorontalo gagal tahan daerah bebas covid egois kaum enggan tawakal pilih takabur;sangat disayangkan gorontalo gagal bertahan sebagai daerah bebas covid hanya karena keegoisan suatu kaum yang enggan tawakal dan memilih untuk takabur;['sangat', 'disayangkan', 'gorontalo', 'gagal', 'bertahan', 'sebagai', 'daerah', 'bebas', 'covid', 'hanya', 'karena', 'keegoisan', 'suatu', 'kaum', 'yang', 'enggan', 'tawakal', 'dan', 'memilih', 'untuk', 'takabur'];['sangat', 'disayangkan', 'gorontalo', 'gagal', 'bertahan', 'sebagai', 'daerah', 'bebas', 'covid', 'hanya', 'karena', 'keegoisan', 'suatu', 'kaum', 'yang', 'enggan', 'tawakal', 'dan', 'memilih', 'untuk', 'takabur'];['disayangkan', 'gorontalo', 'gagal', 'bertahan', 'daerah', 'bebas', 'covid', 'keegoisan', 'kaum', 'enggan', 'tawakal', 'memilih', 'takabur'];disayangkan gorontalo gagal bertahan daerah bebas covid keegoisan kaum enggan tawakal memilih takabur;sayang gorontalo gagal tahan daerah bebas covid egois kaum enggan tawakal pilih takabur
125;Udah pasti sekrg akan berlindung di balik wabah, gak bisa naikkan gaji krn hrs re-alokasikan dana utk respon Covid-19.;0.0;sekrg lindung wabah naik gaji realokasi dana respon covid;udah pasti sekrg akan berlindung di balik wabah gak bisa naikkan gaji krn hrs realokasikan dana utk respon covid;['udah', 'pasti', 'sekrg', 'akan', 'berlindung', 'di', 'balik', 'wabah', 'gak', 'bisa', 'naikkan', 'gaji', 'krn', 'hrs', 'realokasikan', 'dana', 'utk', 'respon', 'covid'];['sudah', 'pasti', 'sekrg', 'akan', 'berlindung', 'di', 'balik', 'wabah', 'tidak', 'bisa', 'naikkan', 'gaji', 'karena', 'harus', 'realokasikan', 'dana', 'untuk', 'respon', 'covid'];['sekrg', 'berlindung', 'wabah', 'naikkan', 'gaji', 'realokasikan', 'dana', 'respon', 'covid'];sekrg berlindung wabah naikkan gaji realokasikan dana respon covid;sekrg lindung wabah naik gaji realokasi dana respon covid
126;"Bayar dlm kereta, x payah ke kaunter""Musim COVID-19 ni, elakkn guna cash!Guna aplikasi SETEL dlm kereta SAHAJA! Gunakn Setel pam minyak Setel & nikmati RM5 PERCUMA slps pembelian petrol RM30 pertama anda!Kod rujukan : Download setel sekarang! ";0.0;bayar kereta x payah kauntermusim covid elakkn cashguna aplikasi setel kereta sahaja gunakn setel pam minyak setel nikmat rm slps beli petrol rm andakod rujuk download setel;bayar dlm kereta x payah ke kauntermusim covid ni elakkn guna cashguna aplikasi setel dlm kereta sahaja gunakn setel pam minyak setel nikmati rm percuma slps pembelian petrol rm pertama andakod rujukan download setel sekarang;['bayar', 'dlm', 'kereta', 'x', 'payah', 'ke', 'kauntermusim', 'covid', 'ni', 'elakkn', 'guna', 'cashguna', 'aplikasi', 'setel', 'dlm', 'kereta', 'sahaja', 'gunakn', 'setel', 'pam', 'minyak', 'setel', 'nikmati', 'rm', 'percuma', 'slps', 'pembelian', 'petrol', 'rm', 'pertama', 'andakod', 'rujukan', 'download', 'setel', 'sekarang'];['bayar', 'dalam', 'kereta', 'x', 'payah', 'ke', 'kauntermusim', 'covid', 'ini', 'elakkn', 'guna', 'cashguna', 'aplikasi', 'setel', 'dalam', 'kereta', 'sahaja', 'gunakn', 'setel', 'pam', 'minyak', 'setel', 'nikmati', 'rm', 'percuma', 'slps', 'pembelian', 'petrol', 'rm', 'pertama', 'andakod', 'rujukan', 'download', 'setel', 'sekarang'];['bayar', 'kereta', 'x', 'payah', 'kauntermusim', 'covid', 'elakkn', 'cashguna', 'aplikasi', 'setel', 'kereta', 'sahaja', 'gunakn', 'setel', 'pam', 'minyak', 'setel', 'nikmati', 'rm', 'slps', 'pembelian', 'petrol', 'rm', 'andakod', 'rujukan', 'download', 'setel'];bayar kereta x payah kauntermusim covid elakkn cashguna aplikasi setel kereta sahaja gunakn setel pam minyak setel nikmati rm slps pembelian petrol rm andakod rujukan download setel;bayar kereta x payah kauntermusim covid elakkn cashguna aplikasi setel kereta sahaja gunakn setel pam minyak setel nikmat rm slps beli petrol rm andakod rujuk download setel
127;Musim sakit macam ni kan agak2 u all hantu jin momok kena tak covid 19 ni tak;-1.0;musim sakit u all hantu jin momok kena covid;musim sakit macam ni kan agak u all hantu jin momok kena tak covid ni tak;['musim', 'sakit', 'macam', 'ni', 'kan', 'agak', 'u', 'all', 'hantu', 'jin', 'momok', 'kena', 'tak', 'covid', 'ni', 'tak'];['musim', 'sakit', 'macam', 'ini', 'kan', 'agak', 'u', 'all', 'hantu', 'jin', 'momok', 'kena', 'tak', 'covid', 'ini', 'tak'];['musim', 'sakit', 'u', 'all', 'hantu', 'jin', 'momok', 'kena', 'covid'];musim sakit u all hantu jin momok kena covid;musim sakit u all hantu jin momok kena covid
128;3. Langkah yg dapat di ambil pemerintah dalam mengatasi dampak Covid-19 terhadap Perekonomian Indonesia Jawab :Menjaga konsumsi rumah tangga miskin melalui berbagai program yang dapat dilakukan segera coverage besar, dan berdampak langsung ke covid 19;1.0;langkah ambil perintah atas dampak covid ekonomi indonesia jaga konsumsi rumah tangga miskin program coverage dampak langsung covid;langkah yg dapat di ambil pemerintah dalam mengatasi dampak covid terhadap perekonomian indonesia jawab menjaga konsumsi rumah tangga miskin melalui berbagai program yang dapat dilakukan segera coverage besar dan berdampak langsung ke covid;['langkah', 'yg', 'dapat', 'di', 'ambil', 'pemerintah', 'dalam', 'mengatasi', 'dampak', 'covid', 'terhadap', 'perekonomian', 'indonesia', 'jawab', 'menjaga', 'konsumsi', 'rumah', 'tangga', 'miskin', 'melalui', 'berbagai', 'program', 'yang', 'dapat', 'dilakukan', 'segera', 'coverage', 'besar', 'dan', 'berdampak', 'langsung', 'ke', 'covid'];['langkah', 'yang', 'dapat', 'di', 'ambil', 'pemerintah', 'dalam', 'mengatasi', 'dampak', 'covid', 'terhadap', 'perekonomian', 'indonesia', 'jawab', 'menjaga', 'konsumsi', 'rumah', 'tangga', 'miskin', 'melalui', 'berbagai', 'program', 'yang', 'dapat', 'dilakukan', 'segera', 'coverage', 'besar', 'dan', 'berdampak', 'langsung', 'ke', 'covid'];['langkah', 'ambil', 'pemerintah', 'mengatasi', 'dampak', 'covid', 'perekonomian', 'indonesia', 'menjaga', 'konsumsi', 'rumah', 'tangga', 'miskin', 'program', 'coverage', 'berdampak', 'langsung', 'covid'];langkah ambil pemerintah mengatasi dampak covid perekonomian indonesia menjaga konsumsi rumah tangga miskin program coverage berdampak langsung covid;langkah ambil perintah atas dampak covid ekonomi indonesia jaga konsumsi rumah tangga miskin program coverage dampak langsung covid
129;Mendikbud Nadiem Makarim mengambil keputusan terkait pencairan dana KIP atau Kartu Indonesia Pintar di tengah pandemi virus corona COVID-19.;1.0;mendikbud nadiem makarim ambil putus kait cair dana kip kartu indonesia pintar pandemi virus corona covid;mendikbud nadiem makarim mengambil keputusan terkait pencairan dana kip atau kartu indonesia pintar di tengah pandemi virus corona covid;['mendikbud', 'nadiem', 'makarim', 'mengambil', 'keputusan', 'terkait', 'pencairan', 'dana', 'kip', 'atau', 'kartu', 'indonesia', 'pintar', 'di', 'tengah', 'pandemi', 'virus', 'corona', 'covid'];['mendikbud', 'nadiem', 'makarim', 'mengambil', 'keputusan', 'terkait', 'pencairan', 'dana', 'kip', 'atau', 'kartu', 'indonesia', 'pintar', 'di', 'tengah', 'pandemi', 'virus', 'corona', 'covid'];['mendikbud', 'nadiem', 'makarim', 'mengambil', 'keputusan', 'terkait', 'pencairan', 'dana', 'kip', 'kartu', 'indonesia', 'pintar', 'pandemi', 'virus', 'corona', 'covid'];mendikbud nadiem makarim mengambil keputusan terkait pencairan dana kip kartu indonesia pintar pandemi virus corona covid;mendikbud nadiem makarim ambil putus kait cair dana kip kartu indonesia pintar pandemi virus corona covid
130;Kadar kematian COVID-19 di Malaysia masih rendah.;1.0;kadar mati covid malaysia rendah;kadar kematian covid di malaysia masih rendah;['kadar', 'kematian', 'covid', 'di', 'malaysia', 'masih', 'rendah'];['kadar', 'kematian', 'covid', 'di', 'malaysia', 'masih', 'rendah'];['kadar', 'kematian', 'covid', 'malaysia', 'rendah'];kadar kematian covid malaysia rendah;kadar mati covid malaysia rendah
131;Pecah telor Sarjana Covid-19!;0.0;pecah telor sarjana covid;pecah telor sarjana covid;['pecah', 'telor', 'sarjana', 'covid'];['pecah', 'telor', 'sarjana', 'covid'];['pecah', 'telor', 'sarjana', 'covid'];pecah telor sarjana covid;pecah telor sarjana covid
132;Baru dapet info kalo di gang sebelah rumah di Lumajang udah ada yg positif Covid-19, semoga seluruh keluarga disana aman.;1.0;info gang belah rumah lumajang positif covid moga keluarga sana aman;baru dapet info kalo di gang sebelah rumah di lumajang udah ada yg positif covid semoga seluruh keluarga disana aman;['baru', 'dapet', 'info', 'kalo', 'di', 'gang', 'sebelah', 'rumah', 'di', 'lumajang', 'udah', 'ada', 'yg', 'positif', 'covid', 'semoga', 'seluruh', 'keluarga', 'disana', 'aman'];['baru', 'mendapat', 'info', 'kalau', 'di', 'gang', 'sebelah', 'rumah', 'di', 'lumajang', 'sudah', 'ada', 'yang', 'positif', 'covid', 'semoga', 'seluruh', 'keluarga', 'disana', 'aman'];['info', 'gang', 'sebelah', 'rumah', 'lumajang', 'positif', 'covid', 'semoga', 'keluarga', 'disana', 'aman'];info gang sebelah rumah lumajang positif covid semoga keluarga disana aman;info gang belah rumah lumajang positif covid moga keluarga sana aman
133;Darurat militer saja pemerintah bias mewajibkan rakyat sebagai serdadu. Darurat wabah covid-19 dan kesehatan tentu bisa dilakukan untuk mewajibkan para konglomerat untuk keluarkan hartanya untuk kepentingan bersama.;1.0;darurat militer perintah bias wajib rakyat serdadu darurat wabah covid sehat wajib konglomerat keluar harta penting;darurat militer saja pemerintah bias mewajibkan rakyat sebagai serdadu darurat wabah covid dan kesehatan tentu bisa dilakukan untuk mewajibkan para konglomerat untuk keluarkan hartanya untuk kepentingan bersama;['darurat', 'militer', 'saja', 'pemerintah', 'bias', 'mewajibkan', 'rakyat', 'sebagai', 'serdadu', 'darurat', 'wabah', 'covid', 'dan', 'kesehatan', 'tentu', 'bisa', 'dilakukan', 'untuk', 'mewajibkan', 'para', 'konglomerat', 'untuk', 'keluarkan', 'hartanya', 'untuk', 'kepentingan', 'bersama'];['darurat', 'militer', 'saja', 'pemerintah', 'bias', 'mewajibkan', 'rakyat', 'sebagai', 'serdadu', 'darurat', 'wabah', 'covid', 'dan', 'kesehatan', 'tentu', 'bisa', 'dilakukan', 'untuk', 'mewajibkan', 'para', 'konglomerat', 'untuk', 'keluarkan', 'hartanya', 'untuk', 'kepentingan', 'bersama'];['darurat', 'militer', 'pemerintah', 'bias', 'mewajibkan', 'rakyat', 'serdadu', 'darurat', 'wabah', 'covid', 'kesehatan', 'mewajibkan', 'konglomerat', 'keluarkan', 'hartanya', 'kepentingan'];darurat militer pemerintah bias mewajibkan rakyat serdadu darurat wabah covid kesehatan mewajibkan konglomerat keluarkan hartanya kepentingan;darurat militer perintah bias wajib rakyat serdadu darurat wabah covid sehat wajib konglomerat keluar harta penting
134;Tapi anis ni tak main tiktok dan alhamdulillah tak kena covid.;0.0;anis main tiktok syukur kena covid;tapi anis ni tak main tiktok dan alhamdulillah tak kena covid;['tapi', 'anis', 'ni', 'tak', 'main', 'tiktok', 'dan', 'alhamdulillah', 'tak', 'kena', 'covid'];['tapi', 'anis', 'ini', 'tak', 'main', 'tiktok', 'dan', 'syukur', 'tak', 'kena', 'covid'];['anis', 'main', 'tiktok', 'syukur', 'kena', 'covid'];anis main tiktok syukur kena covid;anis main tiktok syukur kena covid
135;Sbnarnya sudah tdk kaget klo di suruh tinggal rumah, sudah terbiasa dri dulu juga social distancing, krna Ada yg lebih mematikan dalam masyarakat lebih dri covid, yaitu kebodohan~;-1.0;sbnarnya kaget suruh tinggal rumah biasa social distancing mati masyarakat covid bodoh;sbnarnya sudah tdk kaget klo di suruh tinggal rumah sudah terbiasa dri dulu juga social distancing krna ada yg lebih mematikan dalam masyarakat lebih dri covid yaitu kebodohan;['sbnarnya', 'sudah', 'tdk', 'kaget', 'klo', 'di', 'suruh', 'tinggal', 'rumah', 'sudah', 'terbiasa', 'dri', 'dulu', 'juga', 'social', 'distancing', 'krna', 'ada', 'yg', 'lebih', 'mematikan', 'dalam', 'masyarakat', 'lebih', 'dri', 'covid', 'yaitu', 'kebodohan'];['sbnarnya', 'sudah', 'tidak', 'kaget', 'kalau', 'di', 'suruh', 'tinggal', 'rumah', 'sudah', 'terbiasa', 'dari', 'dulu', 'juga', 'social', 'distancing', 'karena', 'ada', 'yang', 'lebih', 'mematikan', 'dalam', 'masyarakat', 'lebih', 'dari', 'covid', 'yaitu', 'kebodohan'];['sbnarnya', 'kaget', 'suruh', 'tinggal', 'rumah', 'terbiasa', 'social', 'distancing', 'mematikan', 'masyarakat', 'covid', 'kebodohan'];sbnarnya kaget suruh tinggal rumah terbiasa social distancing mematikan masyarakat covid kebodohan;sbnarnya kaget suruh tinggal rumah biasa social distancing mati masyarakat covid bodoh
136;Badan POM luncurkan informatorium obat COVID-19 bersamaan dengan FGD online tentang penanggulangan COVID-19.Informatorium ini berisi informasi terkait perkembangan obat COVID-19 di dunia dan tata;1.0;badan pom luncur informatorium obat covid sama fgd online tanggulang covidinformatorium isi informasi kait kembang obat covid dunia tata;badan pom luncurkan informatorium obat covid bersamaan dengan fgd online tentang penanggulangan covidinformatorium ini berisi informasi terkait perkembangan obat covid di dunia dan tata;['badan', 'pom', 'luncurkan', 'informatorium', 'obat', 'covid', 'bersamaan', 'dengan', 'fgd', 'online', 'tentang', 'penanggulangan', 'covidinformatorium', 'ini', 'berisi', 'informasi', 'terkait', 'perkembangan', 'obat', 'covid', 'di', 'dunia', 'dan', 'tata'];['badan', 'pom', 'luncurkan', 'informatorium', 'obat', 'covid', 'bersamaan', 'dengan', 'fgd', 'online', 'tentang', 'penanggulangan', 'covidinformatorium', 'ini', 'berisi', 'informasi', 'terkait', 'perkembangan', 'obat', 'covid', 'di', 'dunia', 'dan', 'tata'];['badan', 'pom', 'luncurkan', 'informatorium', 'obat', 'covid', 'bersamaan', 'fgd', 'online', 'penanggulangan', 'covidinformatorium', 'berisi', 'informasi', 'terkait', 'perkembangan', 'obat', 'covid', 'dunia', 'tata'];badan pom luncurkan informatorium obat covid bersamaan fgd online penanggulangan covidinformatorium berisi informasi terkait perkembangan obat covid dunia tata;badan pom luncur informatorium obat covid sama fgd online tanggulang covidinformatorium isi informasi kait kembang obat covid dunia tata
137;Revisi : - kalau tidak ada penambahan jumlah yang positif - maka untuk pasien Covid-19 dengan gejala penyakit yang parah atau kritis, bisa membutuhkan waktu pemulihan klinis sekitar 3 hingga 6 minggu.;1.0;revisi tambah positif pasien covid gejala sakit parah kritis butuh pulih klinis minggu;revisi kalau tidak ada penambahan jumlah yang positif maka untuk pasien covid dengan gejala penyakit yang parah atau kritis bisa membutuhkan waktu pemulihan klinis sekitar hingga minggu;['revisi', 'kalau', 'tidak', 'ada', 'penambahan', 'jumlah', 'yang', 'positif', 'maka', 'untuk', 'pasien', 'covid', 'dengan', 'gejala', 'penyakit', 'yang', 'parah', 'atau', 'kritis', 'bisa', 'membutuhkan', 'waktu', 'pemulihan', 'klinis', 'sekitar', 'hingga', 'minggu'];['revisi', 'kalau', 'tidak', 'ada', 'penambahan', 'jumlah', 'yang', 'positif', 'maka', 'untuk', 'pasien', 'covid', 'dengan', 'gejala', 'penyakit', 'yang', 'parah', 'atau', 'kritis', 'bisa', 'membutuhkan', 'waktu', 'pemulihan', 'klinis', 'sekitar', 'hingga', 'minggu'];['revisi', 'penambahan', 'positif', 'pasien', 'covid', 'gejala', 'penyakit', 'parah', 'kritis', 'membutuhkan', 'pemulihan', 'klinis', 'minggu'];revisi penambahan positif pasien covid gejala penyakit parah kritis membutuhkan pemulihan klinis minggu;revisi tambah positif pasien covid gejala sakit parah kritis butuh pulih klinis minggu
138;Syafakallah..semoga Allah memberi kesembuhan pada Dr Tun Muzamal Widan drp wabak Covid 19 dan sihat seperti biasa ..Aamiin Ya Rabbal Alamiin;1.0;syafakallahsemoga allah sembuh tun muzamal widan drp wabak covid sihat moga iya rabbal alamiin;syafakallahsemoga allah memberi kesembuhan pada dr tun muzamal widan drp wabak covid dan sihat seperti biasa aamiin ya rabbal alamiin;['syafakallahsemoga', 'allah', 'memberi', 'kesembuhan', 'pada', 'dr', 'tun', 'muzamal', 'widan', 'drp', 'wabak', 'covid', 'dan', 'sihat', 'seperti', 'biasa', 'aamiin', 'ya', 'rabbal', 'alamiin'];['syafakallahsemoga', 'allah', 'memberi', 'kesembuhan', 'pada', 'dari', 'tun', 'muzamal', 'widan', 'drp', 'wabak', 'covid', 'dan', 'sihat', 'seperti', 'biasa', 'semoga', 'iya', 'rabbal', 'alamiin'];['syafakallahsemoga', 'allah', 'kesembuhan', 'tun', 'muzamal', 'widan', 'drp', 'wabak', 'covid', 'sihat', 'semoga', 'iya', 'rabbal', 'alamiin'];syafakallahsemoga allah kesembuhan tun muzamal widan drp wabak covid sihat semoga iya rabbal alamiin;syafakallahsemoga allah sembuh tun muzamal widan drp wabak covid sihat moga iya rabbal alamiin
139;sambil menunggu orang2 pintar menemukan obatnya, mari waspada, tak perlu panik berlebihan. faktanya angka kematian 5 bln jauh lebih rendah dr TBC.. COVID-19 Tidak Menyeramkan;0.0;tunggu orang pintar temu obat mari waspada panik fakta angka mati rendah tbc covid seram;sambil menunggu orang pintar menemukan obatnya mari waspada tak perlu panik berlebihan faktanya angka kematian bln jauh lebih rendah dr tbc covid tidak menyeramkan;['sambil', 'menunggu', 'orang', 'pintar', 'menemukan', 'obatnya', 'mari', 'waspada', 'tak', 'perlu', 'panik', 'berlebihan', 'faktanya', 'angka', 'kematian', 'bln', 'jauh', 'lebih', 'rendah', 'dr', 'tbc', 'covid', 'tidak', 'menyeramkan'];['sambil', 'menunggu', 'orang', 'pintar', 'menemukan', 'obatnya', 'mari', 'waspada', 'tak', 'perlu', 'panik', 'berlebihan', 'faktanya', 'angka', 'kematian', 'bulan', 'jauh', 'lebih', 'rendah', 'dari', 'tbc', 'covid', 'tidak', 'menyeramkan'];['menunggu', 'orang', 'pintar', 'menemukan', 'obatnya', 'mari', 'waspada', 'panik', 'faktanya', 'angka', 'kematian', 'rendah', 'tbc', 'covid', 'menyeramkan'];menunggu orang pintar menemukan obatnya mari waspada panik faktanya angka kematian rendah tbc covid menyeramkan;tunggu orang pintar temu obat mari waspada panik fakta angka mati rendah tbc covid seram
140;PSBB versus COVID-19;0.0;psbb versus covid;psbb versus covid;['psbb', 'versus', 'covid'];['psbb', 'versus', 'covid'];['psbb', 'versus', 'covid'];psbb versus covid;psbb versus covid
141;Dirumah aja , jaga kesehatan dukung pemerintah memerangi covid 19 , dan dirumah ajapun bisa memperoleh investasi dengan untung banyakk...Dengan didukung legalitas aman dan konsep hotel dan berkelas.. perputasan;1.0;rumah jaga sehat dukung perintah rang covid rumah aja oleh investasi untung banyakkdengan dukung legalitas aman konsep hotel kelas perputasan;dirumah aja jaga kesehatan dukung pemerintah memerangi covid dan dirumah ajapun bisa memperoleh investasi dengan untung banyakkdengan didukung legalitas aman dan konsep hotel dan berkelas perputasan;['dirumah', 'aja', 'jaga', 'kesehatan', 'dukung', 'pemerintah', 'memerangi', 'covid', 'dan', 'dirumah', 'ajapun', 'bisa', 'memperoleh', 'investasi', 'dengan', 'untung', 'banyakkdengan', 'didukung', 'legalitas', 'aman', 'dan', 'konsep', 'hotel', 'dan', 'berkelas', 'perputasan'];['dirumah', 'saja', 'jaga', 'kesehatan', 'dukung', 'pemerintah', 'memerangi', 'covid', 'dan', 'dirumah', 'ajapun', 'bisa', 'memperoleh', 'investasi', 'dengan', 'untung', 'banyakkdengan', 'didukung', 'legalitas', 'aman', 'dan', 'konsep', 'hotel', 'dan', 'berkelas', 'perputasan'];['dirumah', 'jaga', 'kesehatan', 'dukung', 'pemerintah', 'memerangi', 'covid', 'dirumah', 'ajapun', 'memperoleh', 'investasi', 'untung', 'banyakkdengan', 'didukung', 'legalitas', 'aman', 'konsep', 'hotel', 'berkelas', 'perputasan'];dirumah jaga kesehatan dukung pemerintah memerangi covid dirumah ajapun memperoleh investasi untung banyakkdengan didukung legalitas aman konsep hotel berkelas perputasan;rumah jaga sehat dukung perintah rang covid rumah aja oleh investasi untung banyakkdengan dukung legalitas aman konsep hotel kelas perputasan
142;"MEDITATION TO FIGHT COVID-19 ""Meditasi tidak hanya bermanfaat bagi pikiran tetapi juga bagi tubuh. Dalam satu kesatuan yang harmonis kehidupan berlangsung dalam cinta yang mengubah segala sesuatu menjadi";1.0;meditation to fight covid meditasi manfaat pikir tubuh satu harmonis hidup cinta ubah;meditation to fight covid meditasi tidak hanya bermanfaat bagi pikiran tetapi juga bagi tubuh dalam satu kesatuan yang harmonis kehidupan berlangsung dalam cinta yang mengubah segala sesuatu menjadi;['meditation', 'to', 'fight', 'covid', 'meditasi', 'tidak', 'hanya', 'bermanfaat', 'bagi', 'pikiran', 'tetapi', 'juga', 'bagi', 'tubuh', 'dalam', 'satu', 'kesatuan', 'yang', 'harmonis', 'kehidupan', 'berlangsung', 'dalam', 'cinta', 'yang', 'mengubah', 'segala', 'sesuatu', 'menjadi'];['meditation', 'to', 'fight', 'covid', 'meditasi', 'tidak', 'hanya', 'bermanfaat', 'bagi', 'pikiran', 'tetapi', 'juga', 'bagi', 'tubuh', 'dalam', 'satu', 'kesatuan', 'yang', 'harmonis', 'kehidupan', 'berlangsung', 'dalam', 'cinta', 'yang', 'mengubah', 'segala', 'sesuatu', 'menjadi'];['meditation', 'to', 'fight', 'covid', 'meditasi', 'bermanfaat', 'pikiran', 'tubuh', 'kesatuan', 'harmonis', 'kehidupan', 'cinta', 'mengubah'];meditation to fight covid meditasi bermanfaat pikiran tubuh kesatuan harmonis kehidupan cinta mengubah;meditation to fight covid meditasi manfaat pikir tubuh satu harmonis hidup cinta ubah
143;Pdhl gak mutlak begitu ya. Beliau lupa ttg adanya cytokine storm pd pasien COVID-19.;0.0;mutlak iya beliau lupa cytokine storm pasien covid;pdhl gak mutlak begitu ya beliau lupa ttg adanya cytokine storm pd pasien covid;['pdhl', 'gak', 'mutlak', 'begitu', 'ya', 'beliau', 'lupa', 'ttg', 'adanya', 'cytokine', 'storm', 'pd', 'pasien', 'covid'];['padahal', 'tidak', 'mutlak', 'begitu', 'iya', 'beliau', 'lupa', 'tentang', 'adanya', 'cytokine', 'storm', 'pada', 'pasien', 'covid'];['mutlak', 'iya', 'beliau', 'lupa', 'cytokine', 'storm', 'pasien', 'covid'];mutlak iya beliau lupa cytokine storm pasien covid;mutlak iya beliau lupa cytokine storm pasien covid
144;Hrap2 cukup 2k rt. Nak warna hijau. Nak bawak g kerja. Merempit musim covid. ;0.0;hrap k rt nak warna hijau nak bawak g kerja merempit musim covid;hrap cukup k rt nak warna hijau nak bawak g kerja merempit musim covid;['hrap', 'cukup', 'k', 'rt', 'nak', 'warna', 'hijau', 'nak', 'bawak', 'g', 'kerja', 'merempit', 'musim', 'covid'];['hrap', 'cukup', 'k', 'rt', 'nak', 'warna', 'hijau', 'nak', 'bawak', 'g', 'kerja', 'merempit', 'musim', 'covid'];['hrap', 'k', 'rt', 'nak', 'warna', 'hijau', 'nak', 'bawak', 'g', 'kerja', 'merempit', 'musim', 'covid'];hrap k rt nak warna hijau nak bawak g kerja merempit musim covid;hrap k rt nak warna hijau nak bawak g kerja merempit musim covid
145;Salam sapa? Mana boleh salam salam pqah musim covid ni. Adoilah;0.0;salam sapa salam salam pqah musim covid adoilah;salam sapa mana boleh salam salam pqah musim covid ni adoilah;['salam', 'sapa', 'mana', 'boleh', 'salam', 'salam', 'pqah', 'musim', 'covid', 'ni', 'adoilah'];['salam', 'sapa', 'mana', 'boleh', 'salam', 'salam', 'pqah', 'musim', 'covid', 'ini', 'adoilah'];['salam', 'sapa', 'salam', 'salam', 'pqah', 'musim', 'covid', 'adoilah'];salam sapa salam salam pqah musim covid adoilah;salam sapa salam salam pqah musim covid adoilah
146;Sebagai bentuk dukungan terhadap tim medis yang tengah berjuang menghadapi dan merawat pasien Covid-19. FPI kembali menyalurkan sejumlah bantuan berupa APD serta makanan dan minuman bernutrisi untuk para Tim Medis.;1.0;bentuk dukung tim medis juang hadap rawat pasien covid fpi salur bantu apd makan minum nutrisi tim medis;sebagai bentuk dukungan terhadap tim medis yang tengah berjuang menghadapi dan merawat pasien covid fpi kembali menyalurkan sejumlah bantuan berupa apd serta makanan dan minuman bernutrisi untuk para tim medis;['sebagai', 'bentuk', 'dukungan', 'terhadap', 'tim', 'medis', 'yang', 'tengah', 'berjuang', 'menghadapi', 'dan', 'merawat', 'pasien', 'covid', 'fpi', 'kembali', 'menyalurkan', 'sejumlah', 'bantuan', 'berupa', 'apd', 'serta', 'makanan', 'dan', 'minuman', 'bernutrisi', 'untuk', 'para', 'tim', 'medis'];['sebagai', 'bentuk', 'dukungan', 'terhadap', 'tim', 'medis', 'yang', 'tengah', 'berjuang', 'menghadapi', 'dan', 'merawat', 'pasien', 'covid', 'fpi', 'kembali', 'menyalurkan', 'sejumlah', 'bantuan', 'berupa', 'apd', 'serta', 'makanan', 'dan', 'minuman', 'bernutrisi', 'untuk', 'para', 'tim', 'medis'];['bentuk', 'dukungan', 'tim', 'medis', 'berjuang', 'menghadapi', 'merawat', 'pasien', 'covid', 'fpi', 'menyalurkan', 'bantuan', 'apd', 'makanan', 'minuman', 'bernutrisi', 'tim', 'medis'];bentuk dukungan tim medis berjuang menghadapi merawat pasien covid fpi menyalurkan bantuan apd makanan minuman bernutrisi tim medis;bentuk dukung tim medis juang hadap rawat pasien covid fpi salur bantu apd makan minum nutrisi tim medis
147;Semoga wabah covid-19 segera berlalu agar lebaran bisa mudik dan berkumpul dgn keluarga;1.0;moga wabah covid lebaran mudik kumpul keluarga;semoga wabah covid segera berlalu agar lebaran bisa mudik dan berkumpul dgn keluarga;['semoga', 'wabah', 'covid', 'segera', 'berlalu', 'agar', 'lebaran', 'bisa', 'mudik', 'dan', 'berkumpul', 'dgn', 'keluarga'];['semoga', 'wabah', 'covid', 'segera', 'berlalu', 'agar', 'lebaran', 'bisa', 'mudik', 'dan', 'berkumpul', 'dengan', 'keluarga'];['semoga', 'wabah', 'covid', 'lebaran', 'mudik', 'berkumpul', 'keluarga'];semoga wabah covid lebaran mudik berkumpul keluarga;moga wabah covid lebaran mudik kumpul keluarga
148;Buat penelitian covid 19;0.0;teliti covid;buat penelitian covid;['buat', 'penelitian', 'covid'];['buat', 'penelitian', 'covid'];['penelitian', 'covid'];penelitian covid;teliti covid
149;Tulisan ini saya bikin sekitar 2 minggu lalu, br dipublish 4 hari lalu. Saya nulis ttg konser virtual yg banyak dilakukan saat pandemi Covid-19, tp ini jg persiapan utk era 5G nantinya. Serunya semalam liat postingan Jrx di IG menghubungkan konspirasi Covid19 ini dan 5G.;0.0;tulis minggu br dipublish nulis konser virtual pandemi covid jg siap era g seru malam lihat postingan jrx ig hubung konspirasi covid g;tulisan ini saya bikin sekitar minggu lalu br dipublish hari lalu saya nulis ttg konser virtual yg banyak dilakukan saat pandemi covid tp ini jg persiapan utk era g nantinya serunya semalam liat postingan jrx di ig menghubungkan konspirasi covid ini dan g;['tulisan', 'ini', 'saya', 'bikin', 'sekitar', 'minggu', 'lalu', 'br', 'dipublish', 'hari', 'lalu', 'saya', 'nulis', 'ttg', 'konser', 'virtual', 'yg', 'banyak', 'dilakukan', 'saat', 'pandemi', 'covid', 'tp', 'ini', 'jg', 'persiapan', 'utk', 'era', 'g', 'nantinya', 'serunya', 'semalam', 'liat', 'postingan', 'jrx', 'di', 'ig', 'menghubungkan', 'konspirasi', 'covid', 'ini', 'dan', 'g'];['tulisan', 'ini', 'saya', 'membuat', 'sekitar', 'minggu', 'lalu', 'br', 'dipublish', 'hari', 'lalu', 'saya', 'nulis', 'tentang', 'konser', 'virtual', 'yang', 'banyak', 'dilakukan', 'saat', 'pandemi', 'covid', 'tapi', 'ini', 'jg', 'persiapan', 'untuk', 'era', 'g', 'nantinya', 'serunya', 'semalam', 'lihat', 'postingan', 'jrx', 'di', 'ig', 'menghubungkan', 'konspirasi', 'covid', 'ini', 'dan', 'g'];['tulisan', 'minggu', 'br', 'dipublish', 'nulis', 'konser', 'virtual', 'pandemi', 'covid', 'jg', 'persiapan', 'era', 'g', 'serunya', 'semalam', 'lihat', 'postingan', 'jrx', 'ig', 'menghubungkan', 'konspirasi', 'covid', 'g'];tulisan minggu br dipublish nulis konser virtual pandemi covid jg persiapan era g serunya semalam lihat postingan jrx ig menghubungkan konspirasi covid g;tulis minggu br dipublish nulis konser virtual pandemi covid jg siap era g seru malam lihat postingan jrx ig hubung konspirasi covid g
150;PKP. Semua orang tak nak rugi. Semua nya nak bekerja untuk dapatkan duit. Tapi kena la ingat. Selagi tak selesai kes covid-19, belum tentu kita semua selamat walaupun kita pergi & balik kerja. Lebih baik rugi sementara daripada menyesal selamanya.;1.0;pkp orang nak rugi nya nak dapat duit kena la selagi selesai kes covid selamat pergi kerja rugi sesal;pkp semua orang tak nak rugi semua nya nak bekerja untuk dapatkan duit tapi kena la ingat selagi tak selesai kes covid belum tentu kita semua selamat walaupun kita pergi balik kerja lebih baik rugi sementara daripada menyesal selamanya;['pkp', 'semua', 'orang', 'tak', 'nak', 'rugi', 'semua', 'nya', 'nak', 'bekerja', 'untuk', 'dapatkan', 'duit', 'tapi', 'kena', 'la', 'ingat', 'selagi', 'tak', 'selesai', 'kes', 'covid', 'belum', 'tentu', 'kita', 'semua', 'selamat', 'walaupun', 'kita', 'pergi', 'balik', 'kerja', 'lebih', 'baik', 'rugi', 'sementara', 'daripada', 'menyesal', 'selamanya'];['pkp', 'semua', 'orang', 'tak', 'nak', 'rugi', 'semua', 'nya', 'nak', 'bekerja', 'untuk', 'dapatkan', 'duit', 'tapi', 'kena', 'la', 'ingat', 'selagi', 'tak', 'selesai', 'kes', 'covid', 'belum', 'tentu', 'kita', 'semua', 'selamat', 'walaupun', 'kita', 'pergi', 'balik', 'kerja', 'lebih', 'baik', 'rugi', 'sementara', 'daripada', 'menyesal', 'selamanya'];['pkp', 'orang', 'nak', 'rugi', 'nya', 'nak', 'dapatkan', 'duit', 'kena', 'la', 'selagi', 'selesai', 'kes', 'covid', 'selamat', 'pergi', 'kerja', 'rugi', 'menyesal'];pkp orang nak rugi nya nak dapatkan duit kena la selagi selesai kes covid selamat pergi kerja rugi menyesal;pkp orang nak rugi nya nak dapat duit kena la selagi selesai kes covid selamat pergi kerja rugi sesal
151;Allhumma inn dzu bika minal barashi, wal jun bni, wal judzmi, wa sayy Bismillahirrahmanirrahim semoga Wabah covid-19 segera berakhir, semoga selalu diberikan kesehatan, keselamatan serta kebahagiaan di dunia akhirat .. Aamiin ;1.0;allhumma inn dzu bika mal barashi wal jun bni wal judzmi wa sayy bismillahirrahmanirrahim moga wabah covid moga sehat selamat bahagia dunia akhirat moga;allhumma inn dzu bika minal barashi wal jun bni wal judzmi wa sayy bismillahirrahmanirrahim semoga wabah covid segera berakhir semoga selalu diberikan kesehatan keselamatan serta kebahagiaan di dunia akhirat aamiin;['allhumma', 'inn', 'dzu', 'bika', 'minal', 'barashi', 'wal', 'jun', 'bni', 'wal', 'judzmi', 'wa', 'sayy', 'bismillahirrahmanirrahim', 'semoga', 'wabah', 'covid', 'segera', 'berakhir', 'semoga', 'selalu', 'diberikan', 'kesehatan', 'keselamatan', 'serta', 'kebahagiaan', 'di', 'dunia', 'akhirat', 'aamiin'];['allhumma', 'inn', 'dzu', 'bika', 'minal', 'barashi', 'wal', 'jun', 'bni', 'wal', 'judzmi', 'wa', 'sayy', 'bismillahirrahmanirrahim', 'semoga', 'wabah', 'covid', 'segera', 'berakhir', 'semoga', 'selalu', 'diberikan', 'kesehatan', 'keselamatan', 'serta', 'kebahagiaan', 'di', 'dunia', 'akhirat', 'semoga'];['allhumma', 'inn', 'dzu', 'bika', 'minal', 'barashi', 'wal', 'jun', 'bni', 'wal', 'judzmi', 'wa', 'sayy', 'bismillahirrahmanirrahim', 'semoga', 'wabah', 'covid', 'semoga', 'kesehatan', 'keselamatan', 'kebahagiaan', 'dunia', 'akhirat', 'semoga'];allhumma inn dzu bika minal barashi wal jun bni wal judzmi wa sayy bismillahirrahmanirrahim semoga wabah covid semoga kesehatan keselamatan kebahagiaan dunia akhirat semoga;allhumma inn dzu bika mal barashi wal jun bni wal judzmi wa sayy bismillahirrahmanirrahim moga wabah covid moga sehat selamat bahagia dunia akhirat moga
152;Ketua Wantim MUI Tolak Pengalihan Dana Haji untuk Penanganan Covid-19;1.0;ketua wantim mui tolak alih dana haji tangan covid;ketua wantim mui tolak pengalihan dana haji untuk penanganan covid;['ketua', 'wantim', 'mui', 'tolak', 'pengalihan', 'dana', 'haji', 'untuk', 'penanganan', 'covid'];['ketua', 'wantim', 'mui', 'tolak', 'pengalihan', 'dana', 'haji', 'untuk', 'penanganan', 'covid'];['ketua', 'wantim', 'mui', 'tolak', 'pengalihan', 'dana', 'haji', 'penanganan', 'covid'];ketua wantim mui tolak pengalihan dana haji penanganan covid;ketua wantim mui tolak alih dana haji tangan covid
153;Ada 15 cara menyuruh Covid-19 segera pergi:6. Jangan lagi pernah abaikan rumah, keluarga dengan terlalu sibuk di luar rumah. Bukankan Covid-19 telah mendidik kita untuk banyak tinggal di dalam rumah bersama keluarga ?;1.0;suruh covid pergi abai rumah keluarga sibuk rumah bukan covid didik tinggal rumah keluarga;ada cara menyuruh covid segera pergi jangan lagi pernah abaikan rumah keluarga dengan terlalu sibuk di luar rumah bukankan covid telah mendidik kita untuk banyak tinggal di dalam rumah bersama keluarga;['ada', 'cara', 'menyuruh', 'covid', 'segera', 'pergi', 'jangan', 'lagi', 'pernah', 'abaikan', 'rumah', 'keluarga', 'dengan', 'terlalu', 'sibuk', 'di', 'luar', 'rumah', 'bukankan', 'covid', 'telah', 'mendidik', 'kita', 'untuk', 'banyak', 'tinggal', 'di', 'dalam', 'rumah', 'bersama', 'keluarga'];['ada', 'cara', 'menyuruh', 'covid', 'segera', 'pergi', 'jangan', 'lagi', 'pernah', 'abaikan', 'rumah', 'keluarga', 'dengan', 'terlalu', 'sibuk', 'di', 'luar', 'rumah', 'bukankan', 'covid', 'telah', 'mendidik', 'kita', 'untuk', 'banyak', 'tinggal', 'di', 'dalam', 'rumah', 'bersama', 'keluarga'];['menyuruh', 'covid', 'pergi', 'abaikan', 'rumah', 'keluarga', 'sibuk', 'rumah', 'bukankan', 'covid', 'mendidik', 'tinggal', 'rumah', 'keluarga'];menyuruh covid pergi abaikan rumah keluarga sibuk rumah bukankan covid mendidik tinggal rumah keluarga;suruh covid pergi abai rumah keluarga sibuk rumah bukan covid didik tinggal rumah keluarga
154;Kasihan ibu korban covid 19. Yg memohon kepada warga Video : 2;0.0;kasihan korban covid mohon warga video;kasihan ibu korban covid yg memohon kepada warga video;['kasihan', 'ibu', 'korban', 'covid', 'yg', 'memohon', 'kepada', 'warga', 'video'];['kasihan', 'ibu', 'korban', 'covid', 'yang', 'memohon', 'kepada', 'warga', 'video'];['kasihan', 'korban', 'covid', 'memohon', 'warga', 'video'];kasihan korban covid memohon warga video;kasihan korban covid mohon warga video
155;Bukan karena covid, dia HIV;-1.0;covid hiv;bukan karena covid dia hiv;['bukan', 'karena', 'covid', 'dia', 'hiv'];['bukan', 'karena', 'covid', 'dia', 'hiv'];['covid', 'hiv'];covid hiv;covid hiv
156;Pandemi COVID-19 ketua Komisi Fatwa MUI banten himbau masyarakat tidak ke luar daerah;1.0;pandemi covid ketua komisi fatwa mui banten himbau masyarakat daerah;pandemi covid ketua komisi fatwa mui banten himbau masyarakat tidak ke luar daerah;['pandemi', 'covid', 'ketua', 'komisi', 'fatwa', 'mui', 'banten', 'himbau', 'masyarakat', 'tidak', 'ke', 'luar', 'daerah'];['pandemi', 'covid', 'ketua', 'komisi', 'fatwa', 'mui', 'banten', 'himbau', 'masyarakat', 'tidak', 'ke', 'luar', 'daerah'];['pandemi', 'covid', 'ketua', 'komisi', 'fatwa', 'mui', 'banten', 'himbau', 'masyarakat', 'daerah'];pandemi covid ketua komisi fatwa mui banten himbau masyarakat daerah;pandemi covid ketua komisi fatwa mui banten himbau masyarakat daerah
157;Update 9 April 2020 Infografis Covid-19: 3293 Positif, 252 Sembuh, 280 Meninggal -;0.0;update april infografis covid positif sembuh tinggal;update april infografis covid positif sembuh meninggal;['update', 'april', 'infografis', 'covid', 'positif', 'sembuh', 'meninggal'];['update', 'april', 'infografis', 'covid', 'positif', 'sembuh', 'meninggal'];['update', 'april', 'infografis', 'covid', 'positif', 'sembuh', 'meninggal'];update april infografis covid positif sembuh meninggal;update april infografis covid positif sembuh tinggal
158;Pasien Pertama Covid 19 di Kabupaten Serang Terdeteksi Pulang dari Jakarta;0.0;pasien covid kabupaten serang deteksi pulang jakarta;pasien pertama covid di kabupaten serang terdeteksi pulang dari jakarta;['pasien', 'pertama', 'covid', 'di', 'kabupaten', 'serang', 'terdeteksi', 'pulang', 'dari', 'jakarta'];['pasien', 'pertama', 'covid', 'di', 'kabupaten', 'serang', 'terdeteksi', 'pulang', 'dari', 'jakarta'];['pasien', 'covid', 'kabupaten', 'serang', 'terdeteksi', 'pulang', 'jakarta'];pasien covid kabupaten serang terdeteksi pulang jakarta;pasien covid kabupaten serang deteksi pulang jakarta
159;Time musim PKP ni pun runner boleh jual dadah ek? Yg beli dadah pun jenis otak kat mana tah. Time PKP ni kita nak doa supaya covid-19 ni pulih cepat, orang hisap dadah minta mati cepat. Eh marah plak rasa;0.0;time musim pkp runner jual dadah ek beli dadah jenis otak kat tah time pkp nak doa covid pulih cepat orang hisap dadah mati cepat eh marah plak;time musim pkp ni pun runner boleh jual dadah ek yg beli dadah pun jenis otak kat mana tah time pkp ni kita nak doa supaya covid ni pulih cepat orang hisap dadah minta mati cepat eh marah plak rasa;['time', 'musim', 'pkp', 'ni', 'pun', 'runner', 'boleh', 'jual', 'dadah', 'ek', 'yg', 'beli', 'dadah', 'pun', 'jenis', 'otak', 'kat', 'mana', 'tah', 'time', 'pkp', 'ni', 'kita', 'nak', 'doa', 'supaya', 'covid', 'ni', 'pulih', 'cepat', 'orang', 'hisap', 'dadah', 'minta', 'mati', 'cepat', 'eh', 'marah', 'plak', 'rasa'];['time', 'musim', 'pkp', 'ini', 'pun', 'runner', 'boleh', 'jual', 'dadah', 'ek', 'yang', 'beli', 'dadah', 'pun', 'jenis', 'otak', 'kat', 'mana', 'tah', 'time', 'pkp', 'ini', 'kita', 'nak', 'doa', 'supaya', 'covid', 'ini', 'pulih', 'cepat', 'orang', 'hisap', 'dadah', 'minta', 'mati', 'cepat', 'eh', 'marah', 'plak', 'rasa'];['time', 'musim', 'pkp', 'runner', 'jual', 'dadah', 'ek', 'beli', 'dadah', 'jenis', 'otak', 'kat', 'tah', 'time', 'pkp', 'nak', 'doa', 'covid', 'pulih', 'cepat', 'orang', 'hisap', 'dadah', 'mati', 'cepat', 'eh', 'marah', 'plak'];time musim pkp runner jual dadah ek beli dadah jenis otak kat tah time pkp nak doa covid pulih cepat orang hisap dadah mati cepat eh marah plak;time musim pkp runner jual dadah ek beli dadah jenis otak kat tah time pkp nak doa covid pulih cepat orang hisap dadah mati cepat eh marah plak
160;Cara allah membersihkan bumi ini dari polusi kendaraan ya adanya covid-19 ini;0.0;allah bersih bumi polusi kendara iya covid;cara allah membersihkan bumi ini dari polusi kendaraan ya adanya covid ini;['cara', 'allah', 'membersihkan', 'bumi', 'ini', 'dari', 'polusi', 'kendaraan', 'ya', 'adanya', 'covid', 'ini'];['cara', 'allah', 'membersihkan', 'bumi', 'ini', 'dari', 'polusi', 'kendaraan', 'iya', 'adanya', 'covid', 'ini'];['allah', 'membersihkan', 'bumi', 'polusi', 'kendaraan', 'iya', 'covid'];allah membersihkan bumi polusi kendaraan iya covid;allah bersih bumi polusi kendara iya covid
161;Teknis RS Klaim Biaya Perawatan Pasien Covid-19;0.0;teknis rs klaim biaya awat pasien covid;teknis rs klaim biaya perawatan pasien covid;['teknis', 'rs', 'klaim', 'biaya', 'perawatan', 'pasien', 'covid'];['teknis', 'rs', 'klaim', 'biaya', 'perawatan', 'pasien', 'covid'];['teknis', 'rs', 'klaim', 'biaya', 'perawatan', 'pasien', 'covid'];teknis rs klaim biaya perawatan pasien covid;teknis rs klaim biaya awat pasien covid
162;Dan terjadi lagi, penolakan warga terhadap jenazah perawat yang menangani COVID-19 di RSUP Kariadi, Semarang! Lokasi: Suwakul, Ungaran.Video : 1;-1.0;tolak warga jenazah awat tangan covid rsup kariadi semarang lokasi suwakul ungaranvideo;dan terjadi lagi penolakan warga terhadap jenazah perawat yang menangani covid di rsup kariadi semarang lokasi suwakul ungaranvideo;['dan', 'terjadi', 'lagi', 'penolakan', 'warga', 'terhadap', 'jenazah', 'perawat', 'yang', 'menangani', 'covid', 'di', 'rsup', 'kariadi', 'semarang', 'lokasi', 'suwakul', 'ungaranvideo'];['dan', 'terjadi', 'lagi', 'penolakan', 'warga', 'terhadap', 'jenazah', 'perawat', 'yang', 'menangani', 'covid', 'di', 'rsup', 'kariadi', 'semarang', 'lokasi', 'suwakul', 'ungaranvideo'];['penolakan', 'warga', 'jenazah', 'perawat', 'menangani', 'covid', 'rsup', 'kariadi', 'semarang', 'lokasi', 'suwakul', 'ungaranvideo'];penolakan warga jenazah perawat menangani covid rsup kariadi semarang lokasi suwakul ungaranvideo;tolak warga jenazah awat tangan covid rsup kariadi semarang lokasi suwakul ungaranvideo
163;Wagub Sumbar Minta Data Penerima Bantuan Korban Covid -19 Tidak Duplikasi dan Harus Detail;1.0;wagub sumbar data terima bantu korban covid duplikasi detail;wagub sumbar minta data penerima bantuan korban covid tidak duplikasi dan harus detail;['wagub', 'sumbar', 'minta', 'data', 'penerima', 'bantuan', 'korban', 'covid', 'tidak', 'duplikasi', 'dan', 'harus', 'detail'];['wagub', 'sumbar', 'minta', 'data', 'penerima', 'bantuan', 'korban', 'covid', 'tidak', 'duplikasi', 'dan', 'harus', 'detail'];['wagub', 'sumbar', 'data', 'penerima', 'bantuan', 'korban', 'covid', 'duplikasi', 'detail'];wagub sumbar data penerima bantuan korban covid duplikasi detail;wagub sumbar data terima bantu korban covid duplikasi detail
164;Selamat pagi Kak Siti, Mina informasikan Plasa Telkom Depok yakni Di Jl. Arif Rahman Hakim No.100 Depok saat ini tutup sementara hingga batas waktu yang belum ditentukan mengikuti anjuran dari pemerintah terkait waspada Covid-19, dapat diinformasikan keperluannya apa Kak?-;0.0;selamat pagi kak siti mina informasi plasa telkom depok jl arif rahman hakim no depok tutup batas tentu ikut anjur perintah kait waspada covid informasi perlu kak;selamat pagi kak siti mina informasikan plasa telkom depok yakni di jl arif rahman hakim no depok saat ini tutup sementara hingga batas waktu yang belum ditentukan mengikuti anjuran dari pemerintah terkait waspada covid dapat diinformasikan keperluannya apa kak;['selamat', 'pagi', 'kak', 'siti', 'mina', 'informasikan', 'plasa', 'telkom', 'depok', 'yakni', 'di', 'jl', 'arif', 'rahman', 'hakim', 'no', 'depok', 'saat', 'ini', 'tutup', 'sementara', 'hingga', 'batas', 'waktu', 'yang', 'belum', 'ditentukan', 'mengikuti', 'anjuran', 'dari', 'pemerintah', 'terkait', 'waspada', 'covid', 'dapat', 'diinformasikan', 'keperluannya', 'apa', 'kak'];['selamat', 'pagi', 'kak', 'siti', 'mina', 'informasikan', 'plasa', 'telkom', 'depok', 'yakni', 'di', 'jl', 'arif', 'rahman', 'hakim', 'no', 'depok', 'saat', 'ini', 'tutup', 'sementara', 'hingga', 'batas', 'waktu', 'yang', 'belum', 'ditentukan', 'mengikuti', 'anjuran', 'dari', 'pemerintah', 'terkait', 'waspada', 'covid', 'dapat', 'diinformasikan', 'keperluannya', 'apa', 'kak'];['selamat', 'pagi', 'kak', 'siti', 'mina', 'informasikan', 'plasa', 'telkom', 'depok', 'jl', 'arif', 'rahman', 'hakim', 'no', 'depok', 'tutup', 'batas', 'ditentukan', 'mengikuti', 'anjuran', 'pemerintah', 'terkait', 'waspada', 'covid', 'diinformasikan', 'keperluannya', 'kak'];selamat pagi kak siti mina informasikan plasa telkom depok jl arif rahman hakim no depok tutup batas ditentukan mengikuti anjuran pemerintah terkait waspada covid diinformasikan keperluannya kak;selamat pagi kak siti mina informasi plasa telkom depok jl arif rahman hakim no depok tutup batas tentu ikut anjur perintah kait waspada covid informasi perlu kak
165;Doa Para Kiai Bawa Spirit di Tengah Pandemi Covid-19 via;1.0;doa kiai bawa spirit pandemi covid via;doa para kiai bawa spirit di tengah pandemi covid via;['doa', 'para', 'kiai', 'bawa', 'spirit', 'di', 'tengah', 'pandemi', 'covid', 'via'];['doa', 'para', 'kiai', 'bawa', 'spirit', 'di', 'tengah', 'pandemi', 'covid', 'via'];['doa', 'kiai', 'bawa', 'spirit', 'pandemi', 'covid', 'via'];doa kiai bawa spirit pandemi covid via;doa kiai bawa spirit pandemi covid via
166;Pandemi Covid-19: 1.599.423 Kasus dan 95.523 Kematian -;0.0;pandemi covid mati;pandemi covid kasus dan kematian;['pandemi', 'covid', 'kasus', 'dan', 'kematian'];['pandemi', 'covid', 'kasus', 'dan', 'kematian'];['pandemi', 'covid', 'kematian'];pandemi covid kematian;pandemi covid mati
167;Pusing julz, d rumah lagi rame covid, d sini rame fwb ga ngotak;-1.0;pusing julz d rumah ramai covid d ramai fwb ngotak;pusing julz d rumah lagi rame covid d sini rame fwb ga ngotak;['pusing', 'julz', 'd', 'rumah', 'lagi', 'rame', 'covid', 'd', 'sini', 'rame', 'fwb', 'ga', 'ngotak'];['pusing', 'julz', 'd', 'rumah', 'lagi', 'ramai', 'covid', 'd', 'sini', 'ramai', 'fwb', 'tidak', 'ngotak'];['pusing', 'julz', 'd', 'rumah', 'ramai', 'covid', 'd', 'ramai', 'fwb', 'ngotak'];pusing julz d rumah ramai covid d ramai fwb ngotak;pusing julz d rumah ramai covid d ramai fwb ngotak
168;semoga wabah covid-19 segera berlalu dan indonesia kembali baik baik saja, amin paling serius;1.0;moga wabah covid indonesia moga serius;semoga wabah covid segera berlalu dan indonesia kembali baik baik saja amin paling serius;['semoga', 'wabah', 'covid', 'segera', 'berlalu', 'dan', 'indonesia', 'kembali', 'baik', 'baik', 'saja', 'amin', 'paling', 'serius'];['semoga', 'wabah', 'covid', 'segera', 'berlalu', 'dan', 'indonesia', 'kembali', 'baik', 'baik', 'saja', 'semoga', 'paling', 'serius'];['semoga', 'wabah', 'covid', 'indonesia', 'semoga', 'serius'];semoga wabah covid indonesia semoga serius;moga wabah covid indonesia moga serius
169;Ada juga lu sbg ketua mutusin utk potong gaji seluruh anggota dpr selama beberapa bulan kedepan utk biaya penanggulangan wabah covid-19..bukannya galang satgas covid-19 utk nyari dana.!!! Mati kekayaan lo gak lo bawa ke liang lahat!!;-1.0;ketua mutusin potong gaji anggota dpr depan biaya tanggulang wabah covidbukannya galang satgas covid cari dana mati kaya lo lo bawa liang lahat;ada juga lu sbg ketua mutusin utk potong gaji seluruh anggota dpr selama beberapa bulan kedepan utk biaya penanggulangan wabah covidbukannya galang satgas covid utk nyari dana mati kekayaan lo gak lo bawa ke liang lahat;['ada', 'juga', 'lu', 'sbg', 'ketua', 'mutusin', 'utk', 'potong', 'gaji', 'seluruh', 'anggota', 'dpr', 'selama', 'beberapa', 'bulan', 'kedepan', 'utk', 'biaya', 'penanggulangan', 'wabah', 'covidbukannya', 'galang', 'satgas', 'covid', 'utk', 'nyari', 'dana', 'mati', 'kekayaan', 'lo', 'gak', 'lo', 'bawa', 'ke', 'liang', 'lahat'];['ada', 'juga', 'kamu', 'sebagai', 'ketua', 'mutusin', 'untuk', 'potong', 'gaji', 'seluruh', 'anggota', 'dpr', 'selama', 'beberapa', 'bulan', 'kedepan', 'untuk', 'biaya', 'penanggulangan', 'wabah', 'covidbukannya', 'galang', 'satgas', 'covid', 'untuk', 'mencari', 'dana', 'mati', 'kekayaan', 'lo', 'tidak', 'lo', 'bawa', 'ke', 'liang', 'lahat'];['ketua', 'mutusin', 'potong', 'gaji', 'anggota', 'dpr', 'kedepan', 'biaya', 'penanggulangan', 'wabah', 'covidbukannya', 'galang', 'satgas', 'covid', 'mencari', 'dana', 'mati', 'kekayaan', 'lo', 'lo', 'bawa', 'liang', 'lahat'];ketua mutusin potong gaji anggota dpr kedepan biaya penanggulangan wabah covidbukannya galang satgas covid mencari dana mati kekayaan lo lo bawa liang lahat;ketua mutusin potong gaji anggota dpr depan biaya tanggulang wabah covidbukannya galang satgas covid cari dana mati kaya lo lo bawa liang lahat
170;Presiden RI sangat cekatan dalam menghadapi Pandemi Covid-19 A. Sangat Benar SekaliB. Benar SekaliC. BenarD. Benar Semuah;1.0;presiden cekat hadap pandemi covid a sekalib sekalic benard semuah;presiden ri sangat cekatan dalam menghadapi pandemi covid a sangat benar sekalib benar sekalic benard benar semuah;['presiden', 'ri', 'sangat', 'cekatan', 'dalam', 'menghadapi', 'pandemi', 'covid', 'a', 'sangat', 'benar', 'sekalib', 'benar', 'sekalic', 'benard', 'benar', 'semuah'];['presiden', 'di', 'sangat', 'cekatan', 'dalam', 'menghadapi', 'pandemi', 'covid', 'a', 'sangat', 'benar', 'sekalib', 'benar', 'sekalic', 'benard', 'benar', 'semuah'];['presiden', 'cekatan', 'menghadapi', 'pandemi', 'covid', 'a', 'sekalib', 'sekalic', 'benard', 'semuah'];presiden cekatan menghadapi pandemi covid a sekalib sekalic benard semuah;presiden cekat hadap pandemi covid a sekalib sekalic benard semuah
171;biar hukum yg brjalan. yuk fokus lawan covid 19;1.0;biar hukum brjalan ayo fokus lawan covid;biar hukum yg brjalan yuk fokus lawan covid;['biar', 'hukum', 'yg', 'brjalan', 'yuk', 'fokus', 'lawan', 'covid'];['biar', 'hukum', 'yang', 'brjalan', 'ayo', 'fokus', 'lawan', 'covid'];['biar', 'hukum', 'brjalan', 'ayo', 'fokus', 'lawan', 'covid'];biar hukum brjalan ayo fokus lawan covid;biar hukum brjalan ayo fokus lawan covid
172;Pasca pandemi covid 19 ada orang gila nambah nggak ???;-1.0;pasca pandemi covid orang gila nambah nggak;pasca pandemi covid ada orang gila nambah nggak;['pasca', 'pandemi', 'covid', 'ada', 'orang', 'gila', 'nambah', 'nggak'];['pasca', 'pandemi', 'covid', 'ada', 'orang', 'gila', 'nambah', 'nggak'];['pasca', 'pandemi', 'covid', 'orang', 'gila', 'nambah', 'nggak'];pasca pandemi covid orang gila nambah nggak;pasca pandemi covid orang gila nambah nggak
173;Sbenarnya ada baiknya covid ni berlaku.. Banyak;-1.0;sbenarnya baik covid laku;sbenarnya ada baiknya covid ni berlaku banyak;['sbenarnya', 'ada', 'baiknya', 'covid', 'ni', 'berlaku', 'banyak'];['sbenarnya', 'ada', 'baiknya', 'covid', 'ini', 'berlaku', 'banyak'];['sbenarnya', 'baiknya', 'covid', 'berlaku'];sbenarnya baiknya covid berlaku;sbenarnya baik covid laku
174;Meninggal nya relawan covid kalah tenar dengan glen;-1.0;tinggal nya rawan covid kalah tenar glen;meninggal nya relawan covid kalah tenar dengan glen;['meninggal', 'nya', 'relawan', 'covid', 'kalah', 'tenar', 'dengan', 'glen'];['meninggal', 'nya', 'relawan', 'covid', 'kalah', 'tenar', 'dengan', 'glen'];['meninggal', 'nya', 'relawan', 'covid', 'kalah', 'tenar', 'glen'];meninggal nya relawan covid kalah tenar glen;tinggal nya rawan covid kalah tenar glen
175;Legislatif sosialisasikan bahaya corona hingga ke sawah: Wakil rakyat di DPRD Kabupaten Kotabaru, Kalimantan Selatan gencar melakukan sosialisasi kepada masyarakat dalam mengantisipasi bahaya penyebaran virus COVID-19, yang dimulai dari wilayah perkotaan;1.0;legislatif sosialisasi bahaya corona sawah wakil rakyat dprd kabupaten kotabaru kalimantan selatan gencar sosialisasi masyarakat antisipasi bahaya sebar virus covid wilayah kota;legislatif sosialisasikan bahaya corona hingga ke sawah wakil rakyat di dprd kabupaten kotabaru kalimantan selatan gencar melakukan sosialisasi kepada masyarakat dalam mengantisipasi bahaya penyebaran virus covid yang dimulai dari wilayah perkotaan;['legislatif', 'sosialisasikan', 'bahaya', 'corona', 'hingga', 'ke', 'sawah', 'wakil', 'rakyat', 'di', 'dprd', 'kabupaten', 'kotabaru', 'kalimantan', 'selatan', 'gencar', 'melakukan', 'sosialisasi', 'kepada', 'masyarakat', 'dalam', 'mengantisipasi', 'bahaya', 'penyebaran', 'virus', 'covid', 'yang', 'dimulai', 'dari', 'wilayah', 'perkotaan'];['legislatif', 'sosialisasikan', 'bahaya', 'corona', 'hingga', 'ke', 'sawah', 'wakil', 'rakyat', 'di', 'dprd', 'kabupaten', 'kotabaru', 'kalimantan', 'selatan', 'gencar', 'melakukan', 'sosialisasi', 'kepada', 'masyarakat', 'dalam', 'mengantisipasi', 'bahaya', 'penyebaran', 'virus', 'covid', 'yang', 'dimulai', 'dari', 'wilayah', 'perkotaan'];['legislatif', 'sosialisasikan', 'bahaya', 'corona', 'sawah', 'wakil', 'rakyat', 'dprd', 'kabupaten', 'kotabaru', 'kalimantan', 'selatan', 'gencar', 'sosialisasi', 'masyarakat', 'mengantisipasi', 'bahaya', 'penyebaran', 'virus', 'covid', 'wilayah', 'perkotaan'];legislatif sosialisasikan bahaya corona sawah wakil rakyat dprd kabupaten kotabaru kalimantan selatan gencar sosialisasi masyarakat mengantisipasi bahaya penyebaran virus covid wilayah perkotaan;legislatif sosialisasi bahaya corona sawah wakil rakyat dprd kabupaten kotabaru kalimantan selatan gencar sosialisasi masyarakat antisipasi bahaya sebar virus covid wilayah kota
176;RS darurat Wisma Atlet Kemayoran rawat 522 pasien: Rumah Sakit Darurat COVID-19 Wisma Atlet di Kemayoran, Jakarta, hingga Kamis, 9 Maret 2020 merawat 522 pasien rawat inap yang terdiri atas 334 pria dan 188 perempuan.Kasdam Jaya Brigjen TNI M Saleh;0.0;rs darurat wisma atlet mayor rawat pasien rumah sakit darurat covid wisma atlet mayor jakarta kamis maret rawat pasien rawat inap pria perempuankasdam jaya brigjen tni m saleh;rs darurat wisma atlet kemayoran rawat pasien rumah sakit darurat covid wisma atlet di kemayoran jakarta hingga kamis maret merawat pasien rawat inap yang terdiri atas pria dan perempuankasdam jaya brigjen tni m saleh;['rs', 'darurat', 'wisma', 'atlet', 'kemayoran', 'rawat', 'pasien', 'rumah', 'sakit', 'darurat', 'covid', 'wisma', 'atlet', 'di', 'kemayoran', 'jakarta', 'hingga', 'kamis', 'maret', 'merawat', 'pasien', 'rawat', 'inap', 'yang', 'terdiri', 'atas', 'pria', 'dan', 'perempuankasdam', 'jaya', 'brigjen', 'tni', 'm', 'saleh'];['rs', 'darurat', 'wisma', 'atlet', 'kemayoran', 'rawat', 'pasien', 'rumah', 'sakit', 'darurat', 'covid', 'wisma', 'atlet', 'di', 'kemayoran', 'jakarta', 'hingga', 'kamis', 'maret', 'merawat', 'pasien', 'rawat', 'inap', 'yang', 'terdiri', 'atas', 'pria', 'dan', 'perempuankasdam', 'jaya', 'brigjen', 'tni', 'm', 'saleh'];['rs', 'darurat', 'wisma', 'atlet', 'kemayoran', 'rawat', 'pasien', 'rumah', 'sakit', 'darurat', 'covid', 'wisma', 'atlet', 'kemayoran', 'jakarta', 'kamis', 'maret', 'merawat', 'pasien', 'rawat', 'inap', 'pria', 'perempuankasdam', 'jaya', 'brigjen', 'tni', 'm', 'saleh'];rs darurat wisma atlet kemayoran rawat pasien rumah sakit darurat covid wisma atlet kemayoran jakarta kamis maret merawat pasien rawat inap pria perempuankasdam jaya brigjen tni m saleh;rs darurat wisma atlet mayor rawat pasien rumah sakit darurat covid wisma atlet mayor jakarta kamis maret rawat pasien rawat inap pria perempuankasdam jaya brigjen tni m saleh
177;Wabah Covid-19 Merebak, Perajin Masker di Badung Panen Order;0.0;wabah covid rebak rajin masker badung panen order;wabah covid merebak perajin masker di badung panen order;['wabah', 'covid', 'merebak', 'perajin', 'masker', 'di', 'badung', 'panen', 'order'];['wabah', 'covid', 'merebak', 'perajin', 'masker', 'di', 'badung', 'panen', 'order'];['wabah', 'covid', 'merebak', 'perajin', 'masker', 'badung', 'panen', 'order'];wabah covid merebak perajin masker badung panen order;wabah covid rebak rajin masker badung panen order
178;2. Dampak Covid-19 terhadap Kerjasama Internasional Jawab:. Adanya kapasitas perawatan kesehatan yang cukup . Harus terintegrasi antara kebijakan pada bidang kesehatan dan ekonomi makro. kerja sama internasional maupun kemitraan lintas batas;1.0;dampak covid kerjasama internasional kapasitas awat sehat integrasi bijak bidang sehat ekonomi makro kerja internasional mitra lintas batas;dampak covid terhadap kerjasama internasional jawab adanya kapasitas perawatan kesehatan yang cukup harus terintegrasi antara kebijakan pada bidang kesehatan dan ekonomi makro kerja sama internasional maupun kemitraan lintas batas;['dampak', 'covid', 'terhadap', 'kerjasama', 'internasional', 'jawab', 'adanya', 'kapasitas', 'perawatan', 'kesehatan', 'yang', 'cukup', 'harus', 'terintegrasi', 'antara', 'kebijakan', 'pada', 'bidang', 'kesehatan', 'dan', 'ekonomi', 'makro', 'kerja', 'sama', 'internasional', 'maupun', 'kemitraan', 'lintas', 'batas'];['dampak', 'covid', 'terhadap', 'kerjasama', 'internasional', 'jawab', 'adanya', 'kapasitas', 'perawatan', 'kesehatan', 'yang', 'cukup', 'harus', 'terintegrasi', 'antara', 'kebijakan', 'pada', 'bidang', 'kesehatan', 'dan', 'ekonomi', 'makro', 'kerja', 'sama', 'internasional', 'maupun', 'kemitraan', 'lintas', 'batas'];['dampak', 'covid', 'kerjasama', 'internasional', 'kapasitas', 'perawatan', 'kesehatan', 'terintegrasi', 'kebijakan', 'bidang', 'kesehatan', 'ekonomi', 'makro', 'kerja', 'internasional', 'kemitraan', 'lintas', 'batas'];dampak covid kerjasama internasional kapasitas perawatan kesehatan terintegrasi kebijakan bidang kesehatan ekonomi makro kerja internasional kemitraan lintas batas;dampak covid kerjasama internasional kapasitas awat sehat integrasi bijak bidang sehat ekonomi makro kerja internasional mitra lintas batas
179;"DPC Demokrat Maluku Tengah bagikan masker di Pasar Binaya Kota Masohi dan di depan Mini Market Hoky, Namaelo.""Ini lanjutan dari kegiatan sebelumnya, agar kader turun langsung ke masyarakat, ujar Ketua DPC Samuel Thiemailattu.";1.0;dpc demokrat malu bagi masker pasar baya kota masohi mini market hoky namaeloini lanjut giat kader turun langsung masyarakat ketua dpc samuel thiemailattu;dpc demokrat maluku tengah bagikan masker di pasar binaya kota masohi dan di depan mini market hoky namaeloini lanjutan dari kegiatan sebelumnya agar kader turun langsung ke masyarakat ujar ketua dpc samuel thiemailattu;['dpc', 'demokrat', 'maluku', 'tengah', 'bagikan', 'masker', 'di', 'pasar', 'binaya', 'kota', 'masohi', 'dan', 'di', 'depan', 'mini', 'market', 'hoky', 'namaeloini', 'lanjutan', 'dari', 'kegiatan', 'sebelumnya', 'agar', 'kader', 'turun', 'langsung', 'ke', 'masyarakat', 'ujar', 'ketua', 'dpc', 'samuel', 'thiemailattu'];['dpc', 'demokrat', 'maluku', 'tengah', 'bagikan', 'masker', 'di', 'pasar', 'binaya', 'kota', 'masohi', 'dan', 'di', 'depan', 'mini', 'market', 'hoky', 'namaeloini', 'lanjutan', 'dari', 'kegiatan', 'sebelumnya', 'agar', 'kader', 'turun', 'langsung', 'ke', 'masyarakat', 'ujar', 'ketua', 'dpc', 'samuel', 'thiemailattu'];['dpc', 'demokrat', 'maluku', 'bagikan', 'masker', 'pasar', 'binaya', 'kota', 'masohi', 'mini', 'market', 'hoky', 'namaeloini', 'lanjutan', 'kegiatan', 'kader', 'turun', 'langsung', 'masyarakat', 'ketua', 'dpc', 'samuel', 'thiemailattu'];dpc demokrat maluku bagikan masker pasar binaya kota masohi mini market hoky namaeloini lanjutan kegiatan kader turun langsung masyarakat ketua dpc samuel thiemailattu;dpc demokrat malu bagi masker pasar baya kota masohi mini market hoky namaeloini lanjut giat kader turun langsung masyarakat ketua dpc samuel thiemailattu
180;KITA PUTUS DULU YA untuk memutuskan mata rantai COVID-19 tak cukup dgn jaga jarak saja, gunakan MASKER jika keluar rumah lindungi dirimu, karena mungkin saja seseorang disekitar kita terjangkit COVID-19;1.0;putus iya putus mata rantai covid jaga jarak masker rumah lindung diri sekitar jangkit covid;kita putus dulu ya untuk memutuskan mata rantai covid tak cukup dgn jaga jarak saja gunakan masker jika keluar rumah lindungi dirimu karena mungkin saja seseorang disekitar kita terjangkit covid;['kita', 'putus', 'dulu', 'ya', 'untuk', 'memutuskan', 'mata', 'rantai', 'covid', 'tak', 'cukup', 'dgn', 'jaga', 'jarak', 'saja', 'gunakan', 'masker', 'jika', 'keluar', 'rumah', 'lindungi', 'dirimu', 'karena', 'mungkin', 'saja', 'seseorang', 'disekitar', 'kita', 'terjangkit', 'covid'];['kita', 'putus', 'dulu', 'iya', 'untuk', 'memutuskan', 'mata', 'rantai', 'covid', 'tak', 'cukup', 'dengan', 'jaga', 'jarak', 'saja', 'gunakan', 'masker', 'jika', 'keluar', 'rumah', 'lindungi', 'dirimu', 'karena', 'mungkin', 'saja', 'seseorang', 'disekitar', 'kita', 'terjangkit', 'covid'];['putus', 'iya', 'memutuskan', 'mata', 'rantai', 'covid', 'jaga', 'jarak', 'masker', 'rumah', 'lindungi', 'dirimu', 'disekitar', 'terjangkit', 'covid'];putus iya memutuskan mata rantai covid jaga jarak masker rumah lindungi dirimu disekitar terjangkit covid;putus iya putus mata rantai covid jaga jarak masker rumah lindung diri sekitar jangkit covid
181;Dengan diterapkannya PSBB (Pembatasan Sosial Berskala Besar) dibebarapa daerah, mari refleksikan pengorbanan-Nya dari rumah masing-masing. Dan kita semua berharap mukjizat segera turun menghalau COVID-19. Have a blessing;1.0;terap psbb batas sosial skala dibebarapa daerah mari refleksi korban rumah masingmasing harap mukjizat turun halau covid have a blessing;dengan diterapkannya psbb pembatasan sosial berskala besar dibebarapa daerah mari refleksikan pengorbanannya dari rumah masingmasing dan kita semua berharap mukjizat segera turun menghalau covid have a blessing;['dengan', 'diterapkannya', 'psbb', 'pembatasan', 'sosial', 'berskala', 'besar', 'dibebarapa', 'daerah', 'mari', 'refleksikan', 'pengorbanannya', 'dari', 'rumah', 'masingmasing', 'dan', 'kita', 'semua', 'berharap', 'mukjizat', 'segera', 'turun', 'menghalau', 'covid', 'have', 'a', 'blessing'];['dengan', 'diterapkannya', 'psbb', 'pembatasan', 'sosial', 'berskala', 'besar', 'dibebarapa', 'daerah', 'mari', 'refleksikan', 'pengorbanannya', 'dari', 'rumah', 'masingmasing', 'dan', 'kita', 'semua', 'berharap', 'mukjizat', 'segera', 'turun', 'menghalau', 'covid', 'have', 'a', 'blessing'];['diterapkannya', 'psbb', 'pembatasan', 'sosial', 'berskala', 'dibebarapa', 'daerah', 'mari', 'refleksikan', 'pengorbanannya', 'rumah', 'masingmasing', 'berharap', 'mukjizat', 'turun', 'menghalau', 'covid', 'have', 'a', 'blessing'];diterapkannya psbb pembatasan sosial berskala dibebarapa daerah mari refleksikan pengorbanannya rumah masingmasing berharap mukjizat turun menghalau covid have a blessing;terap psbb batas sosial skala dibebarapa daerah mari refleksi korban rumah masingmasing harap mukjizat turun halau covid have a blessing
182;gila serem bgt tante gue abis ngeoprasi org sesaran taunya doi positif covid;0.0;gila rem banget tante ngeoprasi orang sesar tau doi positif covid;gila serem bgt tante gue abis ngeoprasi org sesaran taunya doi positif covid;['gila', 'serem', 'bgt', 'tante', 'gue', 'abis', 'ngeoprasi', 'org', 'sesaran', 'taunya', 'doi', 'positif', 'covid'];['gila', 'serem', 'banget', 'tante', 'saya', 'setelah', 'ngeoprasi', 'orang', 'sesaran', 'taunya', 'doi', 'positif', 'covid'];['gila', 'serem', 'banget', 'tante', 'ngeoprasi', 'orang', 'sesaran', 'taunya', 'doi', 'positif', 'covid'];gila serem banget tante ngeoprasi orang sesaran taunya doi positif covid;gila rem banget tante ngeoprasi orang sesar tau doi positif covid
183;BERSAMA LAWAN COVID-19 polisi_palembang anom_setyadji andes9899 irwan_to.sik05;1.0;lawan covid polisipalembang anomsetyadji andes irwantosik;bersama lawan covid polisipalembang anomsetyadji andes irwantosik;['bersama', 'lawan', 'covid', 'polisipalembang', 'anomsetyadji', 'andes', 'irwantosik'];['bersama', 'lawan', 'covid', 'polisipalembang', 'anomsetyadji', 'andes', 'irwantosik'];['lawan', 'covid', 'polisipalembang', 'anomsetyadji', 'andes', 'irwantosik'];lawan covid polisipalembang anomsetyadji andes irwantosik;lawan covid polisipalembang anomsetyadji andes irwantosik
184;Stay safe demi mencergah penyebaran peluasan wabah covid 19 bareng smartfren ;0.0;stay safe mencergah sebar luas wabah covid bareng smartfren;stay safe demi mencergah penyebaran peluasan wabah covid bareng smartfren;['stay', 'safe', 'demi', 'mencergah', 'penyebaran', 'peluasan', 'wabah', 'covid', 'bareng', 'smartfren'];['stay', 'safe', 'demi', 'mencergah', 'penyebaran', 'peluasan', 'wabah', 'covid', 'bareng', 'smartfren'];['stay', 'safe', 'mencergah', 'penyebaran', 'peluasan', 'wabah', 'covid', 'bareng', 'smartfren'];stay safe mencergah penyebaran peluasan wabah covid bareng smartfren;stay safe mencergah sebar luas wabah covid bareng smartfren
185;Yuk, setelah covid berakhir. Tapi pengen bgt ke argopuro gas;0.0;ayo covid banget argopuro gas;yuk setelah covid berakhir tapi pengen bgt ke argopuro gas;['yuk', 'setelah', 'covid', 'berakhir', 'tapi', 'pengen', 'bgt', 'ke', 'argopuro', 'gas'];['ayo', 'setelah', 'covid', 'berakhir', 'tapi', 'ingin', 'banget', 'ke', 'argopuro', 'gas'];['ayo', 'covid', 'banget', 'argopuro', 'gas'];ayo covid banget argopuro gas;ayo covid banget argopuro gas
186;Kenapa harus banget ngikutin berita covid ? Karna di ruang isolasi itu ga enak banget Astagfirullah cukup sekali dan semoga virus ini segera lenyap dari bumi;1.0;banget ngikutin berita covid ruang isolasi enak banget astagfirullah moga virus lenyap bumi;kenapa harus banget ngikutin berita covid karna di ruang isolasi itu ga enak banget astagfirullah cukup sekali dan semoga virus ini segera lenyap dari bumi;['kenapa', 'harus', 'banget', 'ngikutin', 'berita', 'covid', 'karna', 'di', 'ruang', 'isolasi', 'itu', 'ga', 'enak', 'banget', 'astagfirullah', 'cukup', 'sekali', 'dan', 'semoga', 'virus', 'ini', 'segera', 'lenyap', 'dari', 'bumi'];['kenapa', 'harus', 'banget', 'ngikutin', 'berita', 'covid', 'karena', 'di', 'ruang', 'isolasi', 'itu', 'tidak', 'enak', 'banget', 'astagfirullah', 'cukup', 'sekali', 'dan', 'semoga', 'virus', 'ini', 'segera', 'lenyap', 'dari', 'bumi'];['banget', 'ngikutin', 'berita', 'covid', 'ruang', 'isolasi', 'enak', 'banget', 'astagfirullah', 'semoga', 'virus', 'lenyap', 'bumi'];banget ngikutin berita covid ruang isolasi enak banget astagfirullah semoga virus lenyap bumi;banget ngikutin berita covid ruang isolasi enak banget astagfirullah moga virus lenyap bumi
187;Punten ini rapid test covid kah mas nya?;0.0;permisi rapid test covid kah mas nya;punten ini rapid test covid kah mas nya;['punten', 'ini', 'rapid', 'test', 'covid', 'kah', 'mas', 'nya'];['permisi', 'ini', 'rapid', 'test', 'covid', 'kah', 'mas', 'nya'];['permisi', 'rapid', 'test', 'covid', 'kah', 'mas', 'nya'];permisi rapid test covid kah mas nya;permisi rapid test covid kah mas nya
188;Bali terkini (April 2020), efek global Covid-19.Simak selengkapnya pada video saya,Link youtube:;0.0;bal kini april efek global covidsimak lengkap video sayalink youtube;bali terkini april efek global covidsimak selengkapnya pada video sayalink youtube;['bali', 'terkini', 'april', 'efek', 'global', 'covidsimak', 'selengkapnya', 'pada', 'video', 'sayalink', 'youtube'];['bali', 'terkini', 'april', 'efek', 'global', 'covidsimak', 'selengkapnya', 'pada', 'video', 'sayalink', 'youtube'];['bali', 'terkini', 'april', 'efek', 'global', 'covidsimak', 'selengkapnya', 'video', 'sayalink', 'youtube'];bali terkini april efek global covidsimak selengkapnya video sayalink youtube;bal kini april efek global covidsimak lengkap video sayalink youtube
189;Satu hari dia (Covid-19),akan pulang ke tempat asalnya... Tapi smp waktu itu kita harus terus bersabar dan berdoa moga semuanya dipermudahkan - Ustaz Fawwaz ;1.0;covidakan pulang asal smp sabar doa moga mudah ustaz fawwaz;satu hari dia covidakan pulang ke tempat asalnya tapi smp waktu itu kita harus terus bersabar dan berdoa moga semuanya dipermudahkan ustaz fawwaz;['satu', 'hari', 'dia', 'covidakan', 'pulang', 'ke', 'tempat', 'asalnya', 'tapi', 'smp', 'waktu', 'itu', 'kita', 'harus', 'terus', 'bersabar', 'dan', 'berdoa', 'moga', 'semuanya', 'dipermudahkan', 'ustaz', 'fawwaz'];['satu', 'hari', 'dia', 'covidakan', 'pulang', 'ke', 'tempat', 'asalnya', 'tapi', 'smp', 'waktu', 'itu', 'kita', 'harus', 'terus', 'bersabar', 'dan', 'berdoa', 'semoga', 'semuanya', 'dipermudahkan', 'ustaz', 'fawwaz'];['covidakan', 'pulang', 'asalnya', 'smp', 'bersabar', 'berdoa', 'semoga', 'dipermudahkan', 'ustaz', 'fawwaz'];covidakan pulang asalnya smp bersabar berdoa semoga dipermudahkan ustaz fawwaz;covidakan pulang asal smp sabar doa moga mudah ustaz fawwaz
190;Mau gimana lagi? Kalo sampe dia bilang masuk tuh covid. Minta bantuin siapa? Dia kan memusuhi seluruh dunia. Bener gak si?;-1.0;bilang masuk covid bantuin musuh dunia sih;mau gimana lagi kalo sampe dia bilang masuk tuh covid minta bantuin siapa dia kan memusuhi seluruh dunia bener gak si;['mau', 'gimana', 'lagi', 'kalo', 'sampe', 'dia', 'bilang', 'masuk', 'tuh', 'covid', 'minta', 'bantuin', 'siapa', 'dia', 'kan', 'memusuhi', 'seluruh', 'dunia', 'bener', 'gak', 'si'];['mau', 'bagaimana', 'lagi', 'kalau', 'sampai', 'dia', 'bilang', 'masuk', 'itu', 'covid', 'minta', 'bantuin', 'siapa', 'dia', 'kan', 'memusuhi', 'seluruh', 'dunia', 'benar', 'tidak', 'sih'];['bilang', 'masuk', 'covid', 'bantuin', 'memusuhi', 'dunia', 'sih'];bilang masuk covid bantuin memusuhi dunia sih;bilang masuk covid bantuin musuh dunia sih
191;Hahaha... Org2 yg tak waras.. Disaat2 sperti inicoba jgn gunakan politik... jgn grogoti dulu pemerintah... marilah kita sama2 tumbangkan covid 19 dulu... stelah 2024 nanti baru kita tumbangkan presiden.. Bukan begitu kan bang.... memangbetul2 ssh org yg ambisi kuasa..sabarlah...;-1.0;hahaha orang waras saat sperti inicoba politik grogoti perintah mari tumbang covid tumbang presiden bang memangbetul ssh orang ambisi kuasasabarlah;hahaha org yg tak waras disaat sperti inicoba jgn gunakan politik jgn grogoti dulu pemerintah marilah kita sama tumbangkan covid dulu stelah nanti baru kita tumbangkan presiden bukan begitu kan bang memangbetul ssh org yg ambisi kuasasabarlah;['hahaha', 'org', 'yg', 'tak', 'waras', 'disaat', 'sperti', 'inicoba', 'jgn', 'gunakan', 'politik', 'jgn', 'grogoti', 'dulu', 'pemerintah', 'marilah', 'kita', 'sama', 'tumbangkan', 'covid', 'dulu', 'stelah', 'nanti', 'baru', 'kita', 'tumbangkan', 'presiden', 'bukan', 'begitu', 'kan', 'bang', 'memangbetul', 'ssh', 'org', 'yg', 'ambisi', 'kuasasabarlah'];['hahaha', 'orang', 'yang', 'tak', 'waras', 'disaat', 'sperti', 'inicoba', 'jangan', 'gunakan', 'politik', 'jangan', 'grogoti', 'dulu', 'pemerintah', 'marilah', 'kita', 'sama', 'tumbangkan', 'covid', 'dulu', 'setelah', 'nanti', 'baru', 'kita', 'tumbangkan', 'presiden', 'bukan', 'begitu', 'kan', 'bang', 'memangbetul', 'ssh', 'orang', 'yang', 'ambisi', 'kuasasabarlah'];['hahaha', 'orang', 'waras', 'disaat', 'sperti', 'inicoba', 'politik', 'grogoti', 'pemerintah', 'marilah', 'tumbangkan', 'covid', 'tumbangkan', 'presiden', 'bang', 'memangbetul', 'ssh', 'orang', 'ambisi', 'kuasasabarlah'];hahaha orang waras disaat sperti inicoba politik grogoti pemerintah marilah tumbangkan covid tumbangkan presiden bang memangbetul ssh orang ambisi kuasasabarlah;hahaha orang waras saat sperti inicoba politik grogoti perintah mari tumbang covid tumbang presiden bang memangbetul ssh orang ambisi kuasasabarlah
192;KBRI Phnom Penh Peduli WNI dan Pencegahan COVID-19;1.0;kbri phnom penh peduli wni cegah covid;kbri phnom penh peduli wni dan pencegahan covid;['kbri', 'phnom', 'penh', 'peduli', 'wni', 'dan', 'pencegahan', 'covid'];['kbri', 'phnom', 'penh', 'peduli', 'wni', 'dan', 'pencegahan', 'covid'];['kbri', 'phnom', 'penh', 'peduli', 'wni', 'pencegahan', 'covid'];kbri phnom penh peduli wni pencegahan covid;kbri phnom penh peduli wni cegah covid
193;Virus Covid menyerang paru-paru, tapi Virus Cinta awak menyerang hati saya. Hehe;0.0;virus covid serang paruparu virus cinta serang hati hehe;virus covid menyerang paruparu tapi virus cinta awak menyerang hati saya hehe;['virus', 'covid', 'menyerang', 'paruparu', 'tapi', 'virus', 'cinta', 'awak', 'menyerang', 'hati', 'saya', 'hehe'];['virus', 'covid', 'menyerang', 'paruparu', 'tapi', 'virus', 'cinta', 'saya', 'menyerang', 'hati', 'saya', 'hehe'];['virus', 'covid', 'menyerang', 'paruparu', 'virus', 'cinta', 'menyerang', 'hati', 'hehe'];virus covid menyerang paruparu virus cinta menyerang hati hehe;virus covid serang paruparu virus cinta serang hati hehe
194;Hasil Rapid Test Covid 19, semua Ulama di Tasimalaya, Jabar Negatif Virus Corona.Alhamdulillah, semoga Allah senantiasa selalu menjaga semua Ulama, Kiyai, Ustadz, Ustadzah, Da'i, Pengurus Masjid di seluruh Indonesia. Aamiin...;1.0;hasil rapid test covid ulama tasimalaya jabar negatif virus coronaalhamdulillah moga allah senantiasa jaga ulama kiyai ustadz ustadzah dai urus masjid indonesia moga;hasil rapid test covid semua ulama di tasimalaya jabar negatif virus coronaalhamdulillah semoga allah senantiasa selalu menjaga semua ulama kiyai ustadz ustadzah dai pengurus masjid di seluruh indonesia aamiin;['hasil', 'rapid', 'test', 'covid', 'semua', 'ulama', 'di', 'tasimalaya', 'jabar', 'negatif', 'virus', 'coronaalhamdulillah', 'semoga', 'allah', 'senantiasa', 'selalu', 'menjaga', 'semua', 'ulama', 'kiyai', 'ustadz', 'ustadzah', 'dai', 'pengurus', 'masjid', 'di', 'seluruh', 'indonesia', 'aamiin'];['hasil', 'rapid', 'test', 'covid', 'semua', 'ulama', 'di', 'tasimalaya', 'jabar', 'negatif', 'virus', 'coronaalhamdulillah', 'semoga', 'allah', 'senantiasa', 'selalu', 'menjaga', 'semua', 'ulama', 'kiyai', 'ustadz', 'ustadzah', 'dai', 'pengurus', 'masjid', 'di', 'seluruh', 'indonesia', 'semoga'];['hasil', 'rapid', 'test', 'covid', 'ulama', 'tasimalaya', 'jabar', 'negatif', 'virus', 'coronaalhamdulillah', 'semoga', 'allah', 'senantiasa', 'menjaga', 'ulama', 'kiyai', 'ustadz', 'ustadzah', 'dai', 'pengurus', 'masjid', 'indonesia', 'semoga'];hasil rapid test covid ulama tasimalaya jabar negatif virus coronaalhamdulillah semoga allah senantiasa menjaga ulama kiyai ustadz ustadzah dai pengurus masjid indonesia semoga;hasil rapid test covid ulama tasimalaya jabar negatif virus coronaalhamdulillah moga allah senantiasa jaga ulama kiyai ustadz ustadzah dai urus masjid indonesia moga
195;HMS Itenas Bandung melalui Satgas Covid-19 Yayasan Wanadri bekerjasama dan bersatu melawan Covid-19 dengan upaya penggalangan dana yang akan digunakan untuk membeli sejumlah alat perlengkapan medis di sejumlah Rumah Sakit di Jawa Barat.;1.0;hms itenas bandung satgas covid yayasan wanadri bekerjasama satu lawan covid upaya galang dana beli alat lengkap medis rumah sakit jawa barat;hms itenas bandung melalui satgas covid yayasan wanadri bekerjasama dan bersatu melawan covid dengan upaya penggalangan dana yang akan digunakan untuk membeli sejumlah alat perlengkapan medis di sejumlah rumah sakit di jawa barat;['hms', 'itenas', 'bandung', 'melalui', 'satgas', 'covid', 'yayasan', 'wanadri', 'bekerjasama', 'dan', 'bersatu', 'melawan', 'covid', 'dengan', 'upaya', 'penggalangan', 'dana', 'yang', 'akan', 'digunakan', 'untuk', 'membeli', 'sejumlah', 'alat', 'perlengkapan', 'medis', 'di', 'sejumlah', 'rumah', 'sakit', 'di', 'jawa', 'barat'];['hms', 'itenas', 'bandung', 'melalui', 'satgas', 'covid', 'yayasan', 'wanadri', 'bekerjasama', 'dan', 'bersatu', 'melawan', 'covid', 'dengan', 'upaya', 'penggalangan', 'dana', 'yang', 'akan', 'digunakan', 'untuk', 'membeli', 'sejumlah', 'alat', 'perlengkapan', 'medis', 'di', 'sejumlah', 'rumah', 'sakit', 'di', 'jawa', 'barat'];['hms', 'itenas', 'bandung', 'satgas', 'covid', 'yayasan', 'wanadri', 'bekerjasama', 'bersatu', 'melawan', 'covid', 'upaya', 'penggalangan', 'dana', 'membeli', 'alat', 'perlengkapan', 'medis', 'rumah', 'sakit', 'jawa', 'barat'];hms itenas bandung satgas covid yayasan wanadri bekerjasama bersatu melawan covid upaya penggalangan dana membeli alat perlengkapan medis rumah sakit jawa barat;hms itenas bandung satgas covid yayasan wanadri bekerjasama satu lawan covid upaya galang dana beli alat lengkap medis rumah sakit jawa barat
196;[HMS Itenas Peduli] Pandemi Covid-19 menghadirkan berbagai keprihatinan sosial di seluruh Indonesia. Sudah saatnya kita keluarga besar HMS Itenas Bandung turun tangan memberikan bantuan kemanusiaan. Ayo Berdonasi untuk Dukung Perlengkapan Medis Tenaga Kesehatan COVID-19!;1.0;hms itenas peduli pandemi covid hadir prihatin sosial indonesia keluarga hms itenas bandung turun tangan bantu manusia ayo donasi dukung lengkap medis tenaga sehat covid;hms itenas peduli pandemi covid menghadirkan berbagai keprihatinan sosial di seluruh indonesia sudah saatnya kita keluarga besar hms itenas bandung turun tangan memberikan bantuan kemanusiaan ayo berdonasi untuk dukung perlengkapan medis tenaga kesehatan covid;['hms', 'itenas', 'peduli', 'pandemi', 'covid', 'menghadirkan', 'berbagai', 'keprihatinan', 'sosial', 'di', 'seluruh', 'indonesia', 'sudah', 'saatnya', 'kita', 'keluarga', 'besar', 'hms', 'itenas', 'bandung', 'turun', 'tangan', 'memberikan', 'bantuan', 'kemanusiaan', 'ayo', 'berdonasi', 'untuk', 'dukung', 'perlengkapan', 'medis', 'tenaga', 'kesehatan', 'covid'];['hms', 'itenas', 'peduli', 'pandemi', 'covid', 'menghadirkan', 'berbagai', 'keprihatinan', 'sosial', 'di', 'seluruh', 'indonesia', 'sudah', 'saatnya', 'kita', 'keluarga', 'besar', 'hms', 'itenas', 'bandung', 'turun', 'tangan', 'memberikan', 'bantuan', 'kemanusiaan', 'ayo', 'berdonasi', 'untuk', 'dukung', 'perlengkapan', 'medis', 'tenaga', 'kesehatan', 'covid'];['hms', 'itenas', 'peduli', 'pandemi', 'covid', 'menghadirkan', 'keprihatinan', 'sosial', 'indonesia', 'keluarga', 'hms', 'itenas', 'bandung', 'turun', 'tangan', 'bantuan', 'kemanusiaan', 'ayo', 'berdonasi', 'dukung', 'perlengkapan', 'medis', 'tenaga', 'kesehatan', 'covid'];hms itenas peduli pandemi covid menghadirkan keprihatinan sosial indonesia keluarga hms itenas bandung turun tangan bantuan kemanusiaan ayo berdonasi dukung perlengkapan medis tenaga kesehatan covid;hms itenas peduli pandemi covid hadir prihatin sosial indonesia keluarga hms itenas bandung turun tangan bantu manusia ayo donasi dukung lengkap medis tenaga sehat covid
197;Covid 19 Mahasiswa dan Pemda, Andi Hasriadi : Biarkan Kami Tetap Hidup Menjadi Generasi Pelanjut;1.0;covid mahasiswa pemda andi hasriadi biar hidup generasi lanjut;covid mahasiswa dan pemda andi hasriadi biarkan kami tetap hidup menjadi generasi pelanjut;['covid', 'mahasiswa', 'dan', 'pemda', 'andi', 'hasriadi', 'biarkan', 'kami', 'tetap', 'hidup', 'menjadi', 'generasi', 'pelanjut'];['covid', 'mahasiswa', 'dan', 'pemda', 'andi', 'hasriadi', 'biarkan', 'kami', 'tetap', 'hidup', 'menjadi', 'generasi', 'pelanjut'];['covid', 'mahasiswa', 'pemda', 'andi', 'hasriadi', 'biarkan', 'hidup', 'generasi', 'pelanjut'];covid mahasiswa pemda andi hasriadi biarkan hidup generasi pelanjut;covid mahasiswa pemda andi hasriadi biar hidup generasi lanjut
198;Antisipasi Kemungkinan Lain, Pasien Sesak Nafas Dikebumikan Dengan Protap Pemakaman PDP Covid-19 -;1.0;antisipasi pasien sesak nafas bumi protap makam pdp covid;antisipasi kemungkinan lain pasien sesak nafas dikebumikan dengan protap pemakaman pdp covid;['antisipasi', 'kemungkinan', 'lain', 'pasien', 'sesak', 'nafas', 'dikebumikan', 'dengan', 'protap', 'pemakaman', 'pdp', 'covid'];['antisipasi', 'kemungkinan', 'lain', 'pasien', 'sesak', 'nafas', 'dikebumikan', 'dengan', 'protap', 'pemakaman', 'pdp', 'covid'];['antisipasi', 'pasien', 'sesak', 'nafas', 'dikebumikan', 'protap', 'pemakaman', 'pdp', 'covid'];antisipasi pasien sesak nafas dikebumikan protap pemakaman pdp covid;antisipasi pasien sesak nafas bumi protap makam pdp covid
199;Selagi vaccine tak jumpa, selagi tu bahaya covid 19 ni;0.0;selagi vaccine jumpa selagi bahaya covid;selagi vaccine tak jumpa selagi tu bahaya covid ni;['selagi', 'vaccine', 'tak', 'jumpa', 'selagi', 'tu', 'bahaya', 'covid', 'ni'];['selagi', 'vaccine', 'tak', 'jumpa', 'selagi', 'itu', 'bahaya', 'covid', 'ini'];['selagi', 'vaccine', 'jumpa', 'selagi', 'bahaya', 'covid'];selagi vaccine jumpa selagi bahaya covid;selagi vaccine jumpa selagi bahaya covid
200;Idup udh susah bgt ya.. Tambah covid makin susah.. Perekonomian beneran anjlokk..Udahann kek pandemi ini ;-1.0;idup susah banget iya covid susah ekonomi serius anjlokkudahann kayak pandemi;idup udh susah bgt ya tambah covid makin susah perekonomian beneran anjlokkudahann kek pandemi ini;['idup', 'udh', 'susah', 'bgt', 'ya', 'tambah', 'covid', 'makin', 'susah', 'perekonomian', 'beneran', 'anjlokkudahann', 'kek', 'pandemi', 'ini'];['idup', 'sudah', 'susah', 'banget', 'iya', 'tambah', 'covid', 'makin', 'susah', 'perekonomian', 'serius', 'anjlokkudahann', 'kayak', 'pandemi', 'ini'];['idup', 'susah', 'banget', 'iya', 'covid', 'susah', 'perekonomian', 'serius', 'anjlokkudahann', 'kayak', 'pandemi'];idup susah banget iya covid susah perekonomian serius anjlokkudahann kayak pandemi;idup susah banget iya covid susah ekonomi serius anjlokkudahann kayak pandemi
201;Cegah Penyebaran Virus Covid-19, PUK SPAI FSPMI PT. Nipro Indonesia Jaya Bagikan Masker dan Hand Sanitizer Untuk Anggota;1.0;cegah sebar virus covid puk spai fspmi pt nipro indonesia jaya bagi masker hand sanitizer anggota;cegah penyebaran virus covid puk spai fspmi pt nipro indonesia jaya bagikan masker dan hand sanitizer untuk anggota;['cegah', 'penyebaran', 'virus', 'covid', 'puk', 'spai', 'fspmi', 'pt', 'nipro', 'indonesia', 'jaya', 'bagikan', 'masker', 'dan', 'hand', 'sanitizer', 'untuk', 'anggota'];['cegah', 'penyebaran', 'virus', 'covid', 'puk', 'spai', 'fspmi', 'pt', 'nipro', 'indonesia', 'jaya', 'bagikan', 'masker', 'dan', 'hand', 'sanitizer', 'untuk', 'anggota'];['cegah', 'penyebaran', 'virus', 'covid', 'puk', 'spai', 'fspmi', 'pt', 'nipro', 'indonesia', 'jaya', 'bagikan', 'masker', 'hand', 'sanitizer', 'anggota'];cegah penyebaran virus covid puk spai fspmi pt nipro indonesia jaya bagikan masker hand sanitizer anggota;cegah sebar virus covid puk spai fspmi pt nipro indonesia jaya bagi masker hand sanitizer anggota
202;kemenkeuri Tak bisa dipungkiri, aktivitas perekonomian yang kian tertekan akibat Covid-19 membuat banyak orang harus kehilangan pekerjaan penghasilan.Pemerintah telah menyusun strategi untuk;1.0;kemenkeuri dipungkiri aktivitas ekonomi kian tekan akibat covid orang hilang kerja penghasilanpemerintah susun strategi;kemenkeuri tak bisa dipungkiri aktivitas perekonomian yang kian tertekan akibat covid membuat banyak orang harus kehilangan pekerjaan penghasilanpemerintah telah menyusun strategi untuk;['kemenkeuri', 'tak', 'bisa', 'dipungkiri', 'aktivitas', 'perekonomian', 'yang', 'kian', 'tertekan', 'akibat', 'covid', 'membuat', 'banyak', 'orang', 'harus', 'kehilangan', 'pekerjaan', 'penghasilanpemerintah', 'telah', 'menyusun', 'strategi', 'untuk'];['kemenkeuri', 'tak', 'bisa', 'dipungkiri', 'aktivitas', 'perekonomian', 'yang', 'kian', 'tertekan', 'akibat', 'covid', 'membuat', 'banyak', 'orang', 'harus', 'kehilangan', 'pekerjaan', 'penghasilanpemerintah', 'telah', 'menyusun', 'strategi', 'untuk'];['kemenkeuri', 'dipungkiri', 'aktivitas', 'perekonomian', 'kian', 'tertekan', 'akibat', 'covid', 'orang', 'kehilangan', 'pekerjaan', 'penghasilanpemerintah', 'menyusun', 'strategi'];kemenkeuri dipungkiri aktivitas perekonomian kian tertekan akibat covid orang kehilangan pekerjaan penghasilanpemerintah menyusun strategi;kemenkeuri dipungkiri aktivitas ekonomi kian tekan akibat covid orang hilang kerja penghasilanpemerintah susun strategi
203;Koruptor bebas karena alasan Covid-19? Apakah benar ini bukti keberpihakan pemerintah kepada tikus tikus negara? Hmm, simak jawabannya di video ini ;0.0;koruptor bebas alas covid bukti pihak perintah tikus tikus negara aduh simak jawab video;koruptor bebas karena alasan covid apakah benar ini bukti keberpihakan pemerintah kepada tikus tikus negara hmm simak jawabannya di video ini;['koruptor', 'bebas', 'karena', 'alasan', 'covid', 'apakah', 'benar', 'ini', 'bukti', 'keberpihakan', 'pemerintah', 'kepada', 'tikus', 'tikus', 'negara', 'hmm', 'simak', 'jawabannya', 'di', 'video', 'ini'];['koruptor', 'bebas', 'karena', 'alasan', 'covid', 'apakah', 'benar', 'ini', 'bukti', 'keberpihakan', 'pemerintah', 'kepada', 'tikus', 'tikus', 'negara', 'aduh', 'simak', 'jawabannya', 'di', 'video', 'ini'];['koruptor', 'bebas', 'alasan', 'covid', 'bukti', 'keberpihakan', 'pemerintah', 'tikus', 'tikus', 'negara', 'aduh', 'simak', 'jawabannya', 'video'];koruptor bebas alasan covid bukti keberpihakan pemerintah tikus tikus negara aduh simak jawabannya video;koruptor bebas alas covid bukti pihak perintah tikus tikus negara aduh simak jawab video
204;Ada 15 cra mnyurh Covid-19 sgr prg 5.Jngn lgi mlas ke Msjd dll. Bkankh Covid-19 tlh mndidk kta, bgaimna sdh & strssnya kta tnpa ada tmpt mmohn,brdoa,tk bsa bribdh brjamah &shalt di Msjd dlm suasna btin yg dmai. Bgaimna sdhnya mlps sdr kta yg mninggl tnpa dishltkn di Msjd?.;1.0;cra mnyurh covid sgr prg jngn mlas msjd dll bkankh covid mndidk bgaimna strssnya tnpa mmohnbrdoatk bribdh brjamah shalt msjd suasna btin dmai bgaimna sdhnya mlps sdr mninggl tnpa dishltkn msjd;ada cra mnyurh covid sgr prg jngn lgi mlas ke msjd dll bkankh covid tlh mndidk kta bgaimna sdh strssnya kta tnpa ada tmpt mmohnbrdoatk bsa bribdh brjamah shalt di msjd dlm suasna btin yg dmai bgaimna sdhnya mlps sdr kta yg mninggl tnpa dishltkn di msjd;['ada', 'cra', 'mnyurh', 'covid', 'sgr', 'prg', 'jngn', 'lgi', 'mlas', 'ke', 'msjd', 'dll', 'bkankh', 'covid', 'tlh', 'mndidk', 'kta', 'bgaimna', 'sdh', 'strssnya', 'kta', 'tnpa', 'ada', 'tmpt', 'mmohnbrdoatk', 'bsa', 'bribdh', 'brjamah', 'shalt', 'di', 'msjd', 'dlm', 'suasna', 'btin', 'yg', 'dmai', 'bgaimna', 'sdhnya', 'mlps', 'sdr', 'kta', 'yg', 'mninggl', 'tnpa', 'dishltkn', 'di', 'msjd'];['ada', 'cra', 'mnyurh', 'covid', 'sgr', 'prg', 'jngn', 'lagi', 'mlas', 'ke', 'msjd', 'dll', 'bkankh', 'covid', 'telah', 'mndidk', 'kita', 'bgaimna', 'sudah', 'strssnya', 'kita', 'tnpa', 'ada', 'tempat', 'mmohnbrdoatk', 'bisa', 'bribdh', 'brjamah', 'shalt', 'di', 'msjd', 'dalam', 'suasna', 'btin', 'yang', 'dmai', 'bgaimna', 'sdhnya', 'mlps', 'sdr', 'kita', 'yang', 'mninggl', 'tnpa', 'dishltkn', 'di', 'msjd'];['cra', 'mnyurh', 'covid', 'sgr', 'prg', 'jngn', 'mlas', 'msjd', 'dll', 'bkankh', 'covid', 'mndidk', 'bgaimna', 'strssnya', 'tnpa', 'mmohnbrdoatk', 'bribdh', 'brjamah', 'shalt', 'msjd', 'suasna', 'btin', 'dmai', 'bgaimna', 'sdhnya', 'mlps', 'sdr', 'mninggl', 'tnpa', 'dishltkn', 'msjd'];cra mnyurh covid sgr prg jngn mlas msjd dll bkankh covid mndidk bgaimna strssnya tnpa mmohnbrdoatk bribdh brjamah shalt msjd suasna btin dmai bgaimna sdhnya mlps sdr mninggl tnpa dishltkn msjd;cra mnyurh covid sgr prg jngn mlas msjd dll bkankh covid mndidk bgaimna strssnya tnpa mmohnbrdoatk bribdh brjamah shalt msjd suasna btin dmai bgaimna sdhnya mlps sdr mninggl tnpa dishltkn msjd
205;Secara langsung mereka sudah ODP harus lakukan treat pada mreka utk dilakukan screening Covid-19;1.0;langsung odp laku treat mreka screening covid;secara langsung mereka sudah odp harus lakukan treat pada mreka utk dilakukan screening covid;['secara', 'langsung', 'mereka', 'sudah', 'odp', 'harus', 'lakukan', 'treat', 'pada', 'mreka', 'utk', 'dilakukan', 'screening', 'covid'];['secara', 'langsung', 'mereka', 'sudah', 'odp', 'harus', 'lakukan', 'treat', 'pada', 'mreka', 'untuk', 'dilakukan', 'screening', 'covid'];['langsung', 'odp', 'lakukan', 'treat', 'mreka', 'screening', 'covid'];langsung odp lakukan treat mreka screening covid;langsung odp laku treat mreka screening covid
206;Asrama Haji Pondok Gede Siap Digunakan untuk Ruang Isolasi Covid-19 -;1.0;asrama haji pondok ruang isolasi covid;asrama haji pondok gede siap digunakan untuk ruang isolasi covid;['asrama', 'haji', 'pondok', 'gede', 'siap', 'digunakan', 'untuk', 'ruang', 'isolasi', 'covid'];['asrama', 'haji', 'pondok', 'besar', 'siap', 'digunakan', 'untuk', 'ruang', 'isolasi', 'covid'];['asrama', 'haji', 'pondok', 'ruang', 'isolasi', 'covid'];asrama haji pondok ruang isolasi covid;asrama haji pondok ruang isolasi covid
207;Ada banyak hikmah dari bencana Covid-19. Salah satunya memperlihatkan bahwa disiplin itu bukan kualitas alamiah manusia, tapi memang bentukan dengan paksaan;1.0;hikmah bencana covid salah satu disiplin kualitas alamiah manusia bentuk paksa;ada banyak hikmah dari bencana covid salah satunya memperlihatkan bahwa disiplin itu bukan kualitas alamiah manusia tapi memang bentukan dengan paksaan;['ada', 'banyak', 'hikmah', 'dari', 'bencana', 'covid', 'salah', 'satunya', 'memperlihatkan', 'bahwa', 'disiplin', 'itu', 'bukan', 'kualitas', 'alamiah', 'manusia', 'tapi', 'memang', 'bentukan', 'dengan', 'paksaan'];['ada', 'banyak', 'hikmah', 'dari', 'bencana', 'covid', 'salah', 'satunya', 'memperlihatkan', 'bahwa', 'disiplin', 'itu', 'bukan', 'kualitas', 'alamiah', 'manusia', 'tapi', 'memang', 'bentukan', 'dengan', 'paksaan'];['hikmah', 'bencana', 'covid', 'salah', 'satunya', 'disiplin', 'kualitas', 'alamiah', 'manusia', 'bentukan', 'paksaan'];hikmah bencana covid salah satunya disiplin kualitas alamiah manusia bentukan paksaan;hikmah bencana covid salah satu disiplin kualitas alamiah manusia bentuk paksa
208;Kamis malam Se-Dunia Mengetuk pintu langit dan munajat doa .. Memohon pada Sang Khaliq..Merayu Sang Maha mendengar.. Meminta Sang Maha Adil Untuk keselamatan Dunia dari wabah Covid-19 NU ku selalu ada , tetap ada dan terus ada;1.0;kamis malam dunia ketuk pintu langit munajat doa mohon sang khaliqmerayu sang maha dengar sang maha adil selamat dunia wabah covid nu ku;kamis malam sedunia mengetuk pintu langit dan munajat doa memohon pada sang khaliqmerayu sang maha mendengar meminta sang maha adil untuk keselamatan dunia dari wabah covid nu ku selalu ada tetap ada dan terus ada;['kamis', 'malam', 'sedunia', 'mengetuk', 'pintu', 'langit', 'dan', 'munajat', 'doa', 'memohon', 'pada', 'sang', 'khaliqmerayu', 'sang', 'maha', 'mendengar', 'meminta', 'sang', 'maha', 'adil', 'untuk', 'keselamatan', 'dunia', 'dari', 'wabah', 'covid', 'nu', 'ku', 'selalu', 'ada', 'tetap', 'ada', 'dan', 'terus', 'ada'];['kamis', 'malam', 'sedunia', 'mengetuk', 'pintu', 'langit', 'dan', 'munajat', 'doa', 'memohon', 'pada', 'sang', 'khaliqmerayu', 'sang', 'maha', 'mendengar', 'meminta', 'sang', 'maha', 'adil', 'untuk', 'keselamatan', 'dunia', 'dari', 'wabah', 'covid', 'nu', 'ku', 'selalu', 'ada', 'tetap', 'ada', 'dan', 'terus', 'ada'];['kamis', 'malam', 'sedunia', 'mengetuk', 'pintu', 'langit', 'munajat', 'doa', 'memohon', 'sang', 'khaliqmerayu', 'sang', 'maha', 'mendengar', 'sang', 'maha', 'adil', 'keselamatan', 'dunia', 'wabah', 'covid', 'nu', 'ku'];kamis malam sedunia mengetuk pintu langit munajat doa memohon sang khaliqmerayu sang maha mendengar sang maha adil keselamatan dunia wabah covid nu ku;kamis malam dunia ketuk pintu langit munajat doa mohon sang khaliqmerayu sang maha dengar sang maha adil selamat dunia wabah covid nu ku
209;Guna memperkecil ruang penyebaran Covid-19, kami menghimbau untuk saudaraku dirantauan agar jangan pulang kampung demi keluarga demi INDONESIA !;1.0;kecil ruang sebar covid menghimbau saudara rantau pulang kampung keluarga indonesia;guna memperkecil ruang penyebaran covid kami menghimbau untuk saudaraku dirantauan agar jangan pulang kampung demi keluarga demi indonesia;['guna', 'memperkecil', 'ruang', 'penyebaran', 'covid', 'kami', 'menghimbau', 'untuk', 'saudaraku', 'dirantauan', 'agar', 'jangan', 'pulang', 'kampung', 'demi', 'keluarga', 'demi', 'indonesia'];['guna', 'memperkecil', 'ruang', 'penyebaran', 'covid', 'kami', 'menghimbau', 'untuk', 'saudaraku', 'dirantauan', 'agar', 'jangan', 'pulang', 'kampung', 'demi', 'keluarga', 'demi', 'indonesia'];['memperkecil', 'ruang', 'penyebaran', 'covid', 'menghimbau', 'saudaraku', 'dirantauan', 'pulang', 'kampung', 'keluarga', 'indonesia'];memperkecil ruang penyebaran covid menghimbau saudaraku dirantauan pulang kampung keluarga indonesia;kecil ruang sebar covid menghimbau saudara rantau pulang kampung keluarga indonesia
210;Hari ini hari jumaat.Anda rindu solat jumaat?Mudah2an Covid-19 ini berlalu pergi.Mudah2an peperangan ini kita menang.;1.0;jumaatanda rindu solat jumaatmudahan covid pergimudahan peperangan menang;hari ini hari jumaatanda rindu solat jumaatmudahan covid ini berlalu pergimudahan peperangan ini kita menang;['hari', 'ini', 'hari', 'jumaatanda', 'rindu', 'solat', 'jumaatmudahan', 'covid', 'ini', 'berlalu', 'pergimudahan', 'peperangan', 'ini', 'kita', 'menang'];['hari', 'ini', 'hari', 'jumaatanda', 'rindu', 'solat', 'jumaatmudahan', 'covid', 'ini', 'berlalu', 'pergimudahan', 'peperangan', 'ini', 'kita', 'menang'];['jumaatanda', 'rindu', 'solat', 'jumaatmudahan', 'covid', 'pergimudahan', 'peperangan', 'menang'];jumaatanda rindu solat jumaatmudahan covid pergimudahan peperangan menang;jumaatanda rindu solat jumaatmudahan covid pergimudahan peperangan menang
211;Jom amin kan ramai2.Ya Allah semoga COVID -19 lenyap sebelum Ramadhan Lindungilah kami semua Ya Allah . Assalam;1.0;jom moga ramaiya allah moga covid lenyap ramadhan lindung iya allah assalam;jom amin kan ramaiya allah semoga covid lenyap sebelum ramadhan lindungilah kami semua ya allah assalam;['jom', 'amin', 'kan', 'ramaiya', 'allah', 'semoga', 'covid', 'lenyap', 'sebelum', 'ramadhan', 'lindungilah', 'kami', 'semua', 'ya', 'allah', 'assalam'];['jom', 'semoga', 'kan', 'ramaiya', 'allah', 'semoga', 'covid', 'lenyap', 'sebelum', 'ramadhan', 'lindungilah', 'kami', 'semua', 'iya', 'allah', 'assalam'];['jom', 'semoga', 'ramaiya', 'allah', 'semoga', 'covid', 'lenyap', 'ramadhan', 'lindungilah', 'iya', 'allah', 'assalam'];jom semoga ramaiya allah semoga covid lenyap ramadhan lindungilah iya allah assalam;jom moga ramaiya allah moga covid lenyap ramadhan lindung iya allah assalam
212;kemarin ortu gue minta cekkin tunjangan sertifikasi. lucky masih lumayan. kalau thr batal yaudah. asal emang digunakan buat covid biar kehidupan cepat normal. gedek lama lama gini terus.;1.0;kemarin orangtua cekkin tunjang sertifikasi lucky lumayan thr batal yaudah covid biar hidup cepat normal gedek gin;kemarin ortu gue minta cekkin tunjangan sertifikasi lucky masih lumayan kalau thr batal yaudah asal emang digunakan buat covid biar kehidupan cepat normal gedek lama lama gini terus;['kemarin', 'ortu', 'gue', 'minta', 'cekkin', 'tunjangan', 'sertifikasi', 'lucky', 'masih', 'lumayan', 'kalau', 'thr', 'batal', 'yaudah', 'asal', 'emang', 'digunakan', 'buat', 'covid', 'biar', 'kehidupan', 'cepat', 'normal', 'gedek', 'lama', 'lama', 'gini', 'terus'];['kemarin', 'orangtua', 'saya', 'minta', 'cekkin', 'tunjangan', 'sertifikasi', 'lucky', 'masih', 'lumayan', 'kalau', 'thr', 'batal', 'yaudah', 'asal', 'memang', 'digunakan', 'buat', 'covid', 'biar', 'kehidupan', 'cepat', 'normal', 'gedek', 'lama', 'lama', 'gini', 'terus'];['kemarin', 'orangtua', 'cekkin', 'tunjangan', 'sertifikasi', 'lucky', 'lumayan', 'thr', 'batal', 'yaudah', 'covid', 'biar', 'kehidupan', 'cepat', 'normal', 'gedek', 'gini'];kemarin orangtua cekkin tunjangan sertifikasi lucky lumayan thr batal yaudah covid biar kehidupan cepat normal gedek gini;kemarin orangtua cekkin tunjang sertifikasi lucky lumayan thr batal yaudah covid biar hidup cepat normal gedek gin
213;Covid-19 Lari Kencang Memburu Mangsa, Adminstrasi PSBB Jalan di Tempat? -;-1.0;covid lari kencang buru mangsa adminstrasi psbb jalan;covid lari kencang memburu mangsa adminstrasi psbb jalan di tempat;['covid', 'lari', 'kencang', 'memburu', 'mangsa', 'adminstrasi', 'psbb', 'jalan', 'di', 'tempat'];['covid', 'lari', 'kencang', 'memburu', 'mangsa', 'adminstrasi', 'psbb', 'jalan', 'di', 'tempat'];['covid', 'lari', 'kencang', 'memburu', 'mangsa', 'adminstrasi', 'psbb', 'jalan'];covid lari kencang memburu mangsa adminstrasi psbb jalan;covid lari kencang buru mangsa adminstrasi psbb jalan
214;Lagi, Tim Gugus Tugas Covid 19 Melakukan Penyemprotan di Kawasan Medan Bagian Utara;1.0;tim gugus tugas covid semprot kawasan medan utara;lagi tim gugus tugas covid melakukan penyemprotan di kawasan medan bagian utara;['lagi', 'tim', 'gugus', 'tugas', 'covid', 'melakukan', 'penyemprotan', 'di', 'kawasan', 'medan', 'bagian', 'utara'];['lagi', 'tim', 'gugus', 'tugas', 'covid', 'melakukan', 'penyemprotan', 'di', 'kawasan', 'medan', 'bagian', 'utara'];['tim', 'gugus', 'tugas', 'covid', 'penyemprotan', 'kawasan', 'medan', 'utara'];tim gugus tugas covid penyemprotan kawasan medan utara;tim gugus tugas covid semprot kawasan medan utara
215;jujur sih udh gapernah ngikutin berita covid bikin pusingg;0.0;jujur sih gapernah ngikutin berita covid pusingg;jujur sih udh gapernah ngikutin berita covid bikin pusingg;['jujur', 'sih', 'udh', 'gapernah', 'ngikutin', 'berita', 'covid', 'bikin', 'pusingg'];['jujur', 'sih', 'sudah', 'gapernah', 'ngikutin', 'berita', 'covid', 'membuat', 'pusingg'];['jujur', 'sih', 'gapernah', 'ngikutin', 'berita', 'covid', 'pusingg'];jujur sih gapernah ngikutin berita covid pusingg;jujur sih gapernah ngikutin berita covid pusingg
216;Heran dengan medsos dan media2 mainstream,, yg di angkat kok ojol doang ? Tu banyak yg lebih sengsara kayak buruh bangunan, buruh serabutan yg tanpa covid-19 aja hidupnya sudah kacau,,;1.0;heran medsos media mainstream angkat ojol sengsara kayak buruh bangun buruh serabutan covid hidup kacau;heran dengan medsos dan media mainstream yg di angkat kok ojol doang tu banyak yg lebih sengsara kayak buruh bangunan buruh serabutan yg tanpa covid aja hidupnya sudah kacau;['heran', 'dengan', 'medsos', 'dan', 'media', 'mainstream', 'yg', 'di', 'angkat', 'kok', 'ojol', 'doang', 'tu', 'banyak', 'yg', 'lebih', 'sengsara', 'kayak', 'buruh', 'bangunan', 'buruh', 'serabutan', 'yg', 'tanpa', 'covid', 'aja', 'hidupnya', 'sudah', 'kacau'];['heran', 'dengan', 'medsos', 'dan', 'media', 'mainstream', 'yang', 'di', 'angkat', 'kok', 'ojol', 'saja', 'itu', 'banyak', 'yang', 'lebih', 'sengsara', 'kayak', 'buruh', 'bangunan', 'buruh', 'serabutan', 'yang', 'tanpa', 'covid', 'saja', 'hidupnya', 'sudah', 'kacau'];['heran', 'medsos', 'media', 'mainstream', 'angkat', 'ojol', 'sengsara', 'kayak', 'buruh', 'bangunan', 'buruh', 'serabutan', 'covid', 'hidupnya', 'kacau'];heran medsos media mainstream angkat ojol sengsara kayak buruh bangunan buruh serabutan covid hidupnya kacau;heran medsos media mainstream angkat ojol sengsara kayak buruh bangun buruh serabutan covid hidup kacau
217;ASN, TNI, POLRI, pegawai BUMN dilarang mudik.Kudu manut, ora usah ngeyel. Ayo bersatu, semoga Covid 19 segera hilang.Jaga kebersihan, jaga kesehatan.;1.0;asn tni polri pegawai bumn larang mudikkudu manut ora ngeyel ayo satu moga covid hilangjaga bersih jaga sehat;asn tni polri pegawai bumn dilarang mudikkudu manut ora usah ngeyel ayo bersatu semoga covid segera hilangjaga kebersihan jaga kesehatan;['asn', 'tni', 'polri', 'pegawai', 'bumn', 'dilarang', 'mudikkudu', 'manut', 'ora', 'usah', 'ngeyel', 'ayo', 'bersatu', 'semoga', 'covid', 'segera', 'hilangjaga', 'kebersihan', 'jaga', 'kesehatan'];['asn', 'tni', 'polri', 'pegawai', 'bumn', 'dilarang', 'mudikkudu', 'manut', 'ora', 'usah', 'ngeyel', 'ayo', 'bersatu', 'semoga', 'covid', 'segera', 'hilangjaga', 'kebersihan', 'jaga', 'kesehatan'];['asn', 'tni', 'polri', 'pegawai', 'bumn', 'dilarang', 'mudikkudu', 'manut', 'ora', 'ngeyel', 'ayo', 'bersatu', 'semoga', 'covid', 'hilangjaga', 'kebersihan', 'jaga', 'kesehatan'];asn tni polri pegawai bumn dilarang mudikkudu manut ora ngeyel ayo bersatu semoga covid hilangjaga kebersihan jaga kesehatan;asn tni polri pegawai bumn larang mudikkudu manut ora ngeyel ayo satu moga covid hilangjaga bersih jaga sehat
218;Kawasan Physical Distancing Dalam Upaya Pencegahan Covid 19;1.0;kawasan physical distancing upaya cegah covid;kawasan physical distancing dalam upaya pencegahan covid;['kawasan', 'physical', 'distancing', 'dalam', 'upaya', 'pencegahan', 'covid'];['kawasan', 'physical', 'distancing', 'dalam', 'upaya', 'pencegahan', 'covid'];['kawasan', 'physical', 'distancing', 'upaya', 'pencegahan', 'covid'];kawasan physical distancing upaya pencegahan covid;kawasan physical distancing upaya cegah covid
219;mengalahkan covid.g;0.0;kalah covidg;mengalahkan covidg;['mengalahkan', 'covidg'];['mengalahkan', 'covidg'];['mengalahkan', 'covidg'];mengalahkan covidg;kalah covidg
220;Dua warga Kabupaten Lampung Utara yang dinyatakan positif terpapar Covid-19 dikarantina di komplek Islamic Center Kotabumi.Menurut Plt Bupati Budi Utomo yang juga Ketua Tim Gugus Tugas Penanggulangan Covid-19;0.0;warga kabupaten lampung utara nyata positif papar covid karantina komplek islamic center kotabumimenurut plt bupati budi utomo ketua tim gugus tugas tanggulang covid;dua warga kabupaten lampung utara yang dinyatakan positif terpapar covid dikarantina di komplek islamic center kotabumimenurut plt bupati budi utomo yang juga ketua tim gugus tugas penanggulangan covid;['dua', 'warga', 'kabupaten', 'lampung', 'utara', 'yang', 'dinyatakan', 'positif', 'terpapar', 'covid', 'dikarantina', 'di', 'komplek', 'islamic', 'center', 'kotabumimenurut', 'plt', 'bupati', 'budi', 'utomo', 'yang', 'juga', 'ketua', 'tim', 'gugus', 'tugas', 'penanggulangan', 'covid'];['dua', 'warga', 'kabupaten', 'lampung', 'utara', 'yang', 'dinyatakan', 'positif', 'terpapar', 'covid', 'dikarantina', 'di', 'komplek', 'islamic', 'center', 'kotabumimenurut', 'plt', 'bupati', 'budi', 'utomo', 'yang', 'juga', 'ketua', 'tim', 'gugus', 'tugas', 'penanggulangan', 'covid'];['warga', 'kabupaten', 'lampung', 'utara', 'dinyatakan', 'positif', 'terpapar', 'covid', 'dikarantina', 'komplek', 'islamic', 'center', 'kotabumimenurut', 'plt', 'bupati', 'budi', 'utomo', 'ketua', 'tim', 'gugus', 'tugas', 'penanggulangan', 'covid'];warga kabupaten lampung utara dinyatakan positif terpapar covid dikarantina komplek islamic center kotabumimenurut plt bupati budi utomo ketua tim gugus tugas penanggulangan covid;warga kabupaten lampung utara nyata positif papar covid karantina komplek islamic center kotabumimenurut plt bupati budi utomo ketua tim gugus tugas tanggulang covid
221;Camana nak cari rezeki lebih, adakah ada pekerja yg kena buang kerja dgan ekonomi kita yg terganggu sekarang ni disebabkan covid-19... bukannya sekarang masa nak bash atau kecam sana sini pasal isu menteri laa artis laa, kaum itu ini buat hal laa. ;0.0;camana nak cari rezeki ada kerja kena buang kerja dgan ekonomi ganggu sebab covid nak bash kecam pasal isu menteri laa artis laa kaum laa;camana nak cari rezeki lebih adakah ada pekerja yg kena buang kerja dgan ekonomi kita yg terganggu sekarang ni disebabkan covid bukannya sekarang masa nak bash atau kecam sana sini pasal isu menteri laa artis laa kaum itu ini buat hal laa;['camana', 'nak', 'cari', 'rezeki', 'lebih', 'adakah', 'ada', 'pekerja', 'yg', 'kena', 'buang', 'kerja', 'dgan', 'ekonomi', 'kita', 'yg', 'terganggu', 'sekarang', 'ni', 'disebabkan', 'covid', 'bukannya', 'sekarang', 'masa', 'nak', 'bash', 'atau', 'kecam', 'sana', 'sini', 'pasal', 'isu', 'menteri', 'laa', 'artis', 'laa', 'kaum', 'itu', 'ini', 'buat', 'hal', 'laa'];['camana', 'nak', 'cari', 'rezeki', 'lebih', 'adakah', 'ada', 'pekerja', 'yang', 'kena', 'buang', 'kerja', 'dgan', 'ekonomi', 'kita', 'yang', 'terganggu', 'sekarang', 'ini', 'disebabkan', 'covid', 'bukannya', 'sekarang', 'masa', 'nak', 'bash', 'atau', 'kecam', 'sana', 'sini', 'pasal', 'isu', 'menteri', 'laa', 'artis', 'laa', 'kaum', 'itu', 'ini', 'buat', 'hal', 'laa'];['camana', 'nak', 'cari', 'rezeki', 'adakah', 'pekerja', 'kena', 'buang', 'kerja', 'dgan', 'ekonomi', 'terganggu', 'disebabkan', 'covid', 'nak', 'bash', 'kecam', 'pasal', 'isu', 'menteri', 'laa', 'artis', 'laa', 'kaum', 'laa'];camana nak cari rezeki adakah pekerja kena buang kerja dgan ekonomi terganggu disebabkan covid nak bash kecam pasal isu menteri laa artis laa kaum laa;camana nak cari rezeki ada kerja kena buang kerja dgan ekonomi ganggu sebab covid nak bash kecam pasal isu menteri laa artis laa kaum laa
222;Presiden Tidak ada langkah serius hadapi pandemi Covid-19,akan menjadi bom waktu bagi semua orang indonesia tidak diyerima di dunia internasional .;-1.0;presiden langkah serius hadap pandemi covidakan bom orang indonesia diyerima dunia internasional;presiden tidak ada langkah serius hadapi pandemi covidakan menjadi bom waktu bagi semua orang indonesia tidak diyerima di dunia internasional;['presiden', 'tidak', 'ada', 'langkah', 'serius', 'hadapi', 'pandemi', 'covidakan', 'menjadi', 'bom', 'waktu', 'bagi', 'semua', 'orang', 'indonesia', 'tidak', 'diyerima', 'di', 'dunia', 'internasional'];['presiden', 'tidak', 'ada', 'langkah', 'serius', 'hadapi', 'pandemi', 'covidakan', 'menjadi', 'bom', 'waktu', 'bagi', 'semua', 'orang', 'indonesia', 'tidak', 'diyerima', 'di', 'dunia', 'internasional'];['presiden', 'langkah', 'serius', 'hadapi', 'pandemi', 'covidakan', 'bom', 'orang', 'indonesia', 'diyerima', 'dunia', 'internasional'];presiden langkah serius hadapi pandemi covidakan bom orang indonesia diyerima dunia internasional;presiden langkah serius hadap pandemi covidakan bom orang indonesia diyerima dunia internasional
223;Yang nolak2 jenazah covid 19, apalagi kalo itu nakes, pada ga takut apa ya jenazah mereka ditolak bumi. Gapernah nonton sinetron hidayah apa gimana;0.0;nolak jenazah covid nakes takut iya jenazah tolak bumi gapernah nonton sinetron hidayah;yang nolak jenazah covid apalagi kalo itu nakes pada ga takut apa ya jenazah mereka ditolak bumi gapernah nonton sinetron hidayah apa gimana;['yang', 'nolak', 'jenazah', 'covid', 'apalagi', 'kalo', 'itu', 'nakes', 'pada', 'ga', 'takut', 'apa', 'ya', 'jenazah', 'mereka', 'ditolak', 'bumi', 'gapernah', 'nonton', 'sinetron', 'hidayah', 'apa', 'gimana'];['yang', 'nolak', 'jenazah', 'covid', 'apalagi', 'kalau', 'itu', 'nakes', 'pada', 'tidak', 'takut', 'apa', 'iya', 'jenazah', 'mereka', 'ditolak', 'bumi', 'gapernah', 'nonton', 'sinetron', 'hidayah', 'apa', 'bagaimana'];['nolak', 'jenazah', 'covid', 'nakes', 'takut', 'iya', 'jenazah', 'ditolak', 'bumi', 'gapernah', 'nonton', 'sinetron', 'hidayah'];nolak jenazah covid nakes takut iya jenazah ditolak bumi gapernah nonton sinetron hidayah;nolak jenazah covid nakes takut iya jenazah tolak bumi gapernah nonton sinetron hidayah
224;Posko Siaga Covid-19 Data Para Pemudik;1.0;posko siaga covid data mudik;posko siaga covid data para pemudik;['posko', 'siaga', 'covid', 'data', 'para', 'pemudik'];['posko', 'siaga', 'covid', 'data', 'para', 'pemudik'];['posko', 'siaga', 'covid', 'data', 'pemudik'];posko siaga covid data pemudik;posko siaga covid data mudik
225;Planning buat liburan ke sabang batall, howalaahh covid covid;0.0;rencana libur sabang batall howalaahh covid covid;planning buat liburan ke sabang batall howalaahh covid covid;['planning', 'buat', 'liburan', 'ke', 'sabang', 'batall', 'howalaahh', 'covid', 'covid'];['perencanaan', 'buat', 'liburan', 'ke', 'sabang', 'batall', 'howalaahh', 'covid', 'covid'];['perencanaan', 'liburan', 'sabang', 'batall', 'howalaahh', 'covid', 'covid'];perencanaan liburan sabang batall howalaahh covid covid;rencana libur sabang batall howalaahh covid covid
226;Bagi anda Korban PHK atau dirumahkan akibat penyebaran virus COVID-19, yuk daftarkan diri anda untuk mendapatkan Kartu PRA KERJA. Mudah koq;1.0;korban phk rumah akibat sebar virus covid ayo daftar kartu pra kerja mudah koq;bagi anda korban phk atau dirumahkan akibat penyebaran virus covid yuk daftarkan diri anda untuk mendapatkan kartu pra kerja mudah koq;['bagi', 'anda', 'korban', 'phk', 'atau', 'dirumahkan', 'akibat', 'penyebaran', 'virus', 'covid', 'yuk', 'daftarkan', 'diri', 'anda', 'untuk', 'mendapatkan', 'kartu', 'pra', 'kerja', 'mudah', 'koq'];['bagi', 'anda', 'korban', 'phk', 'atau', 'dirumahkan', 'akibat', 'penyebaran', 'virus', 'covid', 'ayo', 'daftarkan', 'diri', 'anda', 'untuk', 'mendapatkan', 'kartu', 'pra', 'kerja', 'mudah', 'koq'];['korban', 'phk', 'dirumahkan', 'akibat', 'penyebaran', 'virus', 'covid', 'ayo', 'daftarkan', 'kartu', 'pra', 'kerja', 'mudah', 'koq'];korban phk dirumahkan akibat penyebaran virus covid ayo daftarkan kartu pra kerja mudah koq;korban phk rumah akibat sebar virus covid ayo daftar kartu pra kerja mudah koq
227;bersama, bersatu lawan penyebaran virus Corona Covid-19, Jaga kesehatan, jauhi kerumunan, cuci tangan pakai sabun serta tetap ...Infolingga.;1.0;satu lawan sebar virus corona covid jaga sehat jauh kerumun cuci tangan pakai sabun infolingga;bersama bersatu lawan penyebaran virus corona covid jaga kesehatan jauhi kerumunan cuci tangan pakai sabun serta tetap infolingga;['bersama', 'bersatu', 'lawan', 'penyebaran', 'virus', 'corona', 'covid', 'jaga', 'kesehatan', 'jauhi', 'kerumunan', 'cuci', 'tangan', 'pakai', 'sabun', 'serta', 'tetap', 'infolingga'];['bersama', 'bersatu', 'lawan', 'penyebaran', 'virus', 'corona', 'covid', 'jaga', 'kesehatan', 'jauhi', 'kerumunan', 'cuci', 'tangan', 'pakai', 'sabun', 'serta', 'tetap', 'infolingga'];['bersatu', 'lawan', 'penyebaran', 'virus', 'corona', 'covid', 'jaga', 'kesehatan', 'jauhi', 'kerumunan', 'cuci', 'tangan', 'pakai', 'sabun', 'infolingga'];bersatu lawan penyebaran virus corona covid jaga kesehatan jauhi kerumunan cuci tangan pakai sabun infolingga;satu lawan sebar virus corona covid jaga sehat jauh kerumun cuci tangan pakai sabun infolingga
228;"Bencana Nasional Covid-19; Satu Warga Positif Corona, Pemprov NTT Koordinasi dengan Kemenkes |";1.0;bencana nasional covid warga positif corona pemprov ntt koordinasi kemenkes;bencana nasional covid satu warga positif corona pemprov ntt koordinasi dengan kemenkes;['bencana', 'nasional', 'covid', 'satu', 'warga', 'positif', 'corona', 'pemprov', 'ntt', 'koordinasi', 'dengan', 'kemenkes'];['bencana', 'nasional', 'covid', 'satu', 'warga', 'positif', 'corona', 'pemprov', 'ntt', 'koordinasi', 'dengan', 'kemenkes'];['bencana', 'nasional', 'covid', 'warga', 'positif', 'corona', 'pemprov', 'ntt', 'koordinasi', 'kemenkes'];bencana nasional covid warga positif corona pemprov ntt koordinasi kemenkes;bencana nasional covid warga positif corona pemprov ntt koordinasi kemenkes
229;Hingga saat ini Korut mengklaim masih terbebas dari virus COVID-19. Padahal, dua negara yang mengapitnya, yakni Kosel dan China menjadi episentrum.;0.0;korut klaim bebas virus covid negara apit kosel china episentrum;hingga saat ini korut mengklaim masih terbebas dari virus covid padahal dua negara yang mengapitnya yakni kosel dan china menjadi episentrum;['hingga', 'saat', 'ini', 'korut', 'mengklaim', 'masih', 'terbebas', 'dari', 'virus', 'covid', 'padahal', 'dua', 'negara', 'yang', 'mengapitnya', 'yakni', 'kosel', 'dan', 'china', 'menjadi', 'episentrum'];['hingga', 'saat', 'ini', 'korut', 'mengklaim', 'masih', 'terbebas', 'dari', 'virus', 'covid', 'padahal', 'dua', 'negara', 'yang', 'mengapitnya', 'yakni', 'kosel', 'dan', 'china', 'menjadi', 'episentrum'];['korut', 'mengklaim', 'terbebas', 'virus', 'covid', 'negara', 'mengapitnya', 'kosel', 'china', 'episentrum'];korut mengklaim terbebas virus covid negara mengapitnya kosel china episentrum;korut klaim bebas virus covid negara apit kosel china episentrum
230;Kapolrestabes Semarang Bersama Forkopimda Kota Semarang Memberikan Himbauan Kepada Masyarakat untuk Memakai Masker, Jaga Kebersihan dan Tetap di rumah guna memutus mata rantai penyebaran virus corona atau covid 19.;1.0;kapolrestabes semarang forkopimda kota semarang himbauan masyarakat pakai masker jaga bersih rumah putus mata rantai sebar virus corona covid;kapolrestabes semarang bersama forkopimda kota semarang memberikan himbauan kepada masyarakat untuk memakai masker jaga kebersihan dan tetap di rumah guna memutus mata rantai penyebaran virus corona atau covid;['kapolrestabes', 'semarang', 'bersama', 'forkopimda', 'kota', 'semarang', 'memberikan', 'himbauan', 'kepada', 'masyarakat', 'untuk', 'memakai', 'masker', 'jaga', 'kebersihan', 'dan', 'tetap', 'di', 'rumah', 'guna', 'memutus', 'mata', 'rantai', 'penyebaran', 'virus', 'corona', 'atau', 'covid'];['kapolrestabes', 'semarang', 'bersama', 'forkopimda', 'kota', 'semarang', 'memberikan', 'himbauan', 'kepada', 'masyarakat', 'untuk', 'memakai', 'masker', 'jaga', 'kebersihan', 'dan', 'tetap', 'di', 'rumah', 'guna', 'memutus', 'mata', 'rantai', 'penyebaran', 'virus', 'corona', 'atau', 'covid'];['kapolrestabes', 'semarang', 'forkopimda', 'kota', 'semarang', 'himbauan', 'masyarakat', 'memakai', 'masker', 'jaga', 'kebersihan', 'rumah', 'memutus', 'mata', 'rantai', 'penyebaran', 'virus', 'corona', 'covid'];kapolrestabes semarang forkopimda kota semarang himbauan masyarakat memakai masker jaga kebersihan rumah memutus mata rantai penyebaran virus corona covid;kapolrestabes semarang forkopimda kota semarang himbauan masyarakat pakai masker jaga bersih rumah putus mata rantai sebar virus corona covid
231;Kalo ga covid hari ini tuh udah H-2 nangis di pojokan;0.0;covid h nang pojok;kalo ga covid hari ini tuh udah h nangis di pojokan;['kalo', 'ga', 'covid', 'hari', 'ini', 'tuh', 'udah', 'h', 'nangis', 'di', 'pojokan'];['kalau', 'tidak', 'covid', 'hari', 'ini', 'itu', 'sudah', 'h', 'nangis', 'di', 'pojokan'];['covid', 'h', 'nangis', 'pojokan'];covid h nangis pojokan;covid h nang pojok
232;Ketularan Covid-19 dari Pemudik Jakarta, Kota Kediri Tambah 1 Kasus Positif;0.0;tular covid mudik jakarta kota diri positif;ketularan covid dari pemudik jakarta kota kediri tambah kasus positif;['ketularan', 'covid', 'dari', 'pemudik', 'jakarta', 'kota', 'kediri', 'tambah', 'kasus', 'positif'];['ketularan', 'covid', 'dari', 'pemudik', 'jakarta', 'kota', 'kediri', 'tambah', 'kasus', 'positif'];['ketularan', 'covid', 'pemudik', 'jakarta', 'kota', 'kediri', 'positif'];ketularan covid pemudik jakarta kota kediri positif;tular covid mudik jakarta kota diri positif
233;SIAPAPUN YANG BERPOLITIK DI TENGAH WABAH COVID 19 ITU TIDAK PEDULI RAKYAT!!!!;1.0;politik wabah covid peduli rakyat;siapapun yang berpolitik di tengah wabah covid itu tidak peduli rakyat;['siapapun', 'yang', 'berpolitik', 'di', 'tengah', 'wabah', 'covid', 'itu', 'tidak', 'peduli', 'rakyat'];['siapapun', 'yang', 'berpolitik', 'di', 'tengah', 'wabah', 'covid', 'itu', 'tidak', 'peduli', 'rakyat'];['berpolitik', 'wabah', 'covid', 'peduli', 'rakyat'];berpolitik wabah covid peduli rakyat;politik wabah covid peduli rakyat
234;bersama, bersatu melawan penyebaran virus Corona Covid-19 di Kabupaten Lingga, Jaga kesehatan, jauhi kerumunan, cuci tangan pakai sabun serta tetap ...Infolingga Info ;1.0;satu lawan sebar virus corona covid kabupaten lingga jaga sehat jauh kerumun cuci tangan pakai sabun infolingga info;bersama bersatu melawan penyebaran virus corona covid di kabupaten lingga jaga kesehatan jauhi kerumunan cuci tangan pakai sabun serta tetap infolingga info;['bersama', 'bersatu', 'melawan', 'penyebaran', 'virus', 'corona', 'covid', 'di', 'kabupaten', 'lingga', 'jaga', 'kesehatan', 'jauhi', 'kerumunan', 'cuci', 'tangan', 'pakai', 'sabun', 'serta', 'tetap', 'infolingga', 'info'];['bersama', 'bersatu', 'melawan', 'penyebaran', 'virus', 'corona', 'covid', 'di', 'kabupaten', 'lingga', 'jaga', 'kesehatan', 'jauhi', 'kerumunan', 'cuci', 'tangan', 'pakai', 'sabun', 'serta', 'tetap', 'infolingga', 'info'];['bersatu', 'melawan', 'penyebaran', 'virus', 'corona', 'covid', 'kabupaten', 'lingga', 'jaga', 'kesehatan', 'jauhi', 'kerumunan', 'cuci', 'tangan', 'pakai', 'sabun', 'infolingga', 'info'];bersatu melawan penyebaran virus corona covid kabupaten lingga jaga kesehatan jauhi kerumunan cuci tangan pakai sabun infolingga info;satu lawan sebar virus corona covid kabupaten lingga jaga sehat jauh kerumun cuci tangan pakai sabun infolingga info
235;Banyak tanggal merah pas lagi wabah covid-19;0.0;tanggal merah cocok wabah covid;banyak tanggal merah pas lagi wabah covid;['banyak', 'tanggal', 'merah', 'pas', 'lagi', 'wabah', 'covid'];['banyak', 'tanggal', 'merah', 'cocok', 'lagi', 'wabah', 'covid'];['tanggal', 'merah', 'cocok', 'wabah', 'covid'];tanggal merah cocok wabah covid;tanggal merah cocok wabah covid
236;Pejuang covid..;1.0;juang covid;pejuang covid;['pejuang', 'covid'];['pejuang', 'covid'];['pejuang', 'covid'];pejuang covid;juang covid
237;Gpp nyai mendingan gitu hibur diri daripada keluar rumah, tetap sehat nyai semoga Alloh melindungi dan menjauhkan wabah covid utk kita semua aamiin YRA;1.0;nyai baik gitu hibur rumah sehat nyai moga alloh lindung jauh wabah covid moga yra;gpp nyai mendingan gitu hibur diri daripada keluar rumah tetap sehat nyai semoga alloh melindungi dan menjauhkan wabah covid utk kita semua aamiin yra;['gpp', 'nyai', 'mendingan', 'gitu', 'hibur', 'diri', 'daripada', 'keluar', 'rumah', 'tetap', 'sehat', 'nyai', 'semoga', 'alloh', 'melindungi', 'dan', 'menjauhkan', 'wabah', 'covid', 'utk', 'kita', 'semua', 'aamiin', 'yra'];['baik', 'nyai', 'baiknya', 'gitu', 'hibur', 'diri', 'daripada', 'keluar', 'rumah', 'tetap', 'sehat', 'nyai', 'semoga', 'alloh', 'melindungi', 'dan', 'menjauhkan', 'wabah', 'covid', 'untuk', 'kita', 'semua', 'semoga', 'yra'];['nyai', 'baiknya', 'gitu', 'hibur', 'rumah', 'sehat', 'nyai', 'semoga', 'alloh', 'melindungi', 'menjauhkan', 'wabah', 'covid', 'semoga', 'yra'];nyai baiknya gitu hibur rumah sehat nyai semoga alloh melindungi menjauhkan wabah covid semoga yra;nyai baik gitu hibur rumah sehat nyai moga alloh lindung jauh wabah covid moga yra
238;30.000 Lebih Narapidana Bebas di Tengah Wabah Covid-19, Termasuk Koruptor?Kebayang ga sih klo kita sudah susah payah menangkap tikus sampai dapat banyak bgt -itupun blm semuanya-, eeehh... Tau2 mau dilepaskan. Kyk apa jadinya rumah kita? ;0.0;narapidana bebas wabah covid koruptorkebayang sih susah payah tangkap tikus banget itu eeehh tau lepas kayak rumah;lebih narapidana bebas di tengah wabah covid termasuk koruptorkebayang ga sih klo kita sudah susah payah menangkap tikus sampai dapat banyak bgt itupun blm semuanya eeehh tau mau dilepaskan kyk apa jadinya rumah kita;['lebih', 'narapidana', 'bebas', 'di', 'tengah', 'wabah', 'covid', 'termasuk', 'koruptorkebayang', 'ga', 'sih', 'klo', 'kita', 'sudah', 'susah', 'payah', 'menangkap', 'tikus', 'sampai', 'dapat', 'banyak', 'bgt', 'itupun', 'blm', 'semuanya', 'eeehh', 'tau', 'mau', 'dilepaskan', 'kyk', 'apa', 'jadinya', 'rumah', 'kita'];['lebih', 'narapidana', 'bebas', 'di', 'tengah', 'wabah', 'covid', 'termasuk', 'koruptorkebayang', 'tidak', 'sih', 'kalau', 'kita', 'sudah', 'susah', 'payah', 'menangkap', 'tikus', 'sampai', 'dapat', 'banyak', 'banget', 'itupun', 'belum', 'semuanya', 'eeehh', 'tau', 'mau', 'dilepaskan', 'kayak', 'apa', 'jadinya', 'rumah', 'kita'];['narapidana', 'bebas', 'wabah', 'covid', 'koruptorkebayang', 'sih', 'susah', 'payah', 'menangkap', 'tikus', 'banget', 'itupun', 'eeehh', 'tau', 'dilepaskan', 'kayak', 'rumah'];narapidana bebas wabah covid koruptorkebayang sih susah payah menangkap tikus banget itupun eeehh tau dilepaskan kayak rumah;narapidana bebas wabah covid koruptorkebayang sih susah payah tangkap tikus banget itu eeehh tau lepas kayak rumah
239;PHYSICAL DISTANCING MEMUTUS RANTAI PENYEBARAN COVID-19;1.0;physical distancing putus rantai sebar covid;physical distancing memutus rantai penyebaran covid;['physical', 'distancing', 'memutus', 'rantai', 'penyebaran', 'covid'];['physical', 'distancing', 'memutus', 'rantai', 'penyebaran', 'covid'];['physical', 'distancing', 'memutus', 'rantai', 'penyebaran', 'covid'];physical distancing memutus rantai penyebaran covid;physical distancing putus rantai sebar covid
240;Seram: Jatuh Tempo Massal Covid-19 di USA, Bagaimana dengan Indonesia? -;0.0;seram jatuh tempo massal covid usa indonesia;seram jatuh tempo massal covid di usa bagaimana dengan indonesia;['seram', 'jatuh', 'tempo', 'massal', 'covid', 'di', 'usa', 'bagaimana', 'dengan', 'indonesia'];['seram', 'jatuh', 'tempo', 'massal', 'covid', 'di', 'usa', 'bagaimana', 'dengan', 'indonesia'];['seram', 'jatuh', 'tempo', 'massal', 'covid', 'usa', 'indonesia'];seram jatuh tempo massal covid usa indonesia;seram jatuh tempo massal covid usa indonesia
241;Repotnya Sissy Priscillia Dampingi Anak Sekolah sambil Bekerja dari Rumah Selama Wabah Covid-19;0.0;repot sissy priscillia damping anak sekolah rumah wabah covid;repotnya sissy priscillia dampingi anak sekolah sambil bekerja dari rumah selama wabah covid;['repotnya', 'sissy', 'priscillia', 'dampingi', 'anak', 'sekolah', 'sambil', 'bekerja', 'dari', 'rumah', 'selama', 'wabah', 'covid'];['repotnya', 'sissy', 'priscillia', 'dampingi', 'anak', 'sekolah', 'sambil', 'bekerja', 'dari', 'rumah', 'selama', 'wabah', 'covid'];['repotnya', 'sissy', 'priscillia', 'dampingi', 'anak', 'sekolah', 'rumah', 'wabah', 'covid'];repotnya sissy priscillia dampingi anak sekolah rumah wabah covid;repot sissy priscillia damping anak sekolah rumah wabah covid
242;Tak Kenal Lelah, Tim Gugus Tugas Covid 19 Kembali Semprot Pemukiman Padat Penduduk di Belawan;1.0;kenal lelah tim gugus tugas covid semprot mukim padat duduk belawan;tak kenal lelah tim gugus tugas covid kembali semprot pemukiman padat penduduk di belawan;['tak', 'kenal', 'lelah', 'tim', 'gugus', 'tugas', 'covid', 'kembali', 'semprot', 'pemukiman', 'padat', 'penduduk', 'di', 'belawan'];['tak', 'kenal', 'lelah', 'tim', 'gugus', 'tugas', 'covid', 'kembali', 'semprot', 'pemukiman', 'padat', 'penduduk', 'di', 'belawan'];['kenal', 'lelah', 'tim', 'gugus', 'tugas', 'covid', 'semprot', 'pemukiman', 'padat', 'penduduk', 'belawan'];kenal lelah tim gugus tugas covid semprot pemukiman padat penduduk belawan;kenal lelah tim gugus tugas covid semprot mukim padat duduk belawan
243;Begitu ntar bnyak yg kena covid si miskin yg dituduh bawa virus ya nasib jadi org miskin ky gw kuli proyek,sopir ambulans dan kang gali kubur bakal kena getahnya lindungi kami kaum Miskin ya Rabb..;1.0;bnyak kena covid sih miskin tuduh bawa virus iya nasib orang miskin ky kuli proyeksopir ambulans kang gali kubur kena getah lindung kaum miskin iya rabb;begitu ntar bnyak yg kena covid si miskin yg dituduh bawa virus ya nasib jadi org miskin ky gw kuli proyeksopir ambulans dan kang gali kubur bakal kena getahnya lindungi kami kaum miskin ya rabb;['begitu', 'ntar', 'bnyak', 'yg', 'kena', 'covid', 'si', 'miskin', 'yg', 'dituduh', 'bawa', 'virus', 'ya', 'nasib', 'jadi', 'org', 'miskin', 'ky', 'gw', 'kuli', 'proyeksopir', 'ambulans', 'dan', 'kang', 'gali', 'kubur', 'bakal', 'kena', 'getahnya', 'lindungi', 'kami', 'kaum', 'miskin', 'ya', 'rabb'];['begitu', 'nanti', 'bnyak', 'yang', 'kena', 'covid', 'sih', 'miskin', 'yang', 'dituduh', 'bawa', 'virus', 'iya', 'nasib', 'jadi', 'orang', 'miskin', 'ky', 'saya', 'kuli', 'proyeksopir', 'ambulans', 'dan', 'kang', 'gali', 'kubur', 'bakal', 'kena', 'getahnya', 'lindungi', 'kami', 'kaum', 'miskin', 'iya', 'rabb'];['bnyak', 'kena', 'covid', 'sih', 'miskin', 'dituduh', 'bawa', 'virus', 'iya', 'nasib', 'orang', 'miskin', 'ky', 'kuli', 'proyeksopir', 'ambulans', 'kang', 'gali', 'kubur', 'kena', 'getahnya', 'lindungi', 'kaum', 'miskin', 'iya', 'rabb'];bnyak kena covid sih miskin dituduh bawa virus iya nasib orang miskin ky kuli proyeksopir ambulans kang gali kubur kena getahnya lindungi kaum miskin iya rabb;bnyak kena covid sih miskin tuduh bawa virus iya nasib orang miskin ky kuli proyeksopir ambulans kang gali kubur kena getah lindung kaum miskin iya rabb
244;Berapa banyak bahan kempen dia mahu padam da... Daripada release, padam... release, padam macam ni... lebih baik dok dendiam wat keje yg org tk nampak, takyah wat kempen langsung. Save wang kerajaan, boleh masuk tabung Covid-19 tolong rakyat.;0.0;bahan kempen mahu padam da release padam release padam dok dendiam wat keje orang tingkat nampak takyah wat kempen langsung save wang raja masuk tabung covid tolong rakyat;berapa banyak bahan kempen dia mahu padam da daripada release padam release padam macam ni lebih baik dok dendiam wat keje yg org tk nampak takyah wat kempen langsung save wang kerajaan boleh masuk tabung covid tolong rakyat;['berapa', 'banyak', 'bahan', 'kempen', 'dia', 'mahu', 'padam', 'da', 'daripada', 'release', 'padam', 'release', 'padam', 'macam', 'ni', 'lebih', 'baik', 'dok', 'dendiam', 'wat', 'keje', 'yg', 'org', 'tk', 'nampak', 'takyah', 'wat', 'kempen', 'langsung', 'save', 'wang', 'kerajaan', 'boleh', 'masuk', 'tabung', 'covid', 'tolong', 'rakyat'];['berapa', 'banyak', 'bahan', 'kempen', 'dia', 'mahu', 'padam', 'da', 'daripada', 'release', 'padam', 'release', 'padam', 'macam', 'ini', 'lebih', 'baik', 'dok', 'dendiam', 'wat', 'keje', 'yang', 'orang', 'tingkat', 'nampak', 'takyah', 'wat', 'kempen', 'langsung', 'save', 'wang', 'kerajaan', 'boleh', 'masuk', 'tabung', 'covid', 'tolong', 'rakyat'];['bahan', 'kempen', 'mahu', 'padam', 'da', 'release', 'padam', 'release', 'padam', 'dok', 'dendiam', 'wat', 'keje', 'orang', 'tingkat', 'nampak', 'takyah', 'wat', 'kempen', 'langsung', 'save', 'wang', 'kerajaan', 'masuk', 'tabung', 'covid', 'tolong', 'rakyat'];bahan kempen mahu padam da release padam release padam dok dendiam wat keje orang tingkat nampak takyah wat kempen langsung save wang kerajaan masuk tabung covid tolong rakyat;bahan kempen mahu padam da release padam release padam dok dendiam wat keje orang tingkat nampak takyah wat kempen langsung save wang raja masuk tabung covid tolong rakyat
245;PANDUAN ISOLASI MANDIRI ANTISIPASI PENYEBARAN COVID-19;1.0;pandu isolasi mandiri antisipasi sebar covid;panduan isolasi mandiri antisipasi penyebaran covid;['panduan', 'isolasi', 'mandiri', 'antisipasi', 'penyebaran', 'covid'];['panduan', 'isolasi', 'mandiri', 'antisipasi', 'penyebaran', 'covid'];['panduan', 'isolasi', 'mandiri', 'antisipasi', 'penyebaran', 'covid'];panduan isolasi mandiri antisipasi penyebaran covid;pandu isolasi mandiri antisipasi sebar covid
246;Betoi tu.zmn PKP ni kita spatut bantu nambah beban pulak...sb spesis ni la yg angkuh bodoh ni bertambah kes covid ni..;0.0;betoi tuzmn pkp spatut bantu nambah beban pulaksb spesis la angkuh bodoh tambah kes covid;betoi tuzmn pkp ni kita spatut bantu nambah beban pulaksb spesis ni la yg angkuh bodoh ni bertambah kes covid ni;['betoi', 'tuzmn', 'pkp', 'ni', 'kita', 'spatut', 'bantu', 'nambah', 'beban', 'pulaksb', 'spesis', 'ni', 'la', 'yg', 'angkuh', 'bodoh', 'ni', 'bertambah', 'kes', 'covid', 'ni'];['betoi', 'tuzmn', 'pkp', 'ini', 'kita', 'spatut', 'bantu', 'nambah', 'beban', 'pulaksb', 'spesis', 'ini', 'la', 'yang', 'angkuh', 'bodoh', 'ini', 'bertambah', 'kes', 'covid', 'ini'];['betoi', 'tuzmn', 'pkp', 'spatut', 'bantu', 'nambah', 'beban', 'pulaksb', 'spesis', 'la', 'angkuh', 'bodoh', 'bertambah', 'kes', 'covid'];betoi tuzmn pkp spatut bantu nambah beban pulaksb spesis la angkuh bodoh bertambah kes covid;betoi tuzmn pkp spatut bantu nambah beban pulaksb spesis la angkuh bodoh tambah kes covid
247;Nih aku kasih Tips Cegah penyebaran Berita Hoax Covid-19 di WA.teliti dulu beritanya ya kak..Jangan asal teruskan..;1.0;kasih tips cegah sebar berita bohong covid wateliti berita iya kakjangan terus;nih aku kasih tips cegah penyebaran berita hoax covid di wateliti dulu beritanya ya kakjangan asal teruskan;['nih', 'aku', 'kasih', 'tips', 'cegah', 'penyebaran', 'berita', 'hoax', 'covid', 'di', 'wateliti', 'dulu', 'beritanya', 'ya', 'kakjangan', 'asal', 'teruskan'];['ini', 'aku', 'kasih', 'tips', 'cegah', 'penyebaran', 'berita', 'bohong', 'covid', 'di', 'wateliti', 'dulu', 'beritanya', 'iya', 'kakjangan', 'asal', 'teruskan'];['kasih', 'tips', 'cegah', 'penyebaran', 'berita', 'bohong', 'covid', 'wateliti', 'beritanya', 'iya', 'kakjangan', 'teruskan'];kasih tips cegah penyebaran berita bohong covid wateliti beritanya iya kakjangan teruskan;kasih tips cegah sebar berita bohong covid wateliti berita iya kakjangan terus
248;Surabaya  Babinsa Koramil Tenggilis mejoyo terus berupaya melaksanakan sosialisasi kepada warga masyarakatnya untuk meredam mewabahnya virus corona atau Covid 19.Kali ini Serma Siswono dan Sertu Supri Warsoyo;1.0;surabaya babinsa koramil tenggilis mejoyo upaya laksana sosialisasi warga masyarakat redam wabah virus corona covid kali serma siswono sertu supri warsoyo;surabaya babinsa koramil tenggilis mejoyo terus berupaya melaksanakan sosialisasi kepada warga masyarakatnya untuk meredam mewabahnya virus corona atau covid kali ini serma siswono dan sertu supri warsoyo;['surabaya', 'babinsa', 'koramil', 'tenggilis', 'mejoyo', 'terus', 'berupaya', 'melaksanakan', 'sosialisasi', 'kepada', 'warga', 'masyarakatnya', 'untuk', 'meredam', 'mewabahnya', 'virus', 'corona', 'atau', 'covid', 'kali', 'ini', 'serma', 'siswono', 'dan', 'sertu', 'supri', 'warsoyo'];['surabaya', 'babinsa', 'koramil', 'tenggilis', 'mejoyo', 'terus', 'berupaya', 'melaksanakan', 'sosialisasi', 'kepada', 'warga', 'masyarakatnya', 'untuk', 'meredam', 'mewabahnya', 'virus', 'corona', 'atau', 'covid', 'kali', 'ini', 'serma', 'siswono', 'dan', 'sertu', 'supri', 'warsoyo'];['surabaya', 'babinsa', 'koramil', 'tenggilis', 'mejoyo', 'berupaya', 'melaksanakan', 'sosialisasi', 'warga', 'masyarakatnya', 'meredam', 'mewabahnya', 'virus', 'corona', 'covid', 'kali', 'serma', 'siswono', 'sertu', 'supri', 'warsoyo'];surabaya babinsa koramil tenggilis mejoyo berupaya melaksanakan sosialisasi warga masyarakatnya meredam mewabahnya virus corona covid kali serma siswono sertu supri warsoyo;surabaya babinsa koramil tenggilis mejoyo upaya laksana sosialisasi warga masyarakat redam wabah virus corona covid kali serma siswono sertu supri warsoyo
249;Virus corona tak mengenal usia, pangkat maupun jabatan. Mereka yang berada di keluarga kerajaan Saudi pun tertular Covid-19.;1.0;virus corona kenal usia pangkat jabat keluarga raja saudi tular covid;virus corona tak mengenal usia pangkat maupun jabatan mereka yang berada di keluarga kerajaan saudi pun tertular covid;['virus', 'corona', 'tak', 'mengenal', 'usia', 'pangkat', 'maupun', 'jabatan', 'mereka', 'yang', 'berada', 'di', 'keluarga', 'kerajaan', 'saudi', 'pun', 'tertular', 'covid'];['virus', 'corona', 'tak', 'mengenal', 'usia', 'pangkat', 'maupun', 'jabatan', 'mereka', 'yang', 'berada', 'di', 'keluarga', 'kerajaan', 'saudi', 'pun', 'tertular', 'covid'];['virus', 'corona', 'mengenal', 'usia', 'pangkat', 'jabatan', 'keluarga', 'kerajaan', 'saudi', 'tertular', 'covid'];virus corona mengenal usia pangkat jabatan keluarga kerajaan saudi tertular covid;virus corona kenal usia pangkat jabat keluarga raja saudi tular covid
250;Asalamualaikum selamat pagi semua semogga hari ini lebih baik Dr hati2 sebelumnya semogga covid-19 cepat berlalu dan sebelum masuk bulan rohomadhon semgga tidak ada covid-19 lagi amin ya robal alamin.;1.0;asalamualaikum selamat pagi semogga hati semogga covid cepat masuk rohomadhon semgga covid moga iya robal alamin;asalamualaikum selamat pagi semua semogga hari ini lebih baik dr hati sebelumnya semogga covid cepat berlalu dan sebelum masuk bulan rohomadhon semgga tidak ada covid lagi amin ya robal alamin;['asalamualaikum', 'selamat', 'pagi', 'semua', 'semogga', 'hari', 'ini', 'lebih', 'baik', 'dr', 'hati', 'sebelumnya', 'semogga', 'covid', 'cepat', 'berlalu', 'dan', 'sebelum', 'masuk', 'bulan', 'rohomadhon', 'semgga', 'tidak', 'ada', 'covid', 'lagi', 'amin', 'ya', 'robal', 'alamin'];['asalamualaikum', 'selamat', 'pagi', 'semua', 'semogga', 'hari', 'ini', 'lebih', 'baik', 'dari', 'hati', 'sebelumnya', 'semogga', 'covid', 'cepat', 'berlalu', 'dan', 'sebelum', 'masuk', 'bulan', 'rohomadhon', 'semgga', 'tidak', 'ada', 'covid', 'lagi', 'semoga', 'iya', 'robal', 'alamin'];['asalamualaikum', 'selamat', 'pagi', 'semogga', 'hati', 'semogga', 'covid', 'cepat', 'masuk', 'rohomadhon', 'semgga', 'covid', 'semoga', 'iya', 'robal', 'alamin'];asalamualaikum selamat pagi semogga hati semogga covid cepat masuk rohomadhon semgga covid semoga iya robal alamin;asalamualaikum selamat pagi semogga hati semogga covid cepat masuk rohomadhon semgga covid moga iya robal alamin
251;Mudah2an semua Covid p badan mu.;-1.0;mudah covid p badan mu;mudahan semua covid p badan mu;['mudahan', 'semua', 'covid', 'p', 'badan', 'mu'];['mudahan', 'semua', 'covid', 'p', 'badan', 'mu'];['mudahan', 'covid', 'p', 'badan', 'mu'];mudahan covid p badan mu;mudah covid p badan mu
252;"Mimpi semalam; PSBB bertahan hanya beberapa hari. Dibatalkan karena kasus covid datanya dibuat tampak sudah tidak bertambah. Tekanan berbagai pihak membuat pemerintah segera menjalankan kegiatan perekonomian seperti sedia kala. Ahli kesehatan dan tenaga medis hanya bisa pasrah";0.0;mimpi malam psbb tahan batal covid data tambah tekan perintah jalan giat ekonomi sedia ahli sehat tenaga medis pasrah;mimpi semalam psbb bertahan hanya beberapa hari dibatalkan karena kasus covid datanya dibuat tampak sudah tidak bertambah tekanan berbagai pihak membuat pemerintah segera menjalankan kegiatan perekonomian seperti sedia kala ahli kesehatan dan tenaga medis hanya bisa pasrah;['mimpi', 'semalam', 'psbb', 'bertahan', 'hanya', 'beberapa', 'hari', 'dibatalkan', 'karena', 'kasus', 'covid', 'datanya', 'dibuat', 'tampak', 'sudah', 'tidak', 'bertambah', 'tekanan', 'berbagai', 'pihak', 'membuat', 'pemerintah', 'segera', 'menjalankan', 'kegiatan', 'perekonomian', 'seperti', 'sedia', 'kala', 'ahli', 'kesehatan', 'dan', 'tenaga', 'medis', 'hanya', 'bisa', 'pasrah'];['mimpi', 'semalam', 'psbb', 'bertahan', 'hanya', 'beberapa', 'hari', 'dibatalkan', 'karena', 'kasus', 'covid', 'datanya', 'dibuat', 'tampak', 'sudah', 'tidak', 'bertambah', 'tekanan', 'berbagai', 'pihak', 'membuat', 'pemerintah', 'segera', 'menjalankan', 'kegiatan', 'perekonomian', 'seperti', 'sedia', 'kala', 'ahli', 'kesehatan', 'dan', 'tenaga', 'medis', 'hanya', 'bisa', 'pasrah'];['mimpi', 'semalam', 'psbb', 'bertahan', 'dibatalkan', 'covid', 'datanya', 'bertambah', 'tekanan', 'pemerintah', 'menjalankan', 'kegiatan', 'perekonomian', 'sedia', 'ahli', 'kesehatan', 'tenaga', 'medis', 'pasrah'];mimpi semalam psbb bertahan dibatalkan covid datanya bertambah tekanan pemerintah menjalankan kegiatan perekonomian sedia ahli kesehatan tenaga medis pasrah;mimpi malam psbb tahan batal covid data tambah tekan perintah jalan giat ekonomi sedia ahli sehat tenaga medis pasrah
253;1. Dampak Covid-19 terhadap Perekonomian Indonesia Jawab : kondisi sekarang ini akan berimbas pada menurunnya konsumsi rumah tangga,Lebih dari itu, investasi pun akan merosot tajam. Maka COVID-19, diprediksi investasi akan merosot ke level satu persen atau terburuk.;1.0;dampak covid ekonomi indonesia kondisi imbas turun konsumsi rumah tanggalebih investasi merosot tajam covid prediksi investasi merosot level persen buruk;dampak covid terhadap perekonomian indonesia jawab kondisi sekarang ini akan berimbas pada menurunnya konsumsi rumah tanggalebih dari itu investasi pun akan merosot tajam maka covid diprediksi investasi akan merosot ke level satu persen atau terburuk;['dampak', 'covid', 'terhadap', 'perekonomian', 'indonesia', 'jawab', 'kondisi', 'sekarang', 'ini', 'akan', 'berimbas', 'pada', 'menurunnya', 'konsumsi', 'rumah', 'tanggalebih', 'dari', 'itu', 'investasi', 'pun', 'akan', 'merosot', 'tajam', 'maka', 'covid', 'diprediksi', 'investasi', 'akan', 'merosot', 'ke', 'level', 'satu', 'persen', 'atau', 'terburuk'];['dampak', 'covid', 'terhadap', 'perekonomian', 'indonesia', 'jawab', 'kondisi', 'sekarang', 'ini', 'akan', 'berimbas', 'pada', 'menurunnya', 'konsumsi', 'rumah', 'tanggalebih', 'dari', 'itu', 'investasi', 'pun', 'akan', 'merosot', 'tajam', 'maka', 'covid', 'diprediksi', 'investasi', 'akan', 'merosot', 'ke', 'level', 'satu', 'persen', 'atau', 'terburuk'];['dampak', 'covid', 'perekonomian', 'indonesia', 'kondisi', 'berimbas', 'menurunnya', 'konsumsi', 'rumah', 'tanggalebih', 'investasi', 'merosot', 'tajam', 'covid', 'diprediksi', 'investasi', 'merosot', 'level', 'persen', 'terburuk'];dampak covid perekonomian indonesia kondisi berimbas menurunnya konsumsi rumah tanggalebih investasi merosot tajam covid diprediksi investasi merosot level persen terburuk;dampak covid ekonomi indonesia kondisi imbas turun konsumsi rumah tanggalebih investasi merosot tajam covid prediksi investasi merosot level persen buruk
254;Cegah Covid 19, di Area Physical Distancing;1.0;cegah covid area physical distancing;cegah covid di area physical distancing;['cegah', 'covid', 'di', 'area', 'physical', 'distancing'];['cegah', 'covid', 'di', 'area', 'physical', 'distancing'];['cegah', 'covid', 'area', 'physical', 'distancing'];cegah covid area physical distancing;cegah covid area physical distancing
255;kalo perusahaan baru yang mau bikin eFin bagaimana min? Secara lagi ada wabah covid-19 ini, apa ke kantor pajak setempat atau secara online min? Trmksh;0.0;usaha efin min wabah covid kantor pajak online min trmksh;kalo perusahaan baru yang mau bikin efin bagaimana min secara lagi ada wabah covid ini apa ke kantor pajak setempat atau secara online min trmksh;['kalo', 'perusahaan', 'baru', 'yang', 'mau', 'bikin', 'efin', 'bagaimana', 'min', 'secara', 'lagi', 'ada', 'wabah', 'covid', 'ini', 'apa', 'ke', 'kantor', 'pajak', 'setempat', 'atau', 'secara', 'online', 'min', 'trmksh'];['kalau', 'perusahaan', 'baru', 'yang', 'mau', 'membuat', 'efin', 'bagaimana', 'min', 'secara', 'lagi', 'ada', 'wabah', 'covid', 'ini', 'apa', 'ke', 'kantor', 'pajak', 'setempat', 'atau', 'secara', 'online', 'min', 'trmksh'];['perusahaan', 'efin', 'min', 'wabah', 'covid', 'kantor', 'pajak', 'online', 'min', 'trmksh'];perusahaan efin min wabah covid kantor pajak online min trmksh;usaha efin min wabah covid kantor pajak online min trmksh
256;Peta identifikasi sebaran covid-19 di Kota Serang update per hari ini. Berdasarkan postingan dinkeskotaserang pasien positif di Kota Serang bertambah sehingga total menjadi 2 orang.Hal-hal terkait pertanyaan;1.0;peta identifikasi sebar covid kota serang update dasar postingan dinkeskotaserang pasien positif kota serang tambah total oranghalhal kait;peta identifikasi sebaran covid di kota serang update per hari ini berdasarkan postingan dinkeskotaserang pasien positif di kota serang bertambah sehingga total menjadi oranghalhal terkait pertanyaan;['peta', 'identifikasi', 'sebaran', 'covid', 'di', 'kota', 'serang', 'update', 'per', 'hari', 'ini', 'berdasarkan', 'postingan', 'dinkeskotaserang', 'pasien', 'positif', 'di', 'kota', 'serang', 'bertambah', 'sehingga', 'total', 'menjadi', 'oranghalhal', 'terkait', 'pertanyaan'];['peta', 'identifikasi', 'sebaran', 'covid', 'di', 'kota', 'serang', 'update', 'per', 'hari', 'ini', 'berdasarkan', 'postingan', 'dinkeskotaserang', 'pasien', 'positif', 'di', 'kota', 'serang', 'bertambah', 'sehingga', 'total', 'menjadi', 'oranghalhal', 'terkait', 'pertanyaan'];['peta', 'identifikasi', 'sebaran', 'covid', 'kota', 'serang', 'update', 'berdasarkan', 'postingan', 'dinkeskotaserang', 'pasien', 'positif', 'kota', 'serang', 'bertambah', 'total', 'oranghalhal', 'terkait'];peta identifikasi sebaran covid kota serang update berdasarkan postingan dinkeskotaserang pasien positif kota serang bertambah total oranghalhal terkait;peta identifikasi sebar covid kota serang update dasar postingan dinkeskotaserang pasien positif kota serang tambah total oranghalhal kait
257;semenjak covid ni.....ramai ke pompuan yg gigih pakai make up keluar rumah...dengan mask lagi?;0.0;semenjak covid niramai pompuan gigih pakai make up rumahdengan mask;semenjak covid niramai ke pompuan yg gigih pakai make up keluar rumahdengan mask lagi;['semenjak', 'covid', 'niramai', 'ke', 'pompuan', 'yg', 'gigih', 'pakai', 'make', 'up', 'keluar', 'rumahdengan', 'mask', 'lagi'];['semenjak', 'covid', 'niramai', 'ke', 'pompuan', 'yang', 'gigih', 'pakai', 'make', 'up', 'keluar', 'rumahdengan', 'mask', 'lagi'];['semenjak', 'covid', 'niramai', 'pompuan', 'gigih', 'pakai', 'make', 'up', 'rumahdengan', 'mask'];semenjak covid niramai pompuan gigih pakai make up rumahdengan mask;semenjak covid niramai pompuan gigih pakai make up rumahdengan mask
258;Klo sy lebih berduka dgn meninggalnya para petugas medis yg berjibaku mengamankan pasien dari covid 19.;1.0;duka tinggal tugas medis jibaku aman pasien covid;klo sy lebih berduka dgn meninggalnya para petugas medis yg berjibaku mengamankan pasien dari covid;['klo', 'sy', 'lebih', 'berduka', 'dgn', 'meninggalnya', 'para', 'petugas', 'medis', 'yg', 'berjibaku', 'mengamankan', 'pasien', 'dari', 'covid'];['kalau', 'saya', 'lebih', 'berduka', 'dengan', 'meninggalnya', 'para', 'petugas', 'medis', 'yang', 'berjibaku', 'mengamankan', 'pasien', 'dari', 'covid'];['berduka', 'meninggalnya', 'petugas', 'medis', 'berjibaku', 'mengamankan', 'pasien', 'covid'];berduka meninggalnya petugas medis berjibaku mengamankan pasien covid;duka tinggal tugas medis jibaku aman pasien covid
259;Selamat Pagi. Dapat kami informasikan, untuk Informasi lengkap jadwal perjalanan KRL mulai 10 April 2020, bisa di lihat pada website link berikut : Tks.;0.0;selamat pagi informasi informasi lengkap jadwal jalan krl april lihat website link tks;selamat pagi dapat kami informasikan untuk informasi lengkap jadwal perjalanan krl mulai april bisa di lihat pada website link berikut tks;['selamat', 'pagi', 'dapat', 'kami', 'informasikan', 'untuk', 'informasi', 'lengkap', 'jadwal', 'perjalanan', 'krl', 'mulai', 'april', 'bisa', 'di', 'lihat', 'pada', 'website', 'link', 'berikut', 'tks'];['selamat', 'pagi', 'dapat', 'kami', 'informasikan', 'untuk', 'informasi', 'lengkap', 'jadwal', 'perjalanan', 'krl', 'mulai', 'april', 'bisa', 'di', 'lihat', 'pada', 'website', 'link', 'berikut', 'tks'];['selamat', 'pagi', 'informasikan', 'informasi', 'lengkap', 'jadwal', 'perjalanan', 'krl', 'april', 'lihat', 'website', 'link', 'tks'];selamat pagi informasikan informasi lengkap jadwal perjalanan krl april lihat website link tks;selamat pagi informasi informasi lengkap jadwal jalan krl april lihat website link tks
260;Covid 19 menyebar ke binatang kah ? Semoga para ahli menelitinya;0.0;covid sebar binatang kah moga ahli teliti;covid menyebar ke binatang kah semoga para ahli menelitinya;['covid', 'menyebar', 'ke', 'binatang', 'kah', 'semoga', 'para', 'ahli', 'menelitinya'];['covid', 'menyebar', 'ke', 'binatang', 'kah', 'semoga', 'para', 'ahli', 'menelitinya'];['covid', 'menyebar', 'binatang', 'kah', 'semoga', 'ahli', 'menelitinya'];covid menyebar binatang kah semoga ahli menelitinya;covid sebar binatang kah moga ahli teliti
261;Semoga indonesia mampu menekan lonjakan pasien covid-19 di tengah tengah minimnya APD;1.0;moga indonesia tekan lonjak pasien covid minim apd;semoga indonesia mampu menekan lonjakan pasien covid di tengah tengah minimnya apd;['semoga', 'indonesia', 'mampu', 'menekan', 'lonjakan', 'pasien', 'covid', 'di', 'tengah', 'tengah', 'minimnya', 'apd'];['semoga', 'indonesia', 'mampu', 'menekan', 'lonjakan', 'pasien', 'covid', 'di', 'tengah', 'tengah', 'minimnya', 'apd'];['semoga', 'indonesia', 'menekan', 'lonjakan', 'pasien', 'covid', 'minimnya', 'apd'];semoga indonesia menekan lonjakan pasien covid minimnya apd;moga indonesia tekan lonjak pasien covid minim apd
262;Kepastin ttg kapan miss Covid 19 pergi dari muka bumi;1.0;kepastin miss covid pergi muka bumi;kepastin ttg kapan miss covid pergi dari muka bumi;['kepastin', 'ttg', 'kapan', 'miss', 'covid', 'pergi', 'dari', 'muka', 'bumi'];['kepastin', 'tentang', 'kapan', 'miss', 'covid', 'pergi', 'dari', 'muka', 'bumi'];['kepastin', 'miss', 'covid', 'pergi', 'muka', 'bumi'];kepastin miss covid pergi muka bumi;kepastin miss covid pergi muka bumi
263;JANGAN TULARKAN COVID-19 DI KAMPUNG HALAMAN;1.0;tular covid kampung halaman;jangan tularkan covid di kampung halaman;['jangan', 'tularkan', 'covid', 'di', 'kampung', 'halaman'];['jangan', 'tularkan', 'covid', 'di', 'kampung', 'halaman'];['tularkan', 'covid', 'kampung', 'halaman'];tularkan covid kampung halaman;tular covid kampung halaman
264;Selama Pandemik COVID-19, Polri Ungkap Angka Kejahatan Menurun;1.0;pandemik covid polri angka jahat turun;selama pandemik covid polri ungkap angka kejahatan menurun;['selama', 'pandemik', 'covid', 'polri', 'ungkap', 'angka', 'kejahatan', 'menurun'];['selama', 'pandemik', 'covid', 'polri', 'ungkap', 'angka', 'kejahatan', 'menurun'];['pandemik', 'covid', 'polri', 'angka', 'kejahatan', 'menurun'];pandemik covid polri angka kejahatan menurun;pandemik covid polri angka jahat turun
265;Mau kesana ngambil sendiri jadi ragu di tambah situasi saat ini yg mengharuskan stay at home karena Covid-19. Mohon untuk evaluasinya yaa.. soalnya batas konfirmasi produk dari Shopee nya tanggal 12 April ini.. Terima Kasih.;0.0;kesana ngambil ragu situasi harus stay at home covid mohon evaluasi iya batas konfirmasi produk shopee nya tanggal april terima kasih;mau kesana ngambil sendiri jadi ragu di tambah situasi saat ini yg mengharuskan stay at home karena covid mohon untuk evaluasinya yaa soalnya batas konfirmasi produk dari shopee nya tanggal april ini terima kasih;['mau', 'kesana', 'ngambil', 'sendiri', 'jadi', 'ragu', 'di', 'tambah', 'situasi', 'saat', 'ini', 'yg', 'mengharuskan', 'stay', 'at', 'home', 'karena', 'covid', 'mohon', 'untuk', 'evaluasinya', 'yaa', 'soalnya', 'batas', 'konfirmasi', 'produk', 'dari', 'shopee', 'nya', 'tanggal', 'april', 'ini', 'terima', 'kasih'];['mau', 'kesana', 'ngambil', 'sendiri', 'jadi', 'ragu', 'di', 'tambah', 'situasi', 'saat', 'ini', 'yang', 'mengharuskan', 'stay', 'at', 'home', 'karena', 'covid', 'mohon', 'untuk', 'evaluasinya', 'iya', 'soalnya', 'batas', 'konfirmasi', 'produk', 'dari', 'shopee', 'nya', 'tanggal', 'april', 'ini', 'terima', 'kasih'];['kesana', 'ngambil', 'ragu', 'situasi', 'mengharuskan', 'stay', 'at', 'home', 'covid', 'mohon', 'evaluasinya', 'iya', 'batas', 'konfirmasi', 'produk', 'shopee', 'nya', 'tanggal', 'april', 'terima', 'kasih'];kesana ngambil ragu situasi mengharuskan stay at home covid mohon evaluasinya iya batas konfirmasi produk shopee nya tanggal april terima kasih;kesana ngambil ragu situasi harus stay at home covid mohon evaluasi iya batas konfirmasi produk shopee nya tanggal april terima kasih
266;Polres Trenggalek melakukan patroli untuk menghimbau masyarakat untuk jaga jarak. Karena masih saja ada warga yng suka nongkrong. ;1.0;polres trenggalek patroli menghimbau masyarakat jaga jarak warga suka nongkrong;polres trenggalek melakukan patroli untuk menghimbau masyarakat untuk jaga jarak karena masih saja ada warga yng suka nongkrong;['polres', 'trenggalek', 'melakukan', 'patroli', 'untuk', 'menghimbau', 'masyarakat', 'untuk', 'jaga', 'jarak', 'karena', 'masih', 'saja', 'ada', 'warga', 'yng', 'suka', 'nongkrong'];['polres', 'trenggalek', 'melakukan', 'patroli', 'untuk', 'menghimbau', 'masyarakat', 'untuk', 'jaga', 'jarak', 'karena', 'masih', 'saja', 'ada', 'warga', 'yang', 'suka', 'nongkrong'];['polres', 'trenggalek', 'patroli', 'menghimbau', 'masyarakat', 'jaga', 'jarak', 'warga', 'suka', 'nongkrong'];polres trenggalek patroli menghimbau masyarakat jaga jarak warga suka nongkrong;polres trenggalek patroli menghimbau masyarakat jaga jarak warga suka nongkrong
267;2 orang temenya Glenn jangan ikut nyusul dulu, biarkan disiksa dulu oleh virus corona(covid-19).;-1.0;orang temenya glenn nyusul biar siksa virus coronacovid;orang temenya glenn jangan ikut nyusul dulu biarkan disiksa dulu oleh virus coronacovid;['orang', 'temenya', 'glenn', 'jangan', 'ikut', 'nyusul', 'dulu', 'biarkan', 'disiksa', 'dulu', 'oleh', 'virus', 'coronacovid'];['orang', 'temenya', 'glenn', 'jangan', 'ikut', 'nyusul', 'dulu', 'biarkan', 'disiksa', 'dulu', 'oleh', 'virus', 'coronacovid'];['orang', 'temenya', 'glenn', 'nyusul', 'biarkan', 'disiksa', 'virus', 'coronacovid'];orang temenya glenn nyusul biarkan disiksa virus coronacovid;orang temenya glenn nyusul biar siksa virus coronacovid
268;Doa saya semoga dunia ini terbebas dari yg namanya virus corona (covid-19) agar dunia ini kembali sehat dan manusianya bisa lebih bersyukur kepada Allah SWT diberikan kesehatan dan kebahagiaan. Amin;1.0;doa moga dunia bebas nama virus corona covid dunia sehat manusia syukur allah swt sehat bahagia moga;doa saya semoga dunia ini terbebas dari yg namanya virus corona covid agar dunia ini kembali sehat dan manusianya bisa lebih bersyukur kepada allah swt diberikan kesehatan dan kebahagiaan amin;['doa', 'saya', 'semoga', 'dunia', 'ini', 'terbebas', 'dari', 'yg', 'namanya', 'virus', 'corona', 'covid', 'agar', 'dunia', 'ini', 'kembali', 'sehat', 'dan', 'manusianya', 'bisa', 'lebih', 'bersyukur', 'kepada', 'allah', 'swt', 'diberikan', 'kesehatan', 'dan', 'kebahagiaan', 'amin'];['doa', 'saya', 'semoga', 'dunia', 'ini', 'terbebas', 'dari', 'yang', 'namanya', 'virus', 'corona', 'covid', 'agar', 'dunia', 'ini', 'kembali', 'sehat', 'dan', 'manusianya', 'bisa', 'lebih', 'bersyukur', 'kepada', 'allah', 'swt', 'diberikan', 'kesehatan', 'dan', 'kebahagiaan', 'semoga'];['doa', 'semoga', 'dunia', 'terbebas', 'namanya', 'virus', 'corona', 'covid', 'dunia', 'sehat', 'manusianya', 'bersyukur', 'allah', 'swt', 'kesehatan', 'kebahagiaan', 'semoga'];doa semoga dunia terbebas namanya virus corona covid dunia sehat manusianya bersyukur allah swt kesehatan kebahagiaan semoga;doa moga dunia bebas nama virus corona covid dunia sehat manusia syukur allah swt sehat bahagia moga
269;Kampung panglime linting melakukan pencegahan covid 19( virus korona) bersama masyarakat;1.0;kampung panglime linting cegah covid virus korona masyarakat;kampung panglime linting melakukan pencegahan covid virus korona bersama masyarakat;['kampung', 'panglime', 'linting', 'melakukan', 'pencegahan', 'covid', 'virus', 'korona', 'bersama', 'masyarakat'];['kampung', 'panglime', 'linting', 'melakukan', 'pencegahan', 'covid', 'virus', 'korona', 'bersama', 'masyarakat'];['kampung', 'panglime', 'linting', 'pencegahan', 'covid', 'virus', 'korona', 'masyarakat'];kampung panglime linting pencegahan covid virus korona masyarakat;kampung panglime linting cegah covid virus korona masyarakat
270;covid sialan emg;-1.0;covid sial;covid sialan emg;['covid', 'sialan', 'emg'];['covid', 'sialan', 'memang'];['covid', 'sialan'];covid sialan;covid sial
271;Ramuan empon empon buat jaga kesehatan dimasa virus covid Corona : jahe ( bagusnya jahe merah ) + temulawak + cengkeh + kunir/ kunyit + sereh + kayu manis + gula merah/ madu;1.0;ramu empon empon jaga sehat masa virus covid corona jahe bagus jahe merah temulawak cengkeh kunir kunyit sereh kayu manis gula merah madu;ramuan empon empon buat jaga kesehatan dimasa virus covid corona jahe bagusnya jahe merah temulawak cengkeh kunir kunyit sereh kayu manis gula merah madu;['ramuan', 'empon', 'empon', 'buat', 'jaga', 'kesehatan', 'dimasa', 'virus', 'covid', 'corona', 'jahe', 'bagusnya', 'jahe', 'merah', 'temulawak', 'cengkeh', 'kunir', 'kunyit', 'sereh', 'kayu', 'manis', 'gula', 'merah', 'madu'];['ramuan', 'empon', 'empon', 'buat', 'jaga', 'kesehatan', 'dimasa', 'virus', 'covid', 'corona', 'jahe', 'bagusnya', 'jahe', 'merah', 'temulawak', 'cengkeh', 'kunir', 'kunyit', 'sereh', 'kayu', 'manis', 'gula', 'merah', 'madu'];['ramuan', 'empon', 'empon', 'jaga', 'kesehatan', 'dimasa', 'virus', 'covid', 'corona', 'jahe', 'bagusnya', 'jahe', 'merah', 'temulawak', 'cengkeh', 'kunir', 'kunyit', 'sereh', 'kayu', 'manis', 'gula', 'merah', 'madu'];ramuan empon empon jaga kesehatan dimasa virus covid corona jahe bagusnya jahe merah temulawak cengkeh kunir kunyit sereh kayu manis gula merah madu;ramu empon empon jaga sehat masa virus covid corona jahe bagus jahe merah temulawak cengkeh kunir kunyit sereh kayu manis gula merah madu
272;Pakai masker, mainkan yoyo mu . Potret ini di sd vita school. Dilakukan sebelum pandemi covid-19 . Tp budaya menggunakan masker sudah dilakukan .Contact Us :Cak Dolan : 085850080188;0.0;pakai masker main yoyo mu potret sd vita school pandemi covid budaya masker contact us cak dolan;pakai masker mainkan yoyo mu potret ini di sd vita school dilakukan sebelum pandemi covid tp budaya menggunakan masker sudah dilakukan contact us cak dolan;['pakai', 'masker', 'mainkan', 'yoyo', 'mu', 'potret', 'ini', 'di', 'sd', 'vita', 'school', 'dilakukan', 'sebelum', 'pandemi', 'covid', 'tp', 'budaya', 'menggunakan', 'masker', 'sudah', 'dilakukan', 'contact', 'us', 'cak', 'dolan'];['pakai', 'masker', 'mainkan', 'yoyo', 'mu', 'potret', 'ini', 'di', 'sd', 'vita', 'school', 'dilakukan', 'sebelum', 'pandemi', 'covid', 'tapi', 'budaya', 'menggunakan', 'masker', 'sudah', 'dilakukan', 'contact', 'us', 'cak', 'dolan'];['pakai', 'masker', 'mainkan', 'yoyo', 'mu', 'potret', 'sd', 'vita', 'school', 'pandemi', 'covid', 'budaya', 'masker', 'contact', 'us', 'cak', 'dolan'];pakai masker mainkan yoyo mu potret sd vita school pandemi covid budaya masker contact us cak dolan;pakai masker main yoyo mu potret sd vita school pandemi covid budaya masker contact us cak dolan
273;Tidak usah cuti laahh, kita mengejar ketertinggalan kemarin aja masih belum terkejar, belum.lagi Covid 19 tambah tertinggal lagi, jgn malah dijadikan modus...;1.0;cuti laahh kejar tinggal kemarin kejar belumlagi covid tinggal jadi modus;tidak usah cuti laahh kita mengejar ketertinggalan kemarin aja masih belum terkejar belumlagi covid tambah tertinggal lagi jgn malah dijadikan modus;['tidak', 'usah', 'cuti', 'laahh', 'kita', 'mengejar', 'ketertinggalan', 'kemarin', 'aja', 'masih', 'belum', 'terkejar', 'belumlagi', 'covid', 'tambah', 'tertinggal', 'lagi', 'jgn', 'malah', 'dijadikan', 'modus'];['tidak', 'usah', 'cuti', 'laahh', 'kita', 'mengejar', 'ketertinggalan', 'kemarin', 'saja', 'masih', 'belum', 'terkejar', 'belumlagi', 'covid', 'tambah', 'tertinggal', 'lagi', 'jangan', 'malah', 'dijadikan', 'modus'];['cuti', 'laahh', 'mengejar', 'ketertinggalan', 'kemarin', 'terkejar', 'belumlagi', 'covid', 'tertinggal', 'dijadikan', 'modus'];cuti laahh mengejar ketertinggalan kemarin terkejar belumlagi covid tertinggal dijadikan modus;cuti laahh kejar tinggal kemarin kejar belumlagi covid tinggal jadi modus
274;Amit2 kalau kalian ntar yg pada nolak terus positif covid dan ngga ada yg mau ngerawat kalian kalian bisa apaa???;0.0;amit nolak positif covid ngerawat apaa;amit kalau kalian ntar yg pada nolak terus positif covid dan ngga ada yg mau ngerawat kalian kalian bisa apaa;['amit', 'kalau', 'kalian', 'ntar', 'yg', 'pada', 'nolak', 'terus', 'positif', 'covid', 'dan', 'ngga', 'ada', 'yg', 'mau', 'ngerawat', 'kalian', 'kalian', 'bisa', 'apaa'];['amit', 'kalau', 'kalian', 'nanti', 'yang', 'pada', 'nolak', 'terus', 'positif', 'covid', 'dan', 'tidak', 'ada', 'yang', 'mau', 'ngerawat', 'kalian', 'kalian', 'bisa', 'apaa'];['amit', 'nolak', 'positif', 'covid', 'ngerawat', 'apaa'];amit nolak positif covid ngerawat apaa;amit nolak positif covid ngerawat apaa
275;Wahai seluruh perantau yg masih ada di Jakarta.Ingatlah bahwa kita semua adalah ODP COVID-19.Pikirkan baik-baik jika kalian ingin MEMAKSAKAN pulang kampung, apapun alasannya.Jangan sampai hal seperti di gambar ini kalian lakukan.;1.0;rantau jakartaingatlah odp covidpikirkan baikbaik paksa pulang kampung apa alasannyajangan gambar laku;wahai seluruh perantau yg masih ada di jakartaingatlah bahwa kita semua adalah odp covidpikirkan baikbaik jika kalian ingin memaksakan pulang kampung apapun alasannyajangan sampai hal seperti di gambar ini kalian lakukan;['wahai', 'seluruh', 'perantau', 'yg', 'masih', 'ada', 'di', 'jakartaingatlah', 'bahwa', 'kita', 'semua', 'adalah', 'odp', 'covidpikirkan', 'baikbaik', 'jika', 'kalian', 'ingin', 'memaksakan', 'pulang', 'kampung', 'apapun', 'alasannyajangan', 'sampai', 'hal', 'seperti', 'di', 'gambar', 'ini', 'kalian', 'lakukan'];['wahai', 'seluruh', 'perantau', 'yang', 'masih', 'ada', 'di', 'jakartaingatlah', 'bahwa', 'kita', 'semua', 'adalah', 'odp', 'covidpikirkan', 'baikbaik', 'jika', 'kalian', 'ingin', 'memaksakan', 'pulang', 'kampung', 'apapun', 'alasannyajangan', 'sampai', 'hal', 'seperti', 'di', 'gambar', 'ini', 'kalian', 'lakukan'];['perantau', 'jakartaingatlah', 'odp', 'covidpikirkan', 'baikbaik', 'memaksakan', 'pulang', 'kampung', 'apapun', 'alasannyajangan', 'gambar', 'lakukan'];perantau jakartaingatlah odp covidpikirkan baikbaik memaksakan pulang kampung apapun alasannyajangan gambar lakukan;rantau jakartaingatlah odp covidpikirkan baikbaik paksa pulang kampung apa alasannyajangan gambar laku
276;Nama virus ni covid la bukan convic bukan convin adoiii bebal;-1.0;nama virus covid la convic convin adoiii bebal;nama virus ni covid la bukan convic bukan convin adoiii bebal;['nama', 'virus', 'ni', 'covid', 'la', 'bukan', 'convic', 'bukan', 'convin', 'adoiii', 'bebal'];['nama', 'virus', 'ini', 'covid', 'la', 'bukan', 'convic', 'bukan', 'convin', 'adoiii', 'bebal'];['nama', 'virus', 'covid', 'la', 'convic', 'convin', 'adoiii', 'bebal'];nama virus covid la convic convin adoiii bebal;nama virus covid la convic convin adoiii bebal
277;Cegah Virus Corona Covid-19, Srikandi Polres Pasuruan Bagikan Masker ke Masyarakat;1.0;cegah virus corona covid srikandi polres pasuruan bagi masker masyarakat;cegah virus corona covid srikandi polres pasuruan bagikan masker ke masyarakat;['cegah', 'virus', 'corona', 'covid', 'srikandi', 'polres', 'pasuruan', 'bagikan', 'masker', 'ke', 'masyarakat'];['cegah', 'virus', 'corona', 'covid', 'srikandi', 'polres', 'pasuruan', 'bagikan', 'masker', 'ke', 'masyarakat'];['cegah', 'virus', 'corona', 'covid', 'srikandi', 'polres', 'pasuruan', 'bagikan', 'masker', 'masyarakat'];cegah virus corona covid srikandi polres pasuruan bagikan masker masyarakat;cegah virus corona covid srikandi polres pasuruan bagi masker masyarakat
278;"Unggal lilir ngaragap tarang ""Alhamdulillah heunteu panas, Efek covid";0.0;unggal lilir ngaragap tarang syukur heunteu panas efek covid;unggal lilir ngaragap tarang alhamdulillah heunteu panas efek covid;['unggal', 'lilir', 'ngaragap', 'tarang', 'alhamdulillah', 'heunteu', 'panas', 'efek', 'covid'];['unggal', 'lilir', 'ngaragap', 'tarang', 'syukur', 'heunteu', 'panas', 'efek', 'covid'];['unggal', 'lilir', 'ngaragap', 'tarang', 'syukur', 'heunteu', 'panas', 'efek', 'covid'];unggal lilir ngaragap tarang syukur heunteu panas efek covid;unggal lilir ngaragap tarang syukur heunteu panas efek covid
279;Aliansi Bali Lawan Covid-19 Siap Bersinergi Dengan Pemerintah Kota Denpasar Dalam Memutus Penyebaran Covid-19 via Mengungkap Fakta Meluruskan Sejarah;1.0;aliansi bal lawan covid sinergi perintah kota denpasar putus sebar covid via ungkap fakta lurus sejarah;aliansi bali lawan covid siap bersinergi dengan pemerintah kota denpasar dalam memutus penyebaran covid via mengungkap fakta meluruskan sejarah;['aliansi', 'bali', 'lawan', 'covid', 'siap', 'bersinergi', 'dengan', 'pemerintah', 'kota', 'denpasar', 'dalam', 'memutus', 'penyebaran', 'covid', 'via', 'mengungkap', 'fakta', 'meluruskan', 'sejarah'];['aliansi', 'bali', 'lawan', 'covid', 'siap', 'bersinergi', 'dengan', 'pemerintah', 'kota', 'denpasar', 'dalam', 'memutus', 'penyebaran', 'covid', 'via', 'mengungkap', 'fakta', 'meluruskan', 'sejarah'];['aliansi', 'bali', 'lawan', 'covid', 'bersinergi', 'pemerintah', 'kota', 'denpasar', 'memutus', 'penyebaran', 'covid', 'via', 'mengungkap', 'fakta', 'meluruskan', 'sejarah'];aliansi bali lawan covid bersinergi pemerintah kota denpasar memutus penyebaran covid via mengungkap fakta meluruskan sejarah;aliansi bal lawan covid sinergi perintah kota denpasar putus sebar covid via ungkap fakta lurus sejarah
280;eh ini tl udah kaga sliweran berita covid. ud kelar kali ya apa gmna;0.0;eh tl kaga sliweran berita covid ud selesai kali iya;eh ini tl udah kaga sliweran berita covid ud kelar kali ya apa gmna;['eh', 'ini', 'tl', 'udah', 'kaga', 'sliweran', 'berita', 'covid', 'ud', 'kelar', 'kali', 'ya', 'apa', 'gmna'];['eh', 'ini', 'tl', 'sudah', 'kaga', 'sliweran', 'berita', 'covid', 'ud', 'selesai', 'kali', 'iya', 'apa', 'bagaimana'];['eh', 'tl', 'kaga', 'sliweran', 'berita', 'covid', 'ud', 'selesai', 'kali', 'iya'];eh tl kaga sliweran berita covid ud selesai kali iya;eh tl kaga sliweran berita covid ud selesai kali iya
281;3.315 Pekerja di Jatim Jadi Korban PHK Karena Covid-19 via;0.0;kerja jatim korban phk covid via;pekerja di jatim jadi korban phk karena covid via;['pekerja', 'di', 'jatim', 'jadi', 'korban', 'phk', 'karena', 'covid', 'via'];['pekerja', 'di', 'jatim', 'jadi', 'korban', 'phk', 'karena', 'covid', 'via'];['pekerja', 'jatim', 'korban', 'phk', 'covid', 'via'];pekerja jatim korban phk covid via;kerja jatim korban phk covid via
282;Buat masa ni lebih baik tumpukan pada mereka yang terkesan pada musim Covid-19 ni;0.0;tumpu kes musim covid;buat masa ni lebih baik tumpukan pada mereka yang terkesan pada musim covid ni;['buat', 'masa', 'ni', 'lebih', 'baik', 'tumpukan', 'pada', 'mereka', 'yang', 'terkesan', 'pada', 'musim', 'covid', 'ni'];['buat', 'masa', 'ini', 'lebih', 'baik', 'tumpukan', 'pada', 'mereka', 'yang', 'terkesan', 'pada', 'musim', 'covid', 'ini'];['tumpukan', 'terkesan', 'musim', 'covid'];tumpukan terkesan musim covid;tumpu kes musim covid
283;kemenkeuri Pemerintah siapkan kebijakan extraordinary untuk tangani Covid-19. Untuk itu, belanja negara meningkat untuk fasilitas dan pelayanan kesehatan, bantuan sosial, dan pemberian stimulus;1.0;kemenkeuri perintah siap bijak extraordinary tangan covid belanja negara tingkat fasilitas layan sehat bantu sosial beri stimulus;kemenkeuri pemerintah siapkan kebijakan extraordinary untuk tangani covid untuk itu belanja negara meningkat untuk fasilitas dan pelayanan kesehatan bantuan sosial dan pemberian stimulus;['kemenkeuri', 'pemerintah', 'siapkan', 'kebijakan', 'extraordinary', 'untuk', 'tangani', 'covid', 'untuk', 'itu', 'belanja', 'negara', 'meningkat', 'untuk', 'fasilitas', 'dan', 'pelayanan', 'kesehatan', 'bantuan', 'sosial', 'dan', 'pemberian', 'stimulus'];['kemenkeuri', 'pemerintah', 'siapkan', 'kebijakan', 'extraordinary', 'untuk', 'tangani', 'covid', 'untuk', 'itu', 'belanja', 'negara', 'meningkat', 'untuk', 'fasilitas', 'dan', 'pelayanan', 'kesehatan', 'bantuan', 'sosial', 'dan', 'pemberian', 'stimulus'];['kemenkeuri', 'pemerintah', 'siapkan', 'kebijakan', 'extraordinary', 'tangani', 'covid', 'belanja', 'negara', 'meningkat', 'fasilitas', 'pelayanan', 'kesehatan', 'bantuan', 'sosial', 'pemberian', 'stimulus'];kemenkeuri pemerintah siapkan kebijakan extraordinary tangani covid belanja negara meningkat fasilitas pelayanan kesehatan bantuan sosial pemberian stimulus;kemenkeuri perintah siap bijak extraordinary tangan covid belanja negara tingkat fasilitas layan sehat bantu sosial beri stimulus
284;Nunggu covid beres;0.0;nunggu covid selesai;nunggu covid beres;['nunggu', 'covid', 'beres'];['nunggu', 'covid', 'selesai'];['nunggu', 'covid', 'selesai'];nunggu covid selesai;nunggu covid selesai
285;suruh news anchor kalian pake masker lah, selain utk melawan covid 19 hal ini jg sbg cara meng edukasi msy yg ngeyel gak mau pakai masker!;1.0;suruh news anchor pakai masker lawan covid jg meng edukasi msy ngeyel pakai masker;suruh news anchor kalian pake masker lah selain utk melawan covid hal ini jg sbg cara meng edukasi msy yg ngeyel gak mau pakai masker;['suruh', 'news', 'anchor', 'kalian', 'pake', 'masker', 'lah', 'selain', 'utk', 'melawan', 'covid', 'hal', 'ini', 'jg', 'sbg', 'cara', 'meng', 'edukasi', 'msy', 'yg', 'ngeyel', 'gak', 'mau', 'pakai', 'masker'];['suruh', 'news', 'anchor', 'kalian', 'pakai', 'masker', 'lah', 'selain', 'untuk', 'melawan', 'covid', 'hal', 'ini', 'jg', 'sebagai', 'cara', 'meng', 'edukasi', 'msy', 'yang', 'ngeyel', 'tidak', 'mau', 'pakai', 'masker'];['suruh', 'news', 'anchor', 'pakai', 'masker', 'melawan', 'covid', 'jg', 'meng', 'edukasi', 'msy', 'ngeyel', 'pakai', 'masker'];suruh news anchor pakai masker melawan covid jg meng edukasi msy ngeyel pakai masker;suruh news anchor pakai masker lawan covid jg meng edukasi msy ngeyel pakai masker
286;AWALNYA rezim jkw MEREMEHKAN/ MENUTUPI demi amankan turis, proyek2x, investor, TKA dari negara cina komunis ? tapi saat indonesia DISERANG penguasa gagap tidak bisa mencegah, mengendalikan lindungi rakyat dari tertular kematian;1.0;rezim jkw remeh tutup aman turis proyekx investor tka negara cina komunis indonesia serang kuasa gagap cegah kendali lindung rakyat tular mati;awalnya rezim jkw meremehkan menutupi demi amankan turis proyekx investor tka dari negara cina komunis tapi saat indonesia diserang penguasa gagap tidak bisa mencegah mengendalikan lindungi rakyat dari tertular kematian;['awalnya', 'rezim', 'jkw', 'meremehkan', 'menutupi', 'demi', 'amankan', 'turis', 'proyekx', 'investor', 'tka', 'dari', 'negara', 'cina', 'komunis', 'tapi', 'saat', 'indonesia', 'diserang', 'penguasa', 'gagap', 'tidak', 'bisa', 'mencegah', 'mengendalikan', 'lindungi', 'rakyat', 'dari', 'tertular', 'kematian'];['awalnya', 'rezim', 'jkw', 'meremehkan', 'menutupi', 'demi', 'amankan', 'turis', 'proyekx', 'investor', 'tka', 'dari', 'negara', 'cina', 'komunis', 'tapi', 'saat', 'indonesia', 'diserang', 'penguasa', 'gagap', 'tidak', 'bisa', 'mencegah', 'mengendalikan', 'lindungi', 'rakyat', 'dari', 'tertular', 'kematian'];['rezim', 'jkw', 'meremehkan', 'menutupi', 'amankan', 'turis', 'proyekx', 'investor', 'tka', 'negara', 'cina', 'komunis', 'indonesia', 'diserang', 'penguasa', 'gagap', 'mencegah', 'mengendalikan', 'lindungi', 'rakyat', 'tertular', 'kematian'];rezim jkw meremehkan menutupi amankan turis proyekx investor tka negara cina komunis indonesia diserang penguasa gagap mencegah mengendalikan lindungi rakyat tertular kematian;rezim jkw remeh tutup aman turis proyekx investor tka negara cina komunis indonesia serang kuasa gagap cegah kendali lindung rakyat tular mati
287;Bantu Tenaga Medis Rawat Pasien COVID-19, Mata Garuda Sulsel Produksi APD;1.0;bantu tenaga medis rawat pasien covid mata garuda sulsel produksi apd;bantu tenaga medis rawat pasien covid mata garuda sulsel produksi apd;['bantu', 'tenaga', 'medis', 'rawat', 'pasien', 'covid', 'mata', 'garuda', 'sulsel', 'produksi', 'apd'];['bantu', 'tenaga', 'medis', 'rawat', 'pasien', 'covid', 'mata', 'garuda', 'sulsel', 'produksi', 'apd'];['bantu', 'tenaga', 'medis', 'rawat', 'pasien', 'covid', 'mata', 'garuda', 'sulsel', 'produksi', 'apd'];bantu tenaga medis rawat pasien covid mata garuda sulsel produksi apd;bantu tenaga medis rawat pasien covid mata garuda sulsel produksi apd
288;New post (COVID-19: Bisakah Obat Penghilang Gumpalan Membantu Menyelamatkan Nyawa Pasien dengan Ventilator?) has been published on Kafe Kepo -;0.0;new post covid obat hilang gumpal bantu selamat nyawa pasien ventilator has been published on kafe kepo;new post covid bisakah obat penghilang gumpalan membantu menyelamatkan nyawa pasien dengan ventilator has been published on kafe kepo;['new', 'post', 'covid', 'bisakah', 'obat', 'penghilang', 'gumpalan', 'membantu', 'menyelamatkan', 'nyawa', 'pasien', 'dengan', 'ventilator', 'has', 'been', 'published', 'on', 'kafe', 'kepo'];['new', 'post', 'covid', 'bisakah', 'obat', 'penghilang', 'gumpalan', 'membantu', 'menyelamatkan', 'nyawa', 'pasien', 'dengan', 'ventilator', 'has', 'been', 'published', 'on', 'kafe', 'kepo'];['new', 'post', 'covid', 'obat', 'penghilang', 'gumpalan', 'membantu', 'menyelamatkan', 'nyawa', 'pasien', 'ventilator', 'has', 'been', 'published', 'on', 'kafe', 'kepo'];new post covid obat penghilang gumpalan membantu menyelamatkan nyawa pasien ventilator has been published on kafe kepo;new post covid obat hilang gumpal bantu selamat nyawa pasien ventilator has been published on kafe kepo
289;Belanja Sayur Online Diserbu Warganet Saat Pandemi Covid 19;1.0;belanja sayur online serbu warganet pandemi covid;belanja sayur online diserbu warganet saat pandemi covid;['belanja', 'sayur', 'online', 'diserbu', 'warganet', 'saat', 'pandemi', 'covid'];['belanja', 'sayur', 'online', 'diserbu', 'warganet', 'saat', 'pandemi', 'covid'];['belanja', 'sayur', 'online', 'diserbu', 'warganet', 'pandemi', 'covid'];belanja sayur online diserbu warganet pandemi covid;belanja sayur online serbu warganet pandemi covid
290;Semoga covid 19 segera berakhir. Aamiin;1.0;moga covid moga;semoga covid segera berakhir aamiin;['semoga', 'covid', 'segera', 'berakhir', 'aamiin'];['semoga', 'covid', 'segera', 'berakhir', 'semoga'];['semoga', 'covid', 'semoga'];semoga covid semoga;moga covid moga
291;Gubernur Gorontalo Rusli Habibie mengumumkan kasus positif pertama di Gorontalo, Kamis (9/4/2020) malam.Foto: Adiwinata Solihin;0.0;gubernur gorontalo rusli habibie umum positif gorontalo kamis malamfoto adiwinata solihin;gubernur gorontalo rusli habibie mengumumkan kasus positif pertama di gorontalo kamis malamfoto adiwinata solihin;['gubernur', 'gorontalo', 'rusli', 'habibie', 'mengumumkan', 'kasus', 'positif', 'pertama', 'di', 'gorontalo', 'kamis', 'malamfoto', 'adiwinata', 'solihin'];['gubernur', 'gorontalo', 'rusli', 'habibie', 'mengumumkan', 'kasus', 'positif', 'pertama', 'di', 'gorontalo', 'kamis', 'malamfoto', 'adiwinata', 'solihin'];['gubernur', 'gorontalo', 'rusli', 'habibie', 'mengumumkan', 'positif', 'gorontalo', 'kamis', 'malamfoto', 'adiwinata', 'solihin'];gubernur gorontalo rusli habibie mengumumkan positif gorontalo kamis malamfoto adiwinata solihin;gubernur gorontalo rusli habibie umum positif gorontalo kamis malamfoto adiwinata solihin
292;Berita artis meninggal mungkin sengaja di besar2kan utk mengalihkan berita atas kelalaian pemerintah mengatasi wabah COVID 19...;-1.0;berita artis tinggal sengaja besar alih berita lalai perintah atas wabah covid;berita artis meninggal mungkin sengaja di besarkan utk mengalihkan berita atas kelalaian pemerintah mengatasi wabah covid;['berita', 'artis', 'meninggal', 'mungkin', 'sengaja', 'di', 'besarkan', 'utk', 'mengalihkan', 'berita', 'atas', 'kelalaian', 'pemerintah', 'mengatasi', 'wabah', 'covid'];['berita', 'artis', 'meninggal', 'mungkin', 'sengaja', 'di', 'besarkan', 'untuk', 'mengalihkan', 'berita', 'atas', 'kelalaian', 'pemerintah', 'mengatasi', 'wabah', 'covid'];['berita', 'artis', 'meninggal', 'sengaja', 'besarkan', 'mengalihkan', 'berita', 'kelalaian', 'pemerintah', 'mengatasi', 'wabah', 'covid'];berita artis meninggal sengaja besarkan mengalihkan berita kelalaian pemerintah mengatasi wabah covid;berita artis tinggal sengaja besar alih berita lalai perintah atas wabah covid
293;Dholat berjamaah dilarangNgopi2 diwarung dilarangPesta nikahan dilarang n dibubarinAda yg mati, yag ngelayat sampai penuh kok ngak dilarang n dibubarin???Virus covid-19 madih ada;-1.0;dholat jamaah dilarangngopi warung dilarangpesta nikah larang dibubarinada mati yag ngelayat penuh larang dibubarinvirus covid madih;dholat berjamaah dilarangngopi diwarung dilarangpesta nikahan dilarang n dibubarinada yg mati yag ngelayat sampai penuh kok ngak dilarang n dibubarinvirus covid madih ada;['dholat', 'berjamaah', 'dilarangngopi', 'diwarung', 'dilarangpesta', 'nikahan', 'dilarang', 'n', 'dibubarinada', 'yg', 'mati', 'yag', 'ngelayat', 'sampai', 'penuh', 'kok', 'ngak', 'dilarang', 'n', 'dibubarinvirus', 'covid', 'madih', 'ada'];['dholat', 'berjamaah', 'dilarangngopi', 'diwarung', 'dilarangpesta', 'nikahan', 'dilarang', 'dan', 'dibubarinada', 'yang', 'mati', 'yag', 'ngelayat', 'sampai', 'penuh', 'kok', 'tidak', 'dilarang', 'dan', 'dibubarinvirus', 'covid', 'madih', 'ada'];['dholat', 'berjamaah', 'dilarangngopi', 'diwarung', 'dilarangpesta', 'nikahan', 'dilarang', 'dibubarinada', 'mati', 'yag', 'ngelayat', 'penuh', 'dilarang', 'dibubarinvirus', 'covid', 'madih'];dholat berjamaah dilarangngopi diwarung dilarangpesta nikahan dilarang dibubarinada mati yag ngelayat penuh dilarang dibubarinvirus covid madih;dholat jamaah dilarangngopi warung dilarangpesta nikah larang dibubarinada mati yag ngelayat penuh larang dibubarinvirus covid madih
294;KUMPULAN Poster Stay at Home untuk Edukasi Covid-19, Bagikan Lewat Facebook, WhatsApp dan Instagram via;0.0;kumpul poster stay at home edukasi covid bagi facebook whatsapp instagram via;kumpulan poster stay at home untuk edukasi covid bagikan lewat facebook whatsapp dan instagram via;['kumpulan', 'poster', 'stay', 'at', 'home', 'untuk', 'edukasi', 'covid', 'bagikan', 'lewat', 'facebook', 'whatsapp', 'dan', 'instagram', 'via'];['kumpulan', 'poster', 'stay', 'at', 'home', 'untuk', 'edukasi', 'covid', 'bagikan', 'lewat', 'facebook', 'whatsapp', 'dan', 'instagram', 'via'];['kumpulan', 'poster', 'stay', 'at', 'home', 'edukasi', 'covid', 'bagikan', 'facebook', 'whatsapp', 'instagram', 'via'];kumpulan poster stay at home edukasi covid bagikan facebook whatsapp instagram via;kumpul poster stay at home edukasi covid bagi facebook whatsapp instagram via
295;Bayani akan yadda zaka/zaki gujewa coronavirus (covid-19);0.0;bayan yadda zakazaki gujewa coronavirus covid;bayani akan yadda zakazaki gujewa coronavirus covid;['bayani', 'akan', 'yadda', 'zakazaki', 'gujewa', 'coronavirus', 'covid'];['bayani', 'akan', 'yadda', 'zakazaki', 'gujewa', 'coronavirus', 'covid'];['bayani', 'yadda', 'zakazaki', 'gujewa', 'coronavirus', 'covid'];bayani yadda zakazaki gujewa coronavirus covid;bayan yadda zakazaki gujewa coronavirus covid
296;Juara PUBG - Ned Brotherhood untuk Selangor Cybergames Stay Home Edition tahniah kepada pemenang. Nantikan Selangor Cyber Games 2020 yang akan berlangsung selepas kita berjaya lawan covid 19. Terima kasih juga yg menyumbang semasa kejohanan ini dengan RM36488 berjaya dikutip;0.0;juara pubg ned brotherhood selangor cybergames stay home edition tahniah menang nanti selangor cyber games lepas jaya lawan covid terima kasih sumbang johan rm jaya kutip;juara pubg ned brotherhood untuk selangor cybergames stay home edition tahniah kepada pemenang nantikan selangor cyber games yang akan berlangsung selepas kita berjaya lawan covid terima kasih juga yg menyumbang semasa kejohanan ini dengan rm berjaya dikutip;['juara', 'pubg', 'ned', 'brotherhood', 'untuk', 'selangor', 'cybergames', 'stay', 'home', 'edition', 'tahniah', 'kepada', 'pemenang', 'nantikan', 'selangor', 'cyber', 'games', 'yang', 'akan', 'berlangsung', 'selepas', 'kita', 'berjaya', 'lawan', 'covid', 'terima', 'kasih', 'juga', 'yg', 'menyumbang', 'semasa', 'kejohanan', 'ini', 'dengan', 'rm', 'berjaya', 'dikutip'];['juara', 'pubg', 'ned', 'brotherhood', 'untuk', 'selangor', 'cybergames', 'stay', 'home', 'edition', 'tahniah', 'kepada', 'pemenang', 'nantikan', 'selangor', 'cyber', 'games', 'yang', 'akan', 'berlangsung', 'selepas', 'kita', 'berjaya', 'lawan', 'covid', 'terima', 'kasih', 'juga', 'yang', 'menyumbang', 'semasa', 'kejohanan', 'ini', 'dengan', 'rm', 'berjaya', 'dikutip'];['juara', 'pubg', 'ned', 'brotherhood', 'selangor', 'cybergames', 'stay', 'home', 'edition', 'tahniah', 'pemenang', 'nantikan', 'selangor', 'cyber', 'games', 'selepas', 'berjaya', 'lawan', 'covid', 'terima', 'kasih', 'menyumbang', 'kejohanan', 'rm', 'berjaya', 'dikutip'];juara pubg ned brotherhood selangor cybergames stay home edition tahniah pemenang nantikan selangor cyber games selepas berjaya lawan covid terima kasih menyumbang kejohanan rm berjaya dikutip;juara pubg ned brotherhood selangor cybergames stay home edition tahniah menang nanti selangor cyber games lepas jaya lawan covid terima kasih sumbang johan rm jaya kutip
297;Tim Pesisir Selatan Sisir 54 Warga Pernah Kontak Dua Pasien Covid-19;0.0;tim pesisir selatan sisir warga kontak pasien covid;tim pesisir selatan sisir warga pernah kontak dua pasien covid;['tim', 'pesisir', 'selatan', 'sisir', 'warga', 'pernah', 'kontak', 'dua', 'pasien', 'covid'];['tim', 'pesisir', 'selatan', 'sisir', 'warga', 'pernah', 'kontak', 'dua', 'pasien', 'covid'];['tim', 'pesisir', 'selatan', 'sisir', 'warga', 'kontak', 'pasien', 'covid'];tim pesisir selatan sisir warga kontak pasien covid;tim pesisir selatan sisir warga kontak pasien covid
298;ARTIKEL : Covid-19 dan Kehidupan Sosial Bermasyarakat;1.0;artikel covid hidup sosial masyarakat;artikel covid dan kehidupan sosial bermasyarakat;['artikel', 'covid', 'dan', 'kehidupan', 'sosial', 'bermasyarakat'];['artikel', 'covid', 'dan', 'kehidupan', 'sosial', 'bermasyarakat'];['artikel', 'covid', 'kehidupan', 'sosial', 'bermasyarakat'];artikel covid kehidupan sosial bermasyarakat;artikel covid hidup sosial masyarakat
299;ni... timbus je dgn salji, konfem virus Covid-19 tak serang dorang ;0.0;timbus je salji konfem virus covid serang dorang;ni timbus je dgn salji konfem virus covid tak serang dorang;['ni', 'timbus', 'je', 'dgn', 'salji', 'konfem', 'virus', 'covid', 'tak', 'serang', 'dorang'];['ini', 'timbus', 'je', 'dengan', 'salji', 'konfem', 'virus', 'covid', 'tak', 'serang', 'dorang'];['timbus', 'je', 'salji', 'konfem', 'virus', 'covid', 'serang', 'dorang'];timbus je salji konfem virus covid serang dorang;timbus je salji konfem virus covid serang dorang
300;Cegah Penyebaran Covid 19, Tim Satgas Periksa Setiap Kapal Yang Masuk;1.0;cegah sebar covid tim satgas periksa kapal masuk;cegah penyebaran covid tim satgas periksa setiap kapal yang masuk;['cegah', 'penyebaran', 'covid', 'tim', 'satgas', 'periksa', 'setiap', 'kapal', 'yang', 'masuk'];['cegah', 'penyebaran', 'covid', 'tim', 'satgas', 'periksa', 'setiap', 'kapal', 'yang', 'masuk'];['cegah', 'penyebaran', 'covid', 'tim', 'satgas', 'periksa', 'kapal', 'masuk'];cegah penyebaran covid tim satgas periksa kapal masuk;cegah sebar covid tim satgas periksa kapal masuk
301;Alhamdulillah semoga Abang Sehat selalu, semoga Indonesia cepat terbebas dari covid-19;1.0;syukur moga abang sehat moga indonesia cepat bebas covid;alhamdulillah semoga abang sehat selalu semoga indonesia cepat terbebas dari covid;['alhamdulillah', 'semoga', 'abang', 'sehat', 'selalu', 'semoga', 'indonesia', 'cepat', 'terbebas', 'dari', 'covid'];['syukur', 'semoga', 'abang', 'sehat', 'selalu', 'semoga', 'indonesia', 'cepat', 'terbebas', 'dari', 'covid'];['syukur', 'semoga', 'abang', 'sehat', 'semoga', 'indonesia', 'cepat', 'terbebas', 'covid'];syukur semoga abang sehat semoga indonesia cepat terbebas covid;syukur moga abang sehat moga indonesia cepat bebas covid
302;"Indonesia tegaskan perlunya DK PBB tunjukkan kesatuan dlm atasi dampak COVID-19 thdp perdamaian &amp; keamanan internasional. Perlu kerja sama global, solidaritas &amp; hindari diskriminasi serta stigmatisasi. ";1.0;indonesia tegas dk pbb tunjuk satu atas dampak covid thdp damai amp aman internasional kerja global solidaritas amp hindar diskriminasi stigmatisasi;indonesia tegaskan perlunya dk pbb tunjukkan kesatuan dlm atasi dampak covid thdp perdamaian amp keamanan internasional perlu kerja sama global solidaritas amp hindari diskriminasi serta stigmatisasi;['indonesia', 'tegaskan', 'perlunya', 'dk', 'pbb', 'tunjukkan', 'kesatuan', 'dlm', 'atasi', 'dampak', 'covid', 'thdp', 'perdamaian', 'amp', 'keamanan', 'internasional', 'perlu', 'kerja', 'sama', 'global', 'solidaritas', 'amp', 'hindari', 'diskriminasi', 'serta', 'stigmatisasi'];['indonesia', 'tegaskan', 'perlunya', 'dk', 'pbb', 'tunjukkan', 'kesatuan', 'dalam', 'atasi', 'dampak', 'covid', 'thdp', 'perdamaian', 'amp', 'keamanan', 'internasional', 'perlu', 'kerja', 'sama', 'global', 'solidaritas', 'amp', 'hindari', 'diskriminasi', 'serta', 'stigmatisasi'];['indonesia', 'tegaskan', 'dk', 'pbb', 'tunjukkan', 'kesatuan', 'atasi', 'dampak', 'covid', 'thdp', 'perdamaian', 'amp', 'keamanan', 'internasional', 'kerja', 'global', 'solidaritas', 'amp', 'hindari', 'diskriminasi', 'stigmatisasi'];indonesia tegaskan dk pbb tunjukkan kesatuan atasi dampak covid thdp perdamaian amp keamanan internasional kerja global solidaritas amp hindari diskriminasi stigmatisasi;indonesia tegas dk pbb tunjuk satu atas dampak covid thdp damai amp aman internasional kerja global solidaritas amp hindar diskriminasi stigmatisasi
303;Untuk saat ini merekalah garda terdepan dalam menangani covid 19 ini , tunjukan rasa kemanusiaan berpikirlah dengan cerdas . ;1.0;garda depan tangan covid tunjuk manusia pikir cerdas;untuk saat ini merekalah garda terdepan dalam menangani covid ini tunjukan rasa kemanusiaan berpikirlah dengan cerdas;['untuk', 'saat', 'ini', 'merekalah', 'garda', 'terdepan', 'dalam', 'menangani', 'covid', 'ini', 'tunjukan', 'rasa', 'kemanusiaan', 'berpikirlah', 'dengan', 'cerdas'];['untuk', 'saat', 'ini', 'merekalah', 'garda', 'terdepan', 'dalam', 'menangani', 'covid', 'ini', 'tunjukan', 'rasa', 'kemanusiaan', 'berpikirlah', 'dengan', 'cerdas'];['garda', 'terdepan', 'menangani', 'covid', 'tunjukan', 'kemanusiaan', 'berpikirlah', 'cerdas'];garda terdepan menangani covid tunjukan kemanusiaan berpikirlah cerdas;garda depan tangan covid tunjuk manusia pikir cerdas
304;Perawat2 ini yg ngerawat pasien covid kalau mereka sampai terkena itu sudah resiko pekerjaan mereka.Nyawa mereka taruhkan demi kesembuhan kalian terus sekarang mau dimakamin di daerahnya malah kalian tolak?Hatinya nurani kalian tuh pada dimana sih?;1.0;awat ngerawat pasien covid kena resiko kerja merekanyawa taruh sembuh dimakamin daerah tolakhatinya nurani mana sih;perawat ini yg ngerawat pasien covid kalau mereka sampai terkena itu sudah resiko pekerjaan merekanyawa mereka taruhkan demi kesembuhan kalian terus sekarang mau dimakamin di daerahnya malah kalian tolakhatinya nurani kalian tuh pada dimana sih;['perawat', 'ini', 'yg', 'ngerawat', 'pasien', 'covid', 'kalau', 'mereka', 'sampai', 'terkena', 'itu', 'sudah', 'resiko', 'pekerjaan', 'merekanyawa', 'mereka', 'taruhkan', 'demi', 'kesembuhan', 'kalian', 'terus', 'sekarang', 'mau', 'dimakamin', 'di', 'daerahnya', 'malah', 'kalian', 'tolakhatinya', 'nurani', 'kalian', 'tuh', 'pada', 'dimana', 'sih'];['perawat', 'ini', 'yang', 'ngerawat', 'pasien', 'covid', 'kalau', 'mereka', 'sampai', 'terkena', 'itu', 'sudah', 'resiko', 'pekerjaan', 'merekanyawa', 'mereka', 'taruhkan', 'demi', 'kesembuhan', 'kalian', 'terus', 'sekarang', 'mau', 'dimakamin', 'di', 'daerahnya', 'malah', 'kalian', 'tolakhatinya', 'nurani', 'kalian', 'itu', 'pada', 'dimana', 'sih'];['perawat', 'ngerawat', 'pasien', 'covid', 'terkena', 'resiko', 'pekerjaan', 'merekanyawa', 'taruhkan', 'kesembuhan', 'dimakamin', 'daerahnya', 'tolakhatinya', 'nurani', 'dimana', 'sih'];perawat ngerawat pasien covid terkena resiko pekerjaan merekanyawa taruhkan kesembuhan dimakamin daerahnya tolakhatinya nurani dimana sih;awat ngerawat pasien covid kena resiko kerja merekanyawa taruh sembuh dimakamin daerah tolakhatinya nurani mana sih
305;Jasamu luar biasa, tenaga medis yg tlah gugur berjihad di tengah wabah covid 19;1.0;jasa tenaga medis tlah gugur jihad wabah covid;jasamu luar biasa tenaga medis yg tlah gugur berjihad di tengah wabah covid;['jasamu', 'luar', 'biasa', 'tenaga', 'medis', 'yg', 'tlah', 'gugur', 'berjihad', 'di', 'tengah', 'wabah', 'covid'];['jasamu', 'luar', 'biasa', 'tenaga', 'medis', 'yang', 'tlah', 'gugur', 'berjihad', 'di', 'tengah', 'wabah', 'covid'];['jasamu', 'tenaga', 'medis', 'tlah', 'gugur', 'berjihad', 'wabah', 'covid'];jasamu tenaga medis tlah gugur berjihad wabah covid;jasa tenaga medis tlah gugur jihad wabah covid
306;Covid menelanjangi dan mempertontonkan kepada kita bagaimana +62 ini diurus.;-1.0;covid telanjang tonton urus;covid menelanjangi dan mempertontonkan kepada kita bagaimana ini diurus;['covid', 'menelanjangi', 'dan', 'mempertontonkan', 'kepada', 'kita', 'bagaimana', 'ini', 'diurus'];['covid', 'menelanjangi', 'dan', 'mempertontonkan', 'kepada', 'kita', 'bagaimana', 'ini', 'diurus'];['covid', 'menelanjangi', 'mempertontonkan', 'diurus'];covid menelanjangi mempertontonkan diurus;covid telanjang tonton urus
307;DPRD Kota Makassar info_dprd_kotamakassar , Pemerintah Makassar Realokasi (refocusing) Anggaran sebesar 190 Milyar, untuk penanganan dampak Pandemi COVID-19 di Kota Makassar. Ketua DPRD Kota;1.0;dprd kota makassar infodprdkotamakassar perintah makassar realokasi refocusing anggar milyar tangan dampak pandemi covid kota makassar ketua dprd kota;dprd kota makassar infodprdkotamakassar pemerintah makassar realokasi refocusing anggaran sebesar milyar untuk penanganan dampak pandemi covid di kota makassar ketua dprd kota;['dprd', 'kota', 'makassar', 'infodprdkotamakassar', 'pemerintah', 'makassar', 'realokasi', 'refocusing', 'anggaran', 'sebesar', 'milyar', 'untuk', 'penanganan', 'dampak', 'pandemi', 'covid', 'di', 'kota', 'makassar', 'ketua', 'dprd', 'kota'];['dprd', 'kota', 'makassar', 'infodprdkotamakassar', 'pemerintah', 'makassar', 'realokasi', 'refocusing', 'anggaran', 'sebesar', 'milyar', 'untuk', 'penanganan', 'dampak', 'pandemi', 'covid', 'di', 'kota', 'makassar', 'ketua', 'dprd', 'kota'];['dprd', 'kota', 'makassar', 'infodprdkotamakassar', 'pemerintah', 'makassar', 'realokasi', 'refocusing', 'anggaran', 'milyar', 'penanganan', 'dampak', 'pandemi', 'covid', 'kota', 'makassar', 'ketua', 'dprd', 'kota'];dprd kota makassar infodprdkotamakassar pemerintah makassar realokasi refocusing anggaran milyar penanganan dampak pandemi covid kota makassar ketua dprd kota;dprd kota makassar infodprdkotamakassar perintah makassar realokasi refocusing anggar milyar tangan dampak pandemi covid kota makassar ketua dprd kota
308;"Kesan Covid-19 merentas pelbagai lapisan iaitu perubatan, media dan ideologi politik. Kini kedengaran analisis geo-politik mengenai Covid-19 berlegar dalam media."" - Mohd Azmi Abdul Hamid ";-1.0;kesan covid rentas pelbagai lapis iaitu ubat media ideologi politik dengar analisis geopolitik covid legar media mohd azmi abdul hamid;kesan covid merentas pelbagai lapisan iaitu perubatan media dan ideologi politik kini kedengaran analisis geopolitik mengenai covid berlegar dalam media mohd azmi abdul hamid;['kesan', 'covid', 'merentas', 'pelbagai', 'lapisan', 'iaitu', 'perubatan', 'media', 'dan', 'ideologi', 'politik', 'kini', 'kedengaran', 'analisis', 'geopolitik', 'mengenai', 'covid', 'berlegar', 'dalam', 'media', 'mohd', 'azmi', 'abdul', 'hamid'];['kesan', 'covid', 'merentas', 'pelbagai', 'lapisan', 'iaitu', 'perubatan', 'media', 'dan', 'ideologi', 'politik', 'kini', 'kedengaran', 'analisis', 'geopolitik', 'mengenai', 'covid', 'berlegar', 'dalam', 'media', 'mohd', 'azmi', 'abdul', 'hamid'];['kesan', 'covid', 'merentas', 'pelbagai', 'lapisan', 'iaitu', 'perubatan', 'media', 'ideologi', 'politik', 'kedengaran', 'analisis', 'geopolitik', 'covid', 'berlegar', 'media', 'mohd', 'azmi', 'abdul', 'hamid'];kesan covid merentas pelbagai lapisan iaitu perubatan media ideologi politik kedengaran analisis geopolitik covid berlegar media mohd azmi abdul hamid;kesan covid rentas pelbagai lapis iaitu ubat media ideologi politik dengar analisis geopolitik covid legar media mohd azmi abdul hamid
309;Memperingati Milad Imam Mahdi afs, DPW ABI Sumsel dan DPD ABI Kab Probolinggo Giat Sosial Pencegahan Covid-19 lewat;1.0;ingat milad imam mahdi afs dpw abi sumsel dpd abi kab probolinggo giat sosial cegah covid;memperingati milad imam mahdi afs dpw abi sumsel dan dpd abi kab probolinggo giat sosial pencegahan covid lewat;['memperingati', 'milad', 'imam', 'mahdi', 'afs', 'dpw', 'abi', 'sumsel', 'dan', 'dpd', 'abi', 'kab', 'probolinggo', 'giat', 'sosial', 'pencegahan', 'covid', 'lewat'];['memperingati', 'milad', 'imam', 'mahdi', 'afs', 'dpw', 'abi', 'sumsel', 'dan', 'dpd', 'abi', 'kab', 'probolinggo', 'giat', 'sosial', 'pencegahan', 'covid', 'lewat'];['memperingati', 'milad', 'imam', 'mahdi', 'afs', 'dpw', 'abi', 'sumsel', 'dpd', 'abi', 'kab', 'probolinggo', 'giat', 'sosial', 'pencegahan', 'covid'];memperingati milad imam mahdi afs dpw abi sumsel dpd abi kab probolinggo giat sosial pencegahan covid;ingat milad imam mahdi afs dpw abi sumsel dpd abi kab probolinggo giat sosial cegah covid
310;"Yah orang seperti anda ini yg kalau dimutasi menjadi virus yg lebih berbahaya dari sekedar covid 19.Yang kalau ngomong dikit2 ""obat sakit kepala itu Bodrex,pokoknya harus Bodrex..."" Padahal ko antokkan kepala kau ke batu itu pun sembuh pak Sampek sini paham anda??";0.0;yah orang mutasi virus bahaya dar covid ngomong obat sakit kepala bodrexpokoknya bodrex ko antokkan kepala kau batu sembuh sampek paham;yah orang seperti anda ini yg kalau dimutasi menjadi virus yg lebih berbahaya dari sekedar covid yang kalau ngomong dikit obat sakit kepala itu bodrexpokoknya harus bodrex padahal ko antokkan kepala kau ke batu itu pun sembuh pak sampek sini paham anda;['yah', 'orang', 'seperti', 'anda', 'ini', 'yg', 'kalau', 'dimutasi', 'menjadi', 'virus', 'yg', 'lebih', 'berbahaya', 'dari', 'sekedar', 'covid', 'yang', 'kalau', 'ngomong', 'dikit', 'obat', 'sakit', 'kepala', 'itu', 'bodrexpokoknya', 'harus', 'bodrex', 'padahal', 'ko', 'antokkan', 'kepala', 'kau', 'ke', 'batu', 'itu', 'pun', 'sembuh', 'pak', 'sampek', 'sini', 'paham', 'anda'];['yah', 'orang', 'seperti', 'anda', 'ini', 'yang', 'kalau', 'dimutasi', 'menjadi', 'virus', 'yang', 'lebih', 'berbahaya', 'dari', 'sekedar', 'covid', 'yang', 'kalau', 'ngomong', 'sedikit', 'obat', 'sakit', 'kepala', 'itu', 'bodrexpokoknya', 'harus', 'bodrex', 'padahal', 'ko', 'antokkan', 'kepala', 'kau', 'ke', 'batu', 'itu', 'pun', 'sembuh', 'pak', 'sampek', 'sini', 'paham', 'anda'];['yah', 'orang', 'dimutasi', 'virus', 'berbahaya', 'sekedar', 'covid', 'ngomong', 'obat', 'sakit', 'kepala', 'bodrexpokoknya', 'bodrex', 'ko', 'antokkan', 'kepala', 'kau', 'batu', 'sembuh', 'sampek', 'paham'];yah orang dimutasi virus berbahaya sekedar covid ngomong obat sakit kepala bodrexpokoknya bodrex ko antokkan kepala kau batu sembuh sampek paham;yah orang mutasi virus bahaya dar covid ngomong obat sakit kepala bodrexpokoknya bodrex ko antokkan kepala kau batu sembuh sampek paham
311;Alasan kenapa ndak boleh lelarian, sepedaan, joging bareng di masa Pandemik COVID-19.;1.0;alas ndak lari sepeda joging bareng pandemik covid;alasan kenapa ndak boleh lelarian sepedaan joging bareng di masa pandemik covid;['alasan', 'kenapa', 'ndak', 'boleh', 'lelarian', 'sepedaan', 'joging', 'bareng', 'di', 'masa', 'pandemik', 'covid'];['alasan', 'kenapa', 'ndak', 'boleh', 'lelarian', 'sepedaan', 'joging', 'bareng', 'di', 'masa', 'pandemik', 'covid'];['alasan', 'ndak', 'lelarian', 'sepedaan', 'joging', 'bareng', 'pandemik', 'covid'];alasan ndak lelarian sepedaan joging bareng pandemik covid;alas ndak lari sepeda joging bareng pandemik covid
312;Usahakan jangan menghasut suasana seperti ini, apakah tugasmu hanya menghasut, seperti ustad ustad kadal gurun ??Kita sebagai warga dunia bukan hanya warga negara harus mendukung usaha menekan covid-19 atau minimal diam.;-1.0;usaha hasut suasana tugas hasut ustad ustad kadal gurun warga dunia warga negara dukung usaha tekan covid minimal diam;usahakan jangan menghasut suasana seperti ini apakah tugasmu hanya menghasut seperti ustad ustad kadal gurun kita sebagai warga dunia bukan hanya warga negara harus mendukung usaha menekan covid atau minimal diam;['usahakan', 'jangan', 'menghasut', 'suasana', 'seperti', 'ini', 'apakah', 'tugasmu', 'hanya', 'menghasut', 'seperti', 'ustad', 'ustad', 'kadal', 'gurun', 'kita', 'sebagai', 'warga', 'dunia', 'bukan', 'hanya', 'warga', 'negara', 'harus', 'mendukung', 'usaha', 'menekan', 'covid', 'atau', 'minimal', 'diam'];['usahakan', 'jangan', 'menghasut', 'suasana', 'seperti', 'ini', 'apakah', 'tugasmu', 'hanya', 'menghasut', 'seperti', 'ustad', 'ustad', 'kadal', 'gurun', 'kita', 'sebagai', 'warga', 'dunia', 'bukan', 'hanya', 'warga', 'negara', 'harus', 'mendukung', 'usaha', 'menekan', 'covid', 'atau', 'minimal', 'diam'];['usahakan', 'menghasut', 'suasana', 'tugasmu', 'menghasut', 'ustad', 'ustad', 'kadal', 'gurun', 'warga', 'dunia', 'warga', 'negara', 'mendukung', 'usaha', 'menekan', 'covid', 'minimal', 'diam'];usahakan menghasut suasana tugasmu menghasut ustad ustad kadal gurun warga dunia warga negara mendukung usaha menekan covid minimal diam;usaha hasut suasana tugas hasut ustad ustad kadal gurun warga dunia warga negara dukung usaha tekan covid minimal diam
313;30.000 Lebih Narapidana Bebas di Tengah Wabah Covid-19, Termasuk Koruptor??? | Serba-serbi MMC Pemerintah, melalui kemenkumham telah mengeluarkan dan membebaskan 30.432 narapidana dan Anak melalui program asimilasi dan integrasi berkenaan....;-1.0;narapidana bebas wabah covid koruptor serbaserbi mmc perintah kemenkumham keluar bebas narapidana anak program asimilasi integrasi;lebih narapidana bebas di tengah wabah covid termasuk koruptor serbaserbi mmc pemerintah melalui kemenkumham telah mengeluarkan dan membebaskan narapidana dan anak melalui program asimilasi dan integrasi berkenaan;['lebih', 'narapidana', 'bebas', 'di', 'tengah', 'wabah', 'covid', 'termasuk', 'koruptor', 'serbaserbi', 'mmc', 'pemerintah', 'melalui', 'kemenkumham', 'telah', 'mengeluarkan', 'dan', 'membebaskan', 'narapidana', 'dan', 'anak', 'melalui', 'program', 'asimilasi', 'dan', 'integrasi', 'berkenaan'];['lebih', 'narapidana', 'bebas', 'di', 'tengah', 'wabah', 'covid', 'termasuk', 'koruptor', 'serbaserbi', 'mmc', 'pemerintah', 'melalui', 'kemenkumham', 'telah', 'mengeluarkan', 'dan', 'membebaskan', 'narapidana', 'dan', 'anak', 'melalui', 'program', 'asimilasi', 'dan', 'integrasi', 'berkenaan'];['narapidana', 'bebas', 'wabah', 'covid', 'koruptor', 'serbaserbi', 'mmc', 'pemerintah', 'kemenkumham', 'mengeluarkan', 'membebaskan', 'narapidana', 'anak', 'program', 'asimilasi', 'integrasi'];narapidana bebas wabah covid koruptor serbaserbi mmc pemerintah kemenkumham mengeluarkan membebaskan narapidana anak program asimilasi integrasi;narapidana bebas wabah covid koruptor serbaserbi mmc perintah kemenkumham keluar bebas narapidana anak program asimilasi integrasi
314;Ni orng bagusnye disuru bantu dokter yg nanganin covid-19 tanpa apd, sensasi mele lo nesnes...;-1.0;orang bagusnye disuru bantu dokter nanganin covid apd sensasi mele lo nesnes;ni orng bagusnye disuru bantu dokter yg nanganin covid tanpa apd sensasi mele lo nesnes;['ni', 'orng', 'bagusnye', 'disuru', 'bantu', 'dokter', 'yg', 'nanganin', 'covid', 'tanpa', 'apd', 'sensasi', 'mele', 'lo', 'nesnes'];['ini', 'orang', 'bagusnye', 'disuru', 'bantu', 'dokter', 'yang', 'nanganin', 'covid', 'tanpa', 'apd', 'sensasi', 'mele', 'lo', 'nesnes'];['orang', 'bagusnye', 'disuru', 'bantu', 'dokter', 'nanganin', 'covid', 'apd', 'sensasi', 'mele', 'lo', 'nesnes'];orang bagusnye disuru bantu dokter nanganin covid apd sensasi mele lo nesnes;orang bagusnye disuru bantu dokter nanganin covid apd sensasi mele lo nesnes
315;Tiga daerah di Papua Barat zona hijau dari COVID-19;0.0;daerah papua barat zona hijau covid;tiga daerah di papua barat zona hijau dari covid;['tiga', 'daerah', 'di', 'papua', 'barat', 'zona', 'hijau', 'dari', 'covid'];['tiga', 'daerah', 'di', 'papua', 'barat', 'zona', 'hijau', 'dari', 'covid'];['daerah', 'papua', 'barat', 'zona', 'hijau', 'covid'];daerah papua barat zona hijau covid;daerah papua barat zona hijau covid
316;Semoga covid 19 cepat berlalu;1.0;moga covid cepat;semoga covid cepat berlalu;['semoga', 'covid', 'cepat', 'berlalu'];['semoga', 'covid', 'cepat', 'berlalu'];['semoga', 'covid', 'cepat'];semoga covid cepat;moga covid cepat
317;Terapkan dan Biasakan Jaga Jarak untuk Cegah Merebaknya Covid-19;1.0;terap biasa jaga jarak cegah rebak covid;terapkan dan biasakan jaga jarak untuk cegah merebaknya covid;['terapkan', 'dan', 'biasakan', 'jaga', 'jarak', 'untuk', 'cegah', 'merebaknya', 'covid'];['terapkan', 'dan', 'biasakan', 'jaga', 'jarak', 'untuk', 'cegah', 'merebaknya', 'covid'];['terapkan', 'biasakan', 'jaga', 'jarak', 'cegah', 'merebaknya', 'covid'];terapkan biasakan jaga jarak cegah merebaknya covid;terap biasa jaga jarak cegah rebak covid
318;Walau sudah 2x belum salat Jumat, Insha Allah tidak mengurangi yang saya rasakan bersama keluarga dalam melawan covid 19;1.0;x salat jumat insha allah kurang rasa keluarga lawan covid;walau sudah x belum salat jumat insha allah tidak mengurangi yang saya rasakan bersama keluarga dalam melawan covid;['walau', 'sudah', 'x', 'belum', 'salat', 'jumat', 'insha', 'allah', 'tidak', 'mengurangi', 'yang', 'saya', 'rasakan', 'bersama', 'keluarga', 'dalam', 'melawan', 'covid'];['walau', 'sudah', 'x', 'belum', 'salat', 'jumat', 'insha', 'allah', 'tidak', 'mengurangi', 'yang', 'saya', 'rasakan', 'bersama', 'keluarga', 'dalam', 'melawan', 'covid'];['x', 'salat', 'jumat', 'insha', 'allah', 'mengurangi', 'rasakan', 'keluarga', 'melawan', 'covid'];x salat jumat insha allah mengurangi rasakan keluarga melawan covid;x salat jumat insha allah kurang rasa keluarga lawan covid
319;Adakah website/portal berita/media yang memuat timeline kebijakan pemerintah terkait covid?;0.0;ada websiteportal beritamedia muat timeline bijak perintah kait covid;adakah websiteportal beritamedia yang memuat timeline kebijakan pemerintah terkait covid;['adakah', 'websiteportal', 'beritamedia', 'yang', 'memuat', 'timeline', 'kebijakan', 'pemerintah', 'terkait', 'covid'];['adakah', 'websiteportal', 'beritamedia', 'yang', 'memuat', 'timeline', 'kebijakan', 'pemerintah', 'terkait', 'covid'];['adakah', 'websiteportal', 'beritamedia', 'memuat', 'timeline', 'kebijakan', 'pemerintah', 'terkait', 'covid'];adakah websiteportal beritamedia memuat timeline kebijakan pemerintah terkait covid;ada websiteportal beritamedia muat timeline bijak perintah kait covid
320;Cegah Pagebluk COVID-19, Polri Janji Penindakan Hukum Jalan Terakhir;1.0;cegah pagebluk covid polri janji tindak hukum jalan;cegah pagebluk covid polri janji penindakan hukum jalan terakhir;['cegah', 'pagebluk', 'covid', 'polri', 'janji', 'penindakan', 'hukum', 'jalan', 'terakhir'];['cegah', 'pagebluk', 'covid', 'polri', 'janji', 'penindakan', 'hukum', 'jalan', 'terakhir'];['cegah', 'pagebluk', 'covid', 'polri', 'janji', 'penindakan', 'hukum', 'jalan'];cegah pagebluk covid polri janji penindakan hukum jalan;cegah pagebluk covid polri janji tindak hukum jalan
321;Salah satu penyebab angka kematian karena covid-19 tinggi adalah kemungkinan ada yang bukan meninggal karena covid-19 dinyatakan meninggalnya karena covid-19 karena sakitnya saat covid-19 lagi merebak.;0.0;salah sebab angka mati covid tinggal covid nyata tinggal covid sakit covid rebak;salah satu penyebab angka kematian karena covid tinggi adalah kemungkinan ada yang bukan meninggal karena covid dinyatakan meninggalnya karena covid karena sakitnya saat covid lagi merebak;['salah', 'satu', 'penyebab', 'angka', 'kematian', 'karena', 'covid', 'tinggi', 'adalah', 'kemungkinan', 'ada', 'yang', 'bukan', 'meninggal', 'karena', 'covid', 'dinyatakan', 'meninggalnya', 'karena', 'covid', 'karena', 'sakitnya', 'saat', 'covid', 'lagi', 'merebak'];['salah', 'satu', 'penyebab', 'angka', 'kematian', 'karena', 'covid', 'tinggi', 'adalah', 'kemungkinan', 'ada', 'yang', 'bukan', 'meninggal', 'karena', 'covid', 'dinyatakan', 'meninggalnya', 'karena', 'covid', 'karena', 'sakitnya', 'saat', 'covid', 'lagi', 'merebak'];['salah', 'penyebab', 'angka', 'kematian', 'covid', 'meninggal', 'covid', 'dinyatakan', 'meninggalnya', 'covid', 'sakitnya', 'covid', 'merebak'];salah penyebab angka kematian covid meninggal covid dinyatakan meninggalnya covid sakitnya covid merebak;salah sebab angka mati covid tinggal covid nyata tinggal covid sakit covid rebak
322;Harusnya hari ini aku ke jogja ngajak ibu jalan2 biar refreshing udh ngerencanain ini dari thn lalup boro2 jalan2 di jogja..diskitar kediri aja gabisa. Please covid go away!! ;0.0;jogja ngajak jalan biar refreshing ngerencanain lalup boro jalan jogjadiskitar diri gabisa mohon covid go away;harusnya hari ini aku ke jogja ngajak ibu jalan biar refreshing udh ngerencanain ini dari thn lalup boro jalan di jogjadiskitar kediri aja gabisa please covid go away;['harusnya', 'hari', 'ini', 'aku', 'ke', 'jogja', 'ngajak', 'ibu', 'jalan', 'biar', 'refreshing', 'udh', 'ngerencanain', 'ini', 'dari', 'thn', 'lalup', 'boro', 'jalan', 'di', 'jogjadiskitar', 'kediri', 'aja', 'gabisa', 'please', 'covid', 'go', 'away'];['harusnya', 'hari', 'ini', 'aku', 'ke', 'jogja', 'ngajak', 'ibu', 'jalan', 'biar', 'refreshing', 'sudah', 'ngerencanain', 'ini', 'dari', 'tahun', 'lalup', 'boro', 'jalan', 'di', 'jogjadiskitar', 'kediri', 'saja', 'gabisa', 'mohon', 'covid', 'go', 'away'];['jogja', 'ngajak', 'jalan', 'biar', 'refreshing', 'ngerencanain', 'lalup', 'boro', 'jalan', 'jogjadiskitar', 'kediri', 'gabisa', 'mohon', 'covid', 'go', 'away'];jogja ngajak jalan biar refreshing ngerencanain lalup boro jalan jogjadiskitar kediri gabisa mohon covid go away;jogja ngajak jalan biar refreshing ngerencanain lalup boro jalan jogjadiskitar diri gabisa mohon covid go away
323;Semenjak ada covid, jam tidur udah kek bukan manusia normal.;0.0;semenjak covid jam tidur kayak manusia normal;semenjak ada covid jam tidur udah kek bukan manusia normal;['semenjak', 'ada', 'covid', 'jam', 'tidur', 'udah', 'kek', 'bukan', 'manusia', 'normal'];['semenjak', 'ada', 'covid', 'jam', 'tidur', 'sudah', 'kayak', 'bukan', 'manusia', 'normal'];['semenjak', 'covid', 'jam', 'tidur', 'kayak', 'manusia', 'normal'];semenjak covid jam tidur kayak manusia normal;semenjak covid jam tidur kayak manusia normal
324;Update Corona Covid-19 Sulsel Jumat 10 April 2020 per Kabupaten Kota: Maros Sidrap 12 Postif Gowa 17;0.0;update corona covid sulsel jumat april kabupaten kota maros sidrap postif gowa;update corona covid sulsel jumat april per kabupaten kota maros sidrap postif gowa;['update', 'corona', 'covid', 'sulsel', 'jumat', 'april', 'per', 'kabupaten', 'kota', 'maros', 'sidrap', 'postif', 'gowa'];['update', 'corona', 'covid', 'sulsel', 'jumat', 'april', 'per', 'kabupaten', 'kota', 'maros', 'sidrap', 'postif', 'gowa'];['update', 'corona', 'covid', 'sulsel', 'jumat', 'april', 'kabupaten', 'kota', 'maros', 'sidrap', 'postif', 'gowa'];update corona covid sulsel jumat april kabupaten kota maros sidrap postif gowa;update corona covid sulsel jumat april kabupaten kota maros sidrap postif gowa
325;Abdul covid vairus kalo cowok. Siti covida vairus kalo cewek wkwkwkw;-1.0;abdul covid vairus cowok siti covida vairus cewek wkwkwkw;abdul covid vairus kalo cowok siti covida vairus kalo cewek wkwkwkw;['abdul', 'covid', 'vairus', 'kalo', 'cowok', 'siti', 'covida', 'vairus', 'kalo', 'cewek', 'wkwkwkw'];['abdul', 'covid', 'vairus', 'kalau', 'cowok', 'siti', 'covida', 'vairus', 'kalau', 'cewek', 'wkwkwkw'];['abdul', 'covid', 'vairus', 'cowok', 'siti', 'covida', 'vairus', 'cewek', 'wkwkwkw'];abdul covid vairus cowok siti covida vairus cewek wkwkwkw;abdul covid vairus cowok siti covida vairus cewek wkwkwkw
326;Selamat Memperingati Wafat Isa Almasih bagi umat Kristen dan Katholik. Wafat Isa Almasih tahun ini jatuh pada hari Jumat, 10 April 2020.Semoga di tengah pandemi COVID-19 ini selalu diberikan kedamaian dan;1.0;selamat ingat wafat isa almasih umat kristen katholik wafat isa almasih jatuh jumat april moga pandemi covid damai;selamat memperingati wafat isa almasih bagi umat kristen dan katholik wafat isa almasih tahun ini jatuh pada hari jumat april semoga di tengah pandemi covid ini selalu diberikan kedamaian dan;['selamat', 'memperingati', 'wafat', 'isa', 'almasih', 'bagi', 'umat', 'kristen', 'dan', 'katholik', 'wafat', 'isa', 'almasih', 'tahun', 'ini', 'jatuh', 'pada', 'hari', 'jumat', 'april', 'semoga', 'di', 'tengah', 'pandemi', 'covid', 'ini', 'selalu', 'diberikan', 'kedamaian', 'dan'];['selamat', 'memperingati', 'wafat', 'isa', 'almasih', 'bagi', 'umat', 'kristen', 'dan', 'katholik', 'wafat', 'isa', 'almasih', 'tahun', 'ini', 'jatuh', 'pada', 'hari', 'jumat', 'april', 'semoga', 'di', 'tengah', 'pandemi', 'covid', 'ini', 'selalu', 'diberikan', 'kedamaian', 'dan'];['selamat', 'memperingati', 'wafat', 'isa', 'almasih', 'umat', 'kristen', 'katholik', 'wafat', 'isa', 'almasih', 'jatuh', 'jumat', 'april', 'semoga', 'pandemi', 'covid', 'kedamaian'];selamat memperingati wafat isa almasih umat kristen katholik wafat isa almasih jatuh jumat april semoga pandemi covid kedamaian;selamat ingat wafat isa almasih umat kristen katholik wafat isa almasih jatuh jumat april moga pandemi covid damai
327;Ayok mari kita sama sama lawan covid 19;1.0;ayok mari lawan covid;ayok mari kita sama sama lawan covid;['ayok', 'mari', 'kita', 'sama', 'sama', 'lawan', 'covid'];['ayok', 'mari', 'kita', 'sama', 'sama', 'lawan', 'covid'];['ayok', 'mari', 'lawan', 'covid'];ayok mari lawan covid;ayok mari lawan covid
328;Duh gusti masih ada aja, i Ungaran warga menolak pemakaman perawat RSUD Dr.Kariadi Semarang korban covid-19;1.0;aduh gusti i ungar warga tolak makam awat rsud drkariadi semarang korban covid;duh gusti masih ada aja i ungaran warga menolak pemakaman perawat rsud drkariadi semarang korban covid;['duh', 'gusti', 'masih', 'ada', 'aja', 'i', 'ungaran', 'warga', 'menolak', 'pemakaman', 'perawat', 'rsud', 'drkariadi', 'semarang', 'korban', 'covid'];['aduh', 'gusti', 'masih', 'ada', 'saja', 'i', 'ungaran', 'warga', 'menolak', 'pemakaman', 'perawat', 'rsud', 'drkariadi', 'semarang', 'korban', 'covid'];['aduh', 'gusti', 'i', 'ungaran', 'warga', 'menolak', 'pemakaman', 'perawat', 'rsud', 'drkariadi', 'semarang', 'korban', 'covid'];aduh gusti i ungaran warga menolak pemakaman perawat rsud drkariadi semarang korban covid;aduh gusti i ungar warga tolak makam awat rsud drkariadi semarang korban covid
329;Pembagian Sembako Serentak Kepada Warga Tidak Mampu di Sekitar Mapolsek dn Makoramil terkait dampak Wabah Corona (Covid-19)Hari Kamis tgl 09 APRIL 2020 pkl 10.00 Pembagian Sembako dilakukanKapolsek Tawangharjo;1.0;bagi sembako serentak warga mapolsek makoramil kait dampak wabah corona covidhari kamis tanggal april pkl bagi sembako dilakukankapolsek tawangharjo;pembagian sembako serentak kepada warga tidak mampu di sekitar mapolsek dn makoramil terkait dampak wabah corona covidhari kamis tgl april pkl pembagian sembako dilakukankapolsek tawangharjo;['pembagian', 'sembako', 'serentak', 'kepada', 'warga', 'tidak', 'mampu', 'di', 'sekitar', 'mapolsek', 'dn', 'makoramil', 'terkait', 'dampak', 'wabah', 'corona', 'covidhari', 'kamis', 'tgl', 'april', 'pkl', 'pembagian', 'sembako', 'dilakukankapolsek', 'tawangharjo'];['pembagian', 'sembako', 'serentak', 'kepada', 'warga', 'tidak', 'mampu', 'di', 'sekitar', 'mapolsek', 'dan', 'makoramil', 'terkait', 'dampak', 'wabah', 'corona', 'covidhari', 'kamis', 'tanggal', 'april', 'pkl', 'pembagian', 'sembako', 'dilakukankapolsek', 'tawangharjo'];['pembagian', 'sembako', 'serentak', 'warga', 'mapolsek', 'makoramil', 'terkait', 'dampak', 'wabah', 'corona', 'covidhari', 'kamis', 'tanggal', 'april', 'pkl', 'pembagian', 'sembako', 'dilakukankapolsek', 'tawangharjo'];pembagian sembako serentak warga mapolsek makoramil terkait dampak wabah corona covidhari kamis tanggal april pkl pembagian sembako dilakukankapolsek tawangharjo;bagi sembako serentak warga mapolsek makoramil kait dampak wabah corona covidhari kamis tanggal april pkl bagi sembako dilakukankapolsek tawangharjo
330;Segenap keluarga besar Pemerintah Kota Batu mengucapkan Selamat Hari Jadi Kabupaten Nganjuk ke 1083.Semoga Kabupaten Nganjuk semakin maju dan pandemi Covid-19 segera berlalu..-rebecca_ramona.;1.0;segenap keluarga perintah kota batu selamat kabupaten nganjuk moga kabupaten nganjuk maju pandemi covid berlalurebeccaramona;segenap keluarga besar pemerintah kota batu mengucapkan selamat hari jadi kabupaten nganjuk ke semoga kabupaten nganjuk semakin maju dan pandemi covid segera berlalurebeccaramona;['segenap', 'keluarga', 'besar', 'pemerintah', 'kota', 'batu', 'mengucapkan', 'selamat', 'hari', 'jadi', 'kabupaten', 'nganjuk', 'ke', 'semoga', 'kabupaten', 'nganjuk', 'semakin', 'maju', 'dan', 'pandemi', 'covid', 'segera', 'berlalurebeccaramona'];['segenap', 'keluarga', 'besar', 'pemerintah', 'kota', 'batu', 'mengucapkan', 'selamat', 'hari', 'jadi', 'kabupaten', 'nganjuk', 'ke', 'semoga', 'kabupaten', 'nganjuk', 'semakin', 'maju', 'dan', 'pandemi', 'covid', 'segera', 'berlalurebeccaramona'];['segenap', 'keluarga', 'pemerintah', 'kota', 'batu', 'selamat', 'kabupaten', 'nganjuk', 'semoga', 'kabupaten', 'nganjuk', 'maju', 'pandemi', 'covid', 'berlalurebeccaramona'];segenap keluarga pemerintah kota batu selamat kabupaten nganjuk semoga kabupaten nganjuk maju pandemi covid berlalurebeccaramona;segenap keluarga perintah kota batu selamat kabupaten nganjuk moga kabupaten nganjuk maju pandemi covid berlalurebeccaramona
331;Rupanya soal persiapan lahan utk kuburan masal korban Covid 19 tak hanya pemerintah Aceh, pemerintah New York pun turut mempersiapkanya. Sedia payung sebelum hujan.;1.0;siap lahan kubur masal korban covid perintah aceh perintah new york mempersiapkanya sedia payung hujan;rupanya soal persiapan lahan utk kuburan masal korban covid tak hanya pemerintah aceh pemerintah new york pun turut mempersiapkanya sedia payung sebelum hujan;['rupanya', 'soal', 'persiapan', 'lahan', 'utk', 'kuburan', 'masal', 'korban', 'covid', 'tak', 'hanya', 'pemerintah', 'aceh', 'pemerintah', 'new', 'york', 'pun', 'turut', 'mempersiapkanya', 'sedia', 'payung', 'sebelum', 'hujan'];['rupanya', 'soal', 'persiapan', 'lahan', 'untuk', 'kuburan', 'masal', 'korban', 'covid', 'tak', 'hanya', 'pemerintah', 'aceh', 'pemerintah', 'new', 'york', 'pun', 'turut', 'mempersiapkanya', 'sedia', 'payung', 'sebelum', 'hujan'];['persiapan', 'lahan', 'kuburan', 'masal', 'korban', 'covid', 'pemerintah', 'aceh', 'pemerintah', 'new', 'york', 'mempersiapkanya', 'sedia', 'payung', 'hujan'];persiapan lahan kuburan masal korban covid pemerintah aceh pemerintah new york mempersiapkanya sedia payung hujan;siap lahan kubur masal korban covid perintah aceh perintah new york mempersiapkanya sedia payung hujan
332;Kenapa perlu duduk di rumah? Ini sebabnya.Bersama kita putuskan rantaian jangkitan COVID-19.;1.0;duduk rumah sebabnyabersama putus rantai jangkit covid;kenapa perlu duduk di rumah ini sebabnyabersama kita putuskan rantaian jangkitan covid;['kenapa', 'perlu', 'duduk', 'di', 'rumah', 'ini', 'sebabnyabersama', 'kita', 'putuskan', 'rantaian', 'jangkitan', 'covid'];['kenapa', 'perlu', 'duduk', 'di', 'rumah', 'ini', 'sebabnyabersama', 'kita', 'putuskan', 'rantaian', 'jangkitan', 'covid'];['duduk', 'rumah', 'sebabnyabersama', 'putuskan', 'rantaian', 'jangkitan', 'covid'];duduk rumah sebabnyabersama putuskan rantaian jangkitan covid;duduk rumah sebabnyabersama putus rantai jangkit covid
333;vid covid, kapan kamu pergi..sejak kedatanganmu, banyak orang kehilangan;1.0;vid covid pergisejak datang orang hilang;vid covid kapan kamu pergisejak kedatanganmu banyak orang kehilangan;['vid', 'covid', 'kapan', 'kamu', 'pergisejak', 'kedatanganmu', 'banyak', 'orang', 'kehilangan'];['vid', 'covid', 'kapan', 'kamu', 'pergisejak', 'kedatanganmu', 'banyak', 'orang', 'kehilangan'];['vid', 'covid', 'pergisejak', 'kedatanganmu', 'orang', 'kehilangan'];vid covid pergisejak kedatanganmu orang kehilangan;vid covid pergisejak datang orang hilang
334;Wabah Corona (COVID-19) peringatan bagi para penguasa. Agar mereka tidak berbuat makar kepada Allah SWT. Dengan menentang penegakan hukum-hukum-Nya. Cepat atau lambat mereka akan mendapat balasan dari-Nya.;-1.0;wabah corona covid ingat kuasa buat makar allah swt tentang tega hukumhukumnya cepat lambat balas dari;wabah corona covid peringatan bagi para penguasa agar mereka tidak berbuat makar kepada allah swt dengan menentang penegakan hukumhukumnya cepat atau lambat mereka akan mendapat balasan darinya;['wabah', 'corona', 'covid', 'peringatan', 'bagi', 'para', 'penguasa', 'agar', 'mereka', 'tidak', 'berbuat', 'makar', 'kepada', 'allah', 'swt', 'dengan', 'menentang', 'penegakan', 'hukumhukumnya', 'cepat', 'atau', 'lambat', 'mereka', 'akan', 'mendapat', 'balasan', 'darinya'];['wabah', 'corona', 'covid', 'peringatan', 'bagi', 'para', 'penguasa', 'agar', 'mereka', 'tidak', 'berbuat', 'makar', 'kepada', 'allah', 'swt', 'dengan', 'menentang', 'penegakan', 'hukumhukumnya', 'cepat', 'atau', 'lambat', 'mereka', 'akan', 'mendapat', 'balasan', 'darinya'];['wabah', 'corona', 'covid', 'peringatan', 'penguasa', 'berbuat', 'makar', 'allah', 'swt', 'menentang', 'penegakan', 'hukumhukumnya', 'cepat', 'lambat', 'balasan', 'darinya'];wabah corona covid peringatan penguasa berbuat makar allah swt menentang penegakan hukumhukumnya cepat lambat balasan darinya;wabah corona covid ingat kuasa buat makar allah swt tentang tega hukumhukumnya cepat lambat balas dari
335;"TUGAS EKONOMINama : Aulia Nashwa NathaniaNo : 09Kelas : Xl Mipa 3SMA Negeri 1 BanyudonoSaya akan menjawab beberapa pertanyaan yang diberikan oleh Ibu terkait dengan Materi Kerjasama Internasional &amp; isu yang sedang berkembang saat ini (Covid-19)-A THREAD-";0.0;tugas ekonominama aulia nashwa nathaniano kelas xl mipa negeri banyudonosaya kait materi kerjasama internasional amp isu kembang covida thread;tugas ekonominama aulia nashwa nathaniano kelas xl mipa sma negeri banyudonosaya akan menjawab beberapa pertanyaan yang diberikan oleh ibu terkait dengan materi kerjasama internasional amp isu yang sedang berkembang saat ini covida thread;['tugas', 'ekonominama', 'aulia', 'nashwa', 'nathaniano', 'kelas', 'xl', 'mipa', 'sma', 'negeri', 'banyudonosaya', 'akan', 'menjawab', 'beberapa', 'pertanyaan', 'yang', 'diberikan', 'oleh', 'ibu', 'terkait', 'dengan', 'materi', 'kerjasama', 'internasional', 'amp', 'isu', 'yang', 'sedang', 'berkembang', 'saat', 'ini', 'covida', 'thread'];['tugas', 'ekonominama', 'aulia', 'nashwa', 'nathaniano', 'kelas', 'xl', 'mipa', 'sama', 'negeri', 'banyudonosaya', 'akan', 'menjawab', 'beberapa', 'pertanyaan', 'yang', 'diberikan', 'oleh', 'ibu', 'terkait', 'dengan', 'materi', 'kerjasama', 'internasional', 'amp', 'isu', 'yang', 'sedang', 'berkembang', 'saat', 'ini', 'covida', 'thread'];['tugas', 'ekonominama', 'aulia', 'nashwa', 'nathaniano', 'kelas', 'xl', 'mipa', 'negeri', 'banyudonosaya', 'terkait', 'materi', 'kerjasama', 'internasional', 'amp', 'isu', 'berkembang', 'covida', 'thread'];tugas ekonominama aulia nashwa nathaniano kelas xl mipa negeri banyudonosaya terkait materi kerjasama internasional amp isu berkembang covida thread;tugas ekonominama aulia nashwa nathaniano kelas xl mipa negeri banyudonosaya kait materi kerjasama internasional amp isu kembang covida thread
336;Bantuan Masyarakat Terus Mengalir, Rekening Gugus Tugas Covid-19 Sudah Terisi Rp 193 MiliarYang 11.000T bagaimana kabarnya? Kalau ini beri bohong, tolong tangkap sumbernya;0.0;bantu masyarakat alir rekening gugus tugas covid isi rupiah miliaryang t kabar bohong tolong tangkap sumber;bantuan masyarakat terus mengalir rekening gugus tugas covid sudah terisi rp miliaryang t bagaimana kabarnya kalau ini beri bohong tolong tangkap sumbernya;['bantuan', 'masyarakat', 'terus', 'mengalir', 'rekening', 'gugus', 'tugas', 'covid', 'sudah', 'terisi', 'rp', 'miliaryang', 't', 'bagaimana', 'kabarnya', 'kalau', 'ini', 'beri', 'bohong', 'tolong', 'tangkap', 'sumbernya'];['bantuan', 'masyarakat', 'terus', 'mengalir', 'rekening', 'gugus', 'tugas', 'covid', 'sudah', 'terisi', 'rupiah', 'miliaryang', 't', 'bagaimana', 'kabarnya', 'kalau', 'ini', 'beri', 'bohong', 'tolong', 'tangkap', 'sumbernya'];['bantuan', 'masyarakat', 'mengalir', 'rekening', 'gugus', 'tugas', 'covid', 'terisi', 'rupiah', 'miliaryang', 't', 'kabarnya', 'bohong', 'tolong', 'tangkap', 'sumbernya'];bantuan masyarakat mengalir rekening gugus tugas covid terisi rupiah miliaryang t kabarnya bohong tolong tangkap sumbernya;bantu masyarakat alir rekening gugus tugas covid isi rupiah miliaryang t kabar bohong tolong tangkap sumber
337;Wander Luiz Masih Menunggu Hasil dari Pemeriksaan Tes COVID-19;1.0;wander luiz tunggu hasil periksa tes covid;wander luiz masih menunggu hasil dari pemeriksaan tes covid;['wander', 'luiz', 'masih', 'menunggu', 'hasil', 'dari', 'pemeriksaan', 'tes', 'covid'];['wander', 'luiz', 'masih', 'menunggu', 'hasil', 'dari', 'pemeriksaan', 'tes', 'covid'];['wander', 'luiz', 'menunggu', 'hasil', 'pemeriksaan', 'tes', 'covid'];wander luiz menunggu hasil pemeriksaan tes covid;wander luiz tunggu hasil periksa tes covid
338;Kerja-kerja termination cable for stand by gen set at Pusat Kuarantin dan Rawatan Quarantine for Low Risk Covid-19 Patient @ MAEPS .;0.0;kerjakerja termination cable for stand by gen set at pusat kuarantin rawat quarantine for low risk covid patient maeps;kerjakerja termination cable for stand by gen set at pusat kuarantin dan rawatan quarantine for low risk covid patient maeps;['kerjakerja', 'termination', 'cable', 'for', 'stand', 'by', 'gen', 'set', 'at', 'pusat', 'kuarantin', 'dan', 'rawatan', 'quarantine', 'for', 'low', 'risk', 'covid', 'patient', 'maeps'];['kerjakerja', 'termination', 'cable', 'for', 'stand', 'by', 'gen', 'set', 'at', 'pusat', 'kuarantin', 'dan', 'rawatan', 'quarantine', 'for', 'low', 'risk', 'covid', 'patient', 'maeps'];['kerjakerja', 'termination', 'cable', 'for', 'stand', 'by', 'gen', 'set', 'at', 'pusat', 'kuarantin', 'rawatan', 'quarantine', 'for', 'low', 'risk', 'covid', 'patient', 'maeps'];kerjakerja termination cable for stand by gen set at pusat kuarantin rawatan quarantine for low risk covid patient maeps;kerjakerja termination cable for stand by gen set at pusat kuarantin rawat quarantine for low risk covid patient maeps
339;Semoga wabah covid 19 segera berlalu;1.0;moga wabah covid;semoga wabah covid segera berlalu;['semoga', 'wabah', 'covid', 'segera', 'berlalu'];['semoga', 'wabah', 'covid', 'segera', 'berlalu'];['semoga', 'wabah', 'covid'];semoga wabah covid;moga wabah covid
340;Bisakah Permenkes PSBB Mempercepat Penanganan Covid-19? -;1.0;permenkes psbb cepat tangan covid;bisakah permenkes psbb mempercepat penanganan covid;['bisakah', 'permenkes', 'psbb', 'mempercepat', 'penanganan', 'covid'];['bisakah', 'permenkes', 'psbb', 'mempercepat', 'penanganan', 'covid'];['permenkes', 'psbb', 'mempercepat', 'penanganan', 'covid'];permenkes psbb mempercepat penanganan covid;permenkes psbb cepat tangan covid
341;El Asamau, Mahasiswa LPDP Asal Alor Umumkan Positif Covid-19 di NTT lewat Pos;0.0;el asamau mahasiswa lpdp alor umum positif covid ntt pos;el asamau mahasiswa lpdp asal alor umumkan positif covid di ntt lewat pos;['el', 'asamau', 'mahasiswa', 'lpdp', 'asal', 'alor', 'umumkan', 'positif', 'covid', 'di', 'ntt', 'lewat', 'pos'];['el', 'asamau', 'mahasiswa', 'lpdp', 'asal', 'alor', 'umumkan', 'positif', 'covid', 'di', 'ntt', 'lewat', 'pos'];['el', 'asamau', 'mahasiswa', 'lpdp', 'alor', 'umumkan', 'positif', 'covid', 'ntt', 'pos'];el asamau mahasiswa lpdp alor umumkan positif covid ntt pos;el asamau mahasiswa lpdp alor umum positif covid ntt pos
342;Berdamailah dlm kesedihn dan rasa sakitItulah sumber mata air kehidupan dan kecintaan pada TuhanKrna kemuliaan itu hrus kau temui dlm onak dan duri(Rumi, Matsnawi, jilid 2, bait 2261-2263)Bgitulah pelajaran ala Rumi untk kita di tngah mwbahny covid-19. Badai psti berlalu.;1.0;damai kesedihn sakititulah sumber mata air hidup cinta tuhankrna mulia kau temu onak durirumi matsnawi jilid bait bgitulah ajar ala rumi untk tngah mwbahny covid badai psti;berdamailah dlm kesedihn dan rasa sakititulah sumber mata air kehidupan dan kecintaan pada tuhankrna kemuliaan itu hrus kau temui dlm onak dan durirumi matsnawi jilid bait bgitulah pelajaran ala rumi untk kita di tngah mwbahny covid badai psti berlalu;['berdamailah', 'dlm', 'kesedihn', 'dan', 'rasa', 'sakititulah', 'sumber', 'mata', 'air', 'kehidupan', 'dan', 'kecintaan', 'pada', 'tuhankrna', 'kemuliaan', 'itu', 'hrus', 'kau', 'temui', 'dlm', 'onak', 'dan', 'durirumi', 'matsnawi', 'jilid', 'bait', 'bgitulah', 'pelajaran', 'ala', 'rumi', 'untk', 'kita', 'di', 'tngah', 'mwbahny', 'covid', 'badai', 'psti', 'berlalu'];['berdamailah', 'dalam', 'kesedihn', 'dan', 'rasa', 'sakititulah', 'sumber', 'mata', 'air', 'kehidupan', 'dan', 'kecintaan', 'pada', 'tuhankrna', 'kemuliaan', 'itu', 'harus', 'kau', 'temui', 'dalam', 'onak', 'dan', 'durirumi', 'matsnawi', 'jilid', 'bait', 'bgitulah', 'pelajaran', 'ala', 'rumi', 'untk', 'kita', 'di', 'tngah', 'mwbahny', 'covid', 'badai', 'psti', 'berlalu'];['berdamailah', 'kesedihn', 'sakititulah', 'sumber', 'mata', 'air', 'kehidupan', 'kecintaan', 'tuhankrna', 'kemuliaan', 'kau', 'temui', 'onak', 'durirumi', 'matsnawi', 'jilid', 'bait', 'bgitulah', 'pelajaran', 'ala', 'rumi', 'untk', 'tngah', 'mwbahny', 'covid', 'badai', 'psti'];berdamailah kesedihn sakititulah sumber mata air kehidupan kecintaan tuhankrna kemuliaan kau temui onak durirumi matsnawi jilid bait bgitulah pelajaran ala rumi untk tngah mwbahny covid badai psti;damai kesedihn sakititulah sumber mata air hidup cinta tuhankrna mulia kau temu onak durirumi matsnawi jilid bait bgitulah ajar ala rumi untk tngah mwbahny covid badai psti
343;Flex sangat haritu increase production. Sekarang baru tahu langit tinggi atau rendah apabila unexpected beast (Covid-19) datang. ;0.0;flex haritu increase production langit rendah unexpected beast covid;flex sangat haritu increase production sekarang baru tahu langit tinggi atau rendah apabila unexpected beast covid datang;['flex', 'sangat', 'haritu', 'increase', 'production', 'sekarang', 'baru', 'tahu', 'langit', 'tinggi', 'atau', 'rendah', 'apabila', 'unexpected', 'beast', 'covid', 'datang'];['flex', 'sangat', 'haritu', 'increase', 'production', 'sekarang', 'baru', 'tahu', 'langit', 'tinggi', 'atau', 'rendah', 'apabila', 'unexpected', 'beast', 'covid', 'datang'];['flex', 'haritu', 'increase', 'production', 'langit', 'rendah', 'unexpected', 'beast', 'covid'];flex haritu increase production langit rendah unexpected beast covid;flex haritu increase production langit rendah unexpected beast covid
344;Pemerintah Larang ASN, TNI, Polri, dan Pegawai BUMN Mudik di Tengah Pandemi Covi;1.0;perintah larang asn tni polri pegawai bumn mudik pandemi covi;pemerintah larang asn tni polri dan pegawai bumn mudik di tengah pandemi covi;['pemerintah', 'larang', 'asn', 'tni', 'polri', 'dan', 'pegawai', 'bumn', 'mudik', 'di', 'tengah', 'pandemi', 'covi'];['pemerintah', 'larang', 'asn', 'tni', 'polri', 'dan', 'pegawai', 'bumn', 'mudik', 'di', 'tengah', 'pandemi', 'covi'];['pemerintah', 'larang', 'asn', 'tni', 'polri', 'pegawai', 'bumn', 'mudik', 'pandemi', 'covi'];pemerintah larang asn tni polri pegawai bumn mudik pandemi covi;perintah larang asn tni polri pegawai bumn mudik pandemi covi
345;Kata dia nih untuk mencegah virus Covid 19 harus rajin Mandi,, Perasaan gw semua yg meninggal jg rajin mandi,,,Bangun Tidur Si Torus Mandi,,Tidak Lupa Menggosok Biji,,;-1.0;cegah virus covid rajin mandi asa tinggal jg rajin mandibangun tidur sih torus manditidak lupa gosok biji;kata dia nih untuk mencegah virus covid harus rajin mandi perasaan gw semua yg meninggal jg rajin mandibangun tidur si torus manditidak lupa menggosok biji;['kata', 'dia', 'nih', 'untuk', 'mencegah', 'virus', 'covid', 'harus', 'rajin', 'mandi', 'perasaan', 'gw', 'semua', 'yg', 'meninggal', 'jg', 'rajin', 'mandibangun', 'tidur', 'si', 'torus', 'manditidak', 'lupa', 'menggosok', 'biji'];['kata', 'dia', 'ini', 'untuk', 'mencegah', 'virus', 'covid', 'harus', 'rajin', 'mandi', 'perasaan', 'saya', 'semua', 'yang', 'meninggal', 'jg', 'rajin', 'mandibangun', 'tidur', 'sih', 'torus', 'manditidak', 'lupa', 'menggosok', 'biji'];['mencegah', 'virus', 'covid', 'rajin', 'mandi', 'perasaan', 'meninggal', 'jg', 'rajin', 'mandibangun', 'tidur', 'sih', 'torus', 'manditidak', 'lupa', 'menggosok', 'biji'];mencegah virus covid rajin mandi perasaan meninggal jg rajin mandibangun tidur sih torus manditidak lupa menggosok biji;cegah virus covid rajin mandi asa tinggal jg rajin mandibangun tidur sih torus manditidak lupa gosok biji
346;"Mungkin Glenn Fredly jauh lebih berharga dari pd petugas medis &amp; para korban meninggal covid-19 Yang bela sungkawa byk bener termasuk dari pemerintah Sampai segitunya Para petugas medis, bersabar ya  kami disini yg akan terus mendoakan kalian sepanjang hari demi hari ";-1.0;glenn fredly harga tugas medis amp korban tinggal covid bela sungkawa perintah segitunya tugas medis sabar iya doa;mungkin glenn fredly jauh lebih berharga dari pd petugas medis amp para korban meninggal covid yang bela sungkawa byk bener termasuk dari pemerintah sampai segitunya para petugas medis bersabar ya kami disini yg akan terus mendoakan kalian sepanjang hari demi hari;['mungkin', 'glenn', 'fredly', 'jauh', 'lebih', 'berharga', 'dari', 'pd', 'petugas', 'medis', 'amp', 'para', 'korban', 'meninggal', 'covid', 'yang', 'bela', 'sungkawa', 'byk', 'bener', 'termasuk', 'dari', 'pemerintah', 'sampai', 'segitunya', 'para', 'petugas', 'medis', 'bersabar', 'ya', 'kami', 'disini', 'yg', 'akan', 'terus', 'mendoakan', 'kalian', 'sepanjang', 'hari', 'demi', 'hari'];['mungkin', 'glenn', 'fredly', 'jauh', 'lebih', 'berharga', 'dari', 'pada', 'petugas', 'medis', 'amp', 'para', 'korban', 'meninggal', 'covid', 'yang', 'bela', 'sungkawa', 'banyak', 'benar', 'termasuk', 'dari', 'pemerintah', 'sampai', 'segitunya', 'para', 'petugas', 'medis', 'bersabar', 'iya', 'kami', 'disini', 'yang', 'akan', 'terus', 'mendoakan', 'kalian', 'sepanjang', 'hari', 'demi', 'hari'];['glenn', 'fredly', 'berharga', 'petugas', 'medis', 'amp', 'korban', 'meninggal', 'covid', 'bela', 'sungkawa', 'pemerintah', 'segitunya', 'petugas', 'medis', 'bersabar', 'iya', 'mendoakan'];glenn fredly berharga petugas medis amp korban meninggal covid bela sungkawa pemerintah segitunya petugas medis bersabar iya mendoakan;glenn fredly harga tugas medis amp korban tinggal covid bela sungkawa perintah segitunya tugas medis sabar iya doa
347;Yuk Kita Simak Penjelasan Dr. Hastry, Sp.F Terkait Penanganan Jenazah Covid-19Bersama Kita BisaINDONESIA BISA LAWAN CORONA;1.0;ayo simak jelas hastry spf kait tangan jenazah covidbersama bisaindonesia lawan corona;yuk kita simak penjelasan dr hastry spf terkait penanganan jenazah covidbersama kita bisaindonesia bisa lawan corona;['yuk', 'kita', 'simak', 'penjelasan', 'dr', 'hastry', 'spf', 'terkait', 'penanganan', 'jenazah', 'covidbersama', 'kita', 'bisaindonesia', 'bisa', 'lawan', 'corona'];['ayo', 'kita', 'simak', 'penjelasan', 'dari', 'hastry', 'spf', 'terkait', 'penanganan', 'jenazah', 'covidbersama', 'kita', 'bisaindonesia', 'bisa', 'lawan', 'corona'];['ayo', 'simak', 'penjelasan', 'hastry', 'spf', 'terkait', 'penanganan', 'jenazah', 'covidbersama', 'bisaindonesia', 'lawan', 'corona'];ayo simak penjelasan hastry spf terkait penanganan jenazah covidbersama bisaindonesia lawan corona;ayo simak jelas hastry spf kait tangan jenazah covidbersama bisaindonesia lawan corona
348;Dokter Tifauzia: Presiden Harusnya Sampaikan Duka Cita ke Dokter COVID-19;0.0;dokter tifauzia presiden duka cita dokter covid;dokter tifauzia presiden harusnya sampaikan duka cita ke dokter covid;['dokter', 'tifauzia', 'presiden', 'harusnya', 'sampaikan', 'duka', 'cita', 'ke', 'dokter', 'covid'];['dokter', 'tifauzia', 'presiden', 'harusnya', 'sampaikan', 'duka', 'cita', 'ke', 'dokter', 'covid'];['dokter', 'tifauzia', 'presiden', 'duka', 'cita', 'dokter', 'covid'];dokter tifauzia presiden duka cita dokter covid;dokter tifauzia presiden duka cita dokter covid
349;Covid-19 akan pergi... InsyaAllah kerana masih ada manusia yang rukuk pada Allah, masih ada bayi yang menyusu dan masih ada burung dan haiwan lain yang mencari makanan untuk terus hidup ;1.0;covid pergi insyaallah rana manusia rukuk allah bayi susu burung haiwan cari makan hidup;covid akan pergi insyaallah kerana masih ada manusia yang rukuk pada allah masih ada bayi yang menyusu dan masih ada burung dan haiwan lain yang mencari makanan untuk terus hidup;['covid', 'akan', 'pergi', 'insyaallah', 'kerana', 'masih', 'ada', 'manusia', 'yang', 'rukuk', 'pada', 'allah', 'masih', 'ada', 'bayi', 'yang', 'menyusu', 'dan', 'masih', 'ada', 'burung', 'dan', 'haiwan', 'lain', 'yang', 'mencari', 'makanan', 'untuk', 'terus', 'hidup'];['covid', 'akan', 'pergi', 'insyaallah', 'kerana', 'masih', 'ada', 'manusia', 'yang', 'rukuk', 'pada', 'allah', 'masih', 'ada', 'bayi', 'yang', 'menyusu', 'dan', 'masih', 'ada', 'burung', 'dan', 'haiwan', 'lain', 'yang', 'mencari', 'makanan', 'untuk', 'terus', 'hidup'];['covid', 'pergi', 'insyaallah', 'kerana', 'manusia', 'rukuk', 'allah', 'bayi', 'menyusu', 'burung', 'haiwan', 'mencari', 'makanan', 'hidup'];covid pergi insyaallah kerana manusia rukuk allah bayi menyusu burung haiwan mencari makanan hidup;covid pergi insyaallah rana manusia rukuk allah bayi susu burung haiwan cari makan hidup
350;Polsek Tugu Himbau Jaga Jarak Aman Cegah Covid-19;1.0;polsek tugu himbau jaga jarak aman cegah covid;polsek tugu himbau jaga jarak aman cegah covid;['polsek', 'tugu', 'himbau', 'jaga', 'jarak', 'aman', 'cegah', 'covid'];['polsek', 'tugu', 'himbau', 'jaga', 'jarak', 'aman', 'cegah', 'covid'];['polsek', 'tugu', 'himbau', 'jaga', 'jarak', 'aman', 'cegah', 'covid'];polsek tugu himbau jaga jarak aman cegah covid;polsek tugu himbau jaga jarak aman cegah covid
351;Kalau pandemi covid 19 ini berakhir dari bumi ini..Aku mau nikah..Dg siapa?Pokoknya dg laki lakiBukan pengangguranBukan buaya sosmedGak harus gantengGak musti kayaYg penting matane rak jelalatan ngeliat yg perempuan;-1.0;pandemi covid bumi iniaku nikahdg siapapokoknya laki lakibukan pengangguranbukan buaya sosmedgak gantenggak musti kayayg matane rak jelalat ngeliat perempuan;kalau pandemi covid ini berakhir dari bumi iniaku mau nikahdg siapapokoknya dg laki lakibukan pengangguranbukan buaya sosmedgak harus gantenggak musti kayayg penting matane rak jelalatan ngeliat yg perempuan;['kalau', 'pandemi', 'covid', 'ini', 'berakhir', 'dari', 'bumi', 'iniaku', 'mau', 'nikahdg', 'siapapokoknya', 'dg', 'laki', 'lakibukan', 'pengangguranbukan', 'buaya', 'sosmedgak', 'harus', 'gantenggak', 'musti', 'kayayg', 'penting', 'matane', 'rak', 'jelalatan', 'ngeliat', 'yg', 'perempuan'];['kalau', 'pandemi', 'covid', 'ini', 'berakhir', 'dari', 'bumi', 'iniaku', 'mau', 'nikahdg', 'siapapokoknya', 'dengan', 'laki', 'lakibukan', 'pengangguranbukan', 'buaya', 'sosmedgak', 'harus', 'gantenggak', 'musti', 'kayayg', 'penting', 'matane', 'rak', 'jelalatan', 'ngeliat', 'yang', 'perempuan'];['pandemi', 'covid', 'bumi', 'iniaku', 'nikahdg', 'siapapokoknya', 'laki', 'lakibukan', 'pengangguranbukan', 'buaya', 'sosmedgak', 'gantenggak', 'musti', 'kayayg', 'matane', 'rak', 'jelalatan', 'ngeliat', 'perempuan'];pandemi covid bumi iniaku nikahdg siapapokoknya laki lakibukan pengangguranbukan buaya sosmedgak gantenggak musti kayayg matane rak jelalatan ngeliat perempuan;pandemi covid bumi iniaku nikahdg siapapokoknya laki lakibukan pengangguranbukan buaya sosmedgak gantenggak musti kayayg matane rak jelalat ngeliat perempuan
352;Hari ini masuk kali yang keempat kita tidak dapat menunaikan solat Jumaat. Semoga Allah menghapuskan Covid-19 ini dengan segera. Amin ;1.0;masuk kali empat tunai solat jumaat moga allah hapus covid moga;hari ini masuk kali yang keempat kita tidak dapat menunaikan solat jumaat semoga allah menghapuskan covid ini dengan segera amin;['hari', 'ini', 'masuk', 'kali', 'yang', 'keempat', 'kita', 'tidak', 'dapat', 'menunaikan', 'solat', 'jumaat', 'semoga', 'allah', 'menghapuskan', 'covid', 'ini', 'dengan', 'segera', 'amin'];['hari', 'ini', 'masuk', 'kali', 'yang', 'keempat', 'kita', 'tidak', 'dapat', 'menunaikan', 'solat', 'jumaat', 'semoga', 'allah', 'menghapuskan', 'covid', 'ini', 'dengan', 'segera', 'semoga'];['masuk', 'kali', 'keempat', 'menunaikan', 'solat', 'jumaat', 'semoga', 'allah', 'menghapuskan', 'covid', 'semoga'];masuk kali keempat menunaikan solat jumaat semoga allah menghapuskan covid semoga;masuk kali empat tunai solat jumaat moga allah hapus covid moga
353;Kalau Omnibus Law tetap berjalan ribuan buruh akan melakukan demo besar2an pd tg 30 AprilDalam kondisi wabah Covid-19, seharusnya DPR lebih fokus menghadapi wabah corona dan korban PHK;1.0;omnibus law jalan ribu buruh demo besar tg aprildalam kondisi wabah covid dpr fokus hadap wabah corona korban phk;kalau omnibus law tetap berjalan ribuan buruh akan melakukan demo besaran pd tg aprildalam kondisi wabah covid seharusnya dpr lebih fokus menghadapi wabah corona dan korban phk;['kalau', 'omnibus', 'law', 'tetap', 'berjalan', 'ribuan', 'buruh', 'akan', 'melakukan', 'demo', 'besaran', 'pd', 'tg', 'aprildalam', 'kondisi', 'wabah', 'covid', 'seharusnya', 'dpr', 'lebih', 'fokus', 'menghadapi', 'wabah', 'corona', 'dan', 'korban', 'phk'];['kalau', 'omnibus', 'law', 'tetap', 'berjalan', 'ribuan', 'buruh', 'akan', 'melakukan', 'demo', 'besaran', 'pada', 'tg', 'aprildalam', 'kondisi', 'wabah', 'covid', 'seharusnya', 'dpr', 'lebih', 'fokus', 'menghadapi', 'wabah', 'corona', 'dan', 'korban', 'phk'];['omnibus', 'law', 'berjalan', 'ribuan', 'buruh', 'demo', 'besaran', 'tg', 'aprildalam', 'kondisi', 'wabah', 'covid', 'dpr', 'fokus', 'menghadapi', 'wabah', 'corona', 'korban', 'phk'];omnibus law berjalan ribuan buruh demo besaran tg aprildalam kondisi wabah covid dpr fokus menghadapi wabah corona korban phk;omnibus law jalan ribu buruh demo besar tg aprildalam kondisi wabah covid dpr fokus hadap wabah corona korban phk
354;Personil Polsek Karanglewas melaksanakan patroli malam ( BLP) atau jam malam, ciptakan situasi yang kondusif dan adakan cek pos sterilisasi terkait pencegahan penularan Covid-19 pada saat jam malam di wilayah kec Karanglewas, (10/4);1.0;personil polsek karanglewas laksana patroli malam blp jam malam cipta situasi kondusif adakan cek pos sterilisasi kait cegah tular covid jam malam wilayah kec karanglewas;personil polsek karanglewas melaksanakan patroli malam blp atau jam malam ciptakan situasi yang kondusif dan adakan cek pos sterilisasi terkait pencegahan penularan covid pada saat jam malam di wilayah kec karanglewas;['personil', 'polsek', 'karanglewas', 'melaksanakan', 'patroli', 'malam', 'blp', 'atau', 'jam', 'malam', 'ciptakan', 'situasi', 'yang', 'kondusif', 'dan', 'adakan', 'cek', 'pos', 'sterilisasi', 'terkait', 'pencegahan', 'penularan', 'covid', 'pada', 'saat', 'jam', 'malam', 'di', 'wilayah', 'kec', 'karanglewas'];['personil', 'polsek', 'karanglewas', 'melaksanakan', 'patroli', 'malam', 'blp', 'atau', 'jam', 'malam', 'ciptakan', 'situasi', 'yang', 'kondusif', 'dan', 'adakan', 'cek', 'pos', 'sterilisasi', 'terkait', 'pencegahan', 'penularan', 'covid', 'pada', 'saat', 'jam', 'malam', 'di', 'wilayah', 'kec', 'karanglewas'];['personil', 'polsek', 'karanglewas', 'melaksanakan', 'patroli', 'malam', 'blp', 'jam', 'malam', 'ciptakan', 'situasi', 'kondusif', 'adakan', 'cek', 'pos', 'sterilisasi', 'terkait', 'pencegahan', 'penularan', 'covid', 'jam', 'malam', 'wilayah', 'kec', 'karanglewas'];personil polsek karanglewas melaksanakan patroli malam blp jam malam ciptakan situasi kondusif adakan cek pos sterilisasi terkait pencegahan penularan covid jam malam wilayah kec karanglewas;personil polsek karanglewas laksana patroli malam blp jam malam cipta situasi kondusif adakan cek pos sterilisasi kait cegah tular covid jam malam wilayah kec karanglewas
355;Berdasarkan survei, dari 100 orang yang meninggal karena Covid-19, ternyata semuanya karena tidak sembuh...;-1.0;dasar survei orang tinggal covid sembuh;berdasarkan survei dari orang yang meninggal karena covid ternyata semuanya karena tidak sembuh;['berdasarkan', 'survei', 'dari', 'orang', 'yang', 'meninggal', 'karena', 'covid', 'ternyata', 'semuanya', 'karena', 'tidak', 'sembuh'];['berdasarkan', 'survei', 'dari', 'orang', 'yang', 'meninggal', 'karena', 'covid', 'ternyata', 'semuanya', 'karena', 'tidak', 'sembuh'];['berdasarkan', 'survei', 'orang', 'meninggal', 'covid', 'sembuh'];berdasarkan survei orang meninggal covid sembuh;dasar survei orang tinggal covid sembuh
356;Pembatasan Sosial Berskala Besar (PSBB) di DKI Jakarta Cegah Covid-19 - Berlaku pada 10 April 2020 (selama 2 pekan)- Sekolah dan tempat kerja diliburkan- Semua tempat ibadah ditutup- Semua fasilitas umum;1.0;batas sosial skala psbb dki jakarta cegah covid laku april pekan sekolah kerja libur ibadah tutup fasilitas;pembatasan sosial berskala besar psbb di dki jakarta cegah covid berlaku pada april selama pekan sekolah dan tempat kerja diliburkan semua tempat ibadah ditutup semua fasilitas umum;['pembatasan', 'sosial', 'berskala', 'besar', 'psbb', 'di', 'dki', 'jakarta', 'cegah', 'covid', 'berlaku', 'pada', 'april', 'selama', 'pekan', 'sekolah', 'dan', 'tempat', 'kerja', 'diliburkan', 'semua', 'tempat', 'ibadah', 'ditutup', 'semua', 'fasilitas', 'umum'];['pembatasan', 'sosial', 'berskala', 'besar', 'psbb', 'di', 'dki', 'jakarta', 'cegah', 'covid', 'berlaku', 'pada', 'april', 'selama', 'pekan', 'sekolah', 'dan', 'tempat', 'kerja', 'diliburkan', 'semua', 'tempat', 'ibadah', 'ditutup', 'semua', 'fasilitas', 'umum'];['pembatasan', 'sosial', 'berskala', 'psbb', 'dki', 'jakarta', 'cegah', 'covid', 'berlaku', 'april', 'pekan', 'sekolah', 'kerja', 'diliburkan', 'ibadah', 'ditutup', 'fasilitas'];pembatasan sosial berskala psbb dki jakarta cegah covid berlaku april pekan sekolah kerja diliburkan ibadah ditutup fasilitas;batas sosial skala psbb dki jakarta cegah covid laku april pekan sekolah kerja libur ibadah tutup fasilitas
357;Yup setuju!!!Demo dalam skala besar biar kena Covid-19!!!Tinggal dibuang kelaut semuanya!!!;-1.0;iya setujudemo skala biar kena covidtinggal buang laut;yup setujudemo dalam skala besar biar kena covidtinggal dibuang kelaut semuanya;['yup', 'setujudemo', 'dalam', 'skala', 'besar', 'biar', 'kena', 'covidtinggal', 'dibuang', 'kelaut', 'semuanya'];['iya', 'setujudemo', 'dalam', 'skala', 'besar', 'biar', 'kena', 'covidtinggal', 'dibuang', 'kelaut', 'semuanya'];['iya', 'setujudemo', 'skala', 'biar', 'kena', 'covidtinggal', 'dibuang', 'kelaut'];iya setujudemo skala biar kena covidtinggal dibuang kelaut;iya setujudemo skala biar kena covidtinggal buang laut
358;Wah konkret instruksi untuk kepala daerah dari kader Banteng utk bersatu melawan Corona;1.0;konkret instruksi kepala daerah kader banteng satu lawan corona;wah konkret instruksi untuk kepala daerah dari kader banteng utk bersatu melawan corona;['wah', 'konkret', 'instruksi', 'untuk', 'kepala', 'daerah', 'dari', 'kader', 'banteng', 'utk', 'bersatu', 'melawan', 'corona'];['wah', 'konkret', 'instruksi', 'untuk', 'kepala', 'daerah', 'dari', 'kader', 'banteng', 'untuk', 'bersatu', 'melawan', 'corona'];['konkret', 'instruksi', 'kepala', 'daerah', 'kader', 'banteng', 'bersatu', 'melawan', 'corona'];konkret instruksi kepala daerah kader banteng bersatu melawan corona;konkret instruksi kepala daerah kader banteng satu lawan corona
359;Putuskan mata rantai covid 19... ;1.0;putus mata rantai covid;putuskan mata rantai covid;['putuskan', 'mata', 'rantai', 'covid'];['putuskan', 'mata', 'rantai', 'covid'];['putuskan', 'mata', 'rantai', 'covid'];putuskan mata rantai covid;putus mata rantai covid
360;Semoga semua frontliner kita terus usaha menyumbang bakti kepada negara;1.0;moga frontliner usaha sumbang bakti negara;semoga semua frontliner kita terus usaha menyumbang bakti kepada negara;['semoga', 'semua', 'frontliner', 'kita', 'terus', 'usaha', 'menyumbang', 'bakti', 'kepada', 'negara'];['semoga', 'semua', 'frontliner', 'kita', 'terus', 'usaha', 'menyumbang', 'bakti', 'kepada', 'negara'];['semoga', 'frontliner', 'usaha', 'menyumbang', 'bakti', 'negara'];semoga frontliner usaha menyumbang bakti negara;moga frontliner usaha sumbang bakti negara
361;Polres Lhokseumawe akan Lidik Penyebar Info Dokter Positif Covid-19;1.0;polres lhokseumawe lidik sebar info dokter positif covid;polres lhokseumawe akan lidik penyebar info dokter positif covid;['polres', 'lhokseumawe', 'akan', 'lidik', 'penyebar', 'info', 'dokter', 'positif', 'covid'];['polres', 'lhokseumawe', 'akan', 'lidik', 'penyebar', 'info', 'dokter', 'positif', 'covid'];['polres', 'lhokseumawe', 'lidik', 'penyebar', 'info', 'dokter', 'positif', 'covid'];polres lhokseumawe lidik penyebar info dokter positif covid;polres lhokseumawe lidik sebar info dokter positif covid
362;Karena nasgor mafia udh tutup di malang, beres covid  gue mau ubek ubek kota malang nyari daging kambing. Flish bm bgt nasgor kambing dia, mau bikin aj kl gx ad!!!udahan dong coronanya huhu;0.0;nasgor mafia tutup malang selesai covid ubek ubek kota malang cari daging kambing flish bm banget nasgor kambing gak adudahan coronanya huhu;karena nasgor mafia udh tutup di malang beres covid gue mau ubek ubek kota malang nyari daging kambing flish bm bgt nasgor kambing dia mau bikin aj kl gx adudahan dong coronanya huhu;['karena', 'nasgor', 'mafia', 'udh', 'tutup', 'di', 'malang', 'beres', 'covid', 'gue', 'mau', 'ubek', 'ubek', 'kota', 'malang', 'nyari', 'daging', 'kambing', 'flish', 'bm', 'bgt', 'nasgor', 'kambing', 'dia', 'mau', 'bikin', 'aj', 'kl', 'gx', 'adudahan', 'dong', 'coronanya', 'huhu'];['karena', 'nasgor', 'mafia', 'sudah', 'tutup', 'di', 'malang', 'selesai', 'covid', 'saya', 'mau', 'ubek', 'ubek', 'kota', 'malang', 'mencari', 'daging', 'kambing', 'flish', 'bm', 'banget', 'nasgor', 'kambing', 'dia', 'mau', 'membuat', 'saja', 'kalau', 'gak', 'adudahan', 'dong', 'coronanya', 'huhu'];['nasgor', 'mafia', 'tutup', 'malang', 'selesai', 'covid', 'ubek', 'ubek', 'kota', 'malang', 'mencari', 'daging', 'kambing', 'flish', 'bm', 'banget', 'nasgor', 'kambing', 'gak', 'adudahan', 'coronanya', 'huhu'];nasgor mafia tutup malang selesai covid ubek ubek kota malang mencari daging kambing flish bm banget nasgor kambing gak adudahan coronanya huhu;nasgor mafia tutup malang selesai covid ubek ubek kota malang cari daging kambing flish bm banget nasgor kambing gak adudahan coronanya huhu
363;NTB Sudah Uii Sampel Covid-19, Kini Lebih Cepat Ketahui Hasilnya -;1.0;ntb uii sampel covid cepat tahu hasil;ntb sudah uii sampel covid kini lebih cepat ketahui hasilnya;['ntb', 'sudah', 'uii', 'sampel', 'covid', 'kini', 'lebih', 'cepat', 'ketahui', 'hasilnya'];['ntb', 'sudah', 'uii', 'sampel', 'covid', 'kini', 'lebih', 'cepat', 'ketahui', 'hasilnya'];['ntb', 'uii', 'sampel', 'covid', 'cepat', 'ketahui', 'hasilnya'];ntb uii sampel covid cepat ketahui hasilnya;ntb uii sampel covid cepat tahu hasil
364;Cegah Covid 19 HMPI SulSel Gelar Diskusi Daring;1.0;cegah covid hmpi sulsel gelar diskusi daring;cegah covid hmpi sulsel gelar diskusi daring;['cegah', 'covid', 'hmpi', 'sulsel', 'gelar', 'diskusi', 'daring'];['cegah', 'covid', 'hmpi', 'sulsel', 'gelar', 'diskusi', 'daring'];['cegah', 'covid', 'hmpi', 'sulsel', 'gelar', 'diskusi', 'daring'];cegah covid hmpi sulsel gelar diskusi daring;cegah covid hmpi sulsel gelar diskusi daring
365;BREAKING NEWS - Kabar Duka! Tiga PDP Covid-19 Kalbar di RSUD Soedarso Meninggal Dunia Dalam Sehari - Halaman 4 -;0.0;breaking news kabar duka pdp covid kalbar rsud soedarso tinggal dunia hari halaman;breaking news kabar duka tiga pdp covid kalbar di rsud soedarso meninggal dunia dalam sehari halaman;['breaking', 'news', 'kabar', 'duka', 'tiga', 'pdp', 'covid', 'kalbar', 'di', 'rsud', 'soedarso', 'meninggal', 'dunia', 'dalam', 'sehari', 'halaman'];['breaking', 'news', 'kabar', 'duka', 'tiga', 'pdp', 'covid', 'kalbar', 'di', 'rsud', 'soedarso', 'meninggal', 'dunia', 'dalam', 'sehari', 'halaman'];['breaking', 'news', 'kabar', 'duka', 'pdp', 'covid', 'kalbar', 'rsud', 'soedarso', 'meninggal', 'dunia', 'sehari', 'halaman'];breaking news kabar duka pdp covid kalbar rsud soedarso meninggal dunia sehari halaman;breaking news kabar duka pdp covid kalbar rsud soedarso tinggal dunia hari halaman
366;Fokus tangani covid 19, fokus tangani dampak covid 19 pd buruh. Saat ini ribuan buruh dirumahkan tnp digaji mrk kehilangan penghasilan.;0.0;fokus tangan covid fokus tangan dampak covid buruh ribu buruh rumah tnp gaji hilang hasil;fokus tangani covid fokus tangani dampak covid pd buruh saat ini ribuan buruh dirumahkan tnp digaji mrk kehilangan penghasilan;['fokus', 'tangani', 'covid', 'fokus', 'tangani', 'dampak', 'covid', 'pd', 'buruh', 'saat', 'ini', 'ribuan', 'buruh', 'dirumahkan', 'tnp', 'digaji', 'mrk', 'kehilangan', 'penghasilan'];['fokus', 'tangani', 'covid', 'fokus', 'tangani', 'dampak', 'covid', 'pada', 'buruh', 'saat', 'ini', 'ribuan', 'buruh', 'dirumahkan', 'tnp', 'digaji', 'mereka', 'kehilangan', 'penghasilan'];['fokus', 'tangani', 'covid', 'fokus', 'tangani', 'dampak', 'covid', 'buruh', 'ribuan', 'buruh', 'dirumahkan', 'tnp', 'digaji', 'kehilangan', 'penghasilan'];fokus tangani covid fokus tangani dampak covid buruh ribuan buruh dirumahkan tnp digaji kehilangan penghasilan;fokus tangan covid fokus tangan dampak covid buruh ribu buruh rumah tnp gaji hilang hasil
367;Pak Mahfud, soal kesehatan dan covid-19 serahkan kpd ahlinya: dokter Erlina Burhan.;1.0;mahfud sehat covid serah ahli dokter erlina burhan;pak mahfud soal kesehatan dan covid serahkan kpd ahlinya dokter erlina burhan;['pak', 'mahfud', 'soal', 'kesehatan', 'dan', 'covid', 'serahkan', 'kpd', 'ahlinya', 'dokter', 'erlina', 'burhan'];['pak', 'mahfud', 'soal', 'kesehatan', 'dan', 'covid', 'serahkan', 'kepada', 'ahlinya', 'dokter', 'erlina', 'burhan'];['mahfud', 'kesehatan', 'covid', 'serahkan', 'ahlinya', 'dokter', 'erlina', 'burhan'];mahfud kesehatan covid serahkan ahlinya dokter erlina burhan;mahfud sehat covid serah ahli dokter erlina burhan
368;Selamat Pagi. Rute Sudimara-Tanah Abang tersedia pkl 05:45 WIB, untuk Informasi lengkap jadwal perjalanan KRL mulai 10 April 2020, bisa di lihat pada website link berikut : Tks.;0.0;selamat pagi rute sudimaratanah abang sedia pkl wib informasi lengkap jadwal jalan krl april lihat website link tks;selamat pagi rute sudimaratanah abang tersedia pkl wib untuk informasi lengkap jadwal perjalanan krl mulai april bisa di lihat pada website link berikut tks;['selamat', 'pagi', 'rute', 'sudimaratanah', 'abang', 'tersedia', 'pkl', 'wib', 'untuk', 'informasi', 'lengkap', 'jadwal', 'perjalanan', 'krl', 'mulai', 'april', 'bisa', 'di', 'lihat', 'pada', 'website', 'link', 'berikut', 'tks'];['selamat', 'pagi', 'rute', 'sudimaratanah', 'abang', 'tersedia', 'pkl', 'wib', 'untuk', 'informasi', 'lengkap', 'jadwal', 'perjalanan', 'krl', 'mulai', 'april', 'bisa', 'di', 'lihat', 'pada', 'website', 'link', 'berikut', 'tks'];['selamat', 'pagi', 'rute', 'sudimaratanah', 'abang', 'tersedia', 'pkl', 'wib', 'informasi', 'lengkap', 'jadwal', 'perjalanan', 'krl', 'april', 'lihat', 'website', 'link', 'tks'];selamat pagi rute sudimaratanah abang tersedia pkl wib informasi lengkap jadwal perjalanan krl april lihat website link tks;selamat pagi rute sudimaratanah abang sedia pkl wib informasi lengkap jadwal jalan krl april lihat website link tks
369;Selamat JALAN Covid-19.Selamat DATANG Ramadhan 1441H.;1.0;selamat jalan covidselamat ramadhan h;selamat jalan covidselamat datang ramadhan h;['selamat', 'jalan', 'covidselamat', 'datang', 'ramadhan', 'h'];['selamat', 'jalan', 'covidselamat', 'datang', 'ramadhan', 'h'];['selamat', 'jalan', 'covidselamat', 'ramadhan', 'h'];selamat jalan covidselamat ramadhan h;selamat jalan covidselamat ramadhan h
370;Makasih mas. Semoga Malaysia juga begitu. Kita sama2 perangi Covid 19 ini dan semuanya pada patuh ama himbauan pemerintah kita semua;1.0;makasih mas moga malaysia rang covid patuh himbauan perintah;makasih mas semoga malaysia juga begitu kita sama perangi covid ini dan semuanya pada patuh ama himbauan pemerintah kita semua;['makasih', 'mas', 'semoga', 'malaysia', 'juga', 'begitu', 'kita', 'sama', 'perangi', 'covid', 'ini', 'dan', 'semuanya', 'pada', 'patuh', 'ama', 'himbauan', 'pemerintah', 'kita', 'semua'];['makasih', 'mas', 'semoga', 'malaysia', 'juga', 'begitu', 'kita', 'sama', 'perangi', 'covid', 'ini', 'dan', 'semuanya', 'pada', 'patuh', 'sama', 'himbauan', 'pemerintah', 'kita', 'semua'];['makasih', 'mas', 'semoga', 'malaysia', 'perangi', 'covid', 'patuh', 'himbauan', 'pemerintah'];makasih mas semoga malaysia perangi covid patuh himbauan pemerintah;makasih mas moga malaysia rang covid patuh himbauan perintah
371;CEGAH VIRUS CORONAMenindaklanjuti Maklumat Kapolri dan 8 Perintah Kapolri dalam rangka mencegah dan mengantisipasi penyebaran COVID-19 atau VIRUS CORONA, Polsek Banjarnegara giatkan bersih bersih;1.0;cegah virus coronamenindaklanjuti maklumat kapolri perintah kapolri rangka cegah antisipasi sebar covid virus corona polsek banjarnegara giat bersih bersih;cegah virus coronamenindaklanjuti maklumat kapolri dan perintah kapolri dalam rangka mencegah dan mengantisipasi penyebaran covid atau virus corona polsek banjarnegara giatkan bersih bersih;['cegah', 'virus', 'coronamenindaklanjuti', 'maklumat', 'kapolri', 'dan', 'perintah', 'kapolri', 'dalam', 'rangka', 'mencegah', 'dan', 'mengantisipasi', 'penyebaran', 'covid', 'atau', 'virus', 'corona', 'polsek', 'banjarnegara', 'giatkan', 'bersih', 'bersih'];['cegah', 'virus', 'coronamenindaklanjuti', 'maklumat', 'kapolri', 'dan', 'perintah', 'kapolri', 'dalam', 'rangka', 'mencegah', 'dan', 'mengantisipasi', 'penyebaran', 'covid', 'atau', 'virus', 'corona', 'polsek', 'banjarnegara', 'giatkan', 'bersih', 'bersih'];['cegah', 'virus', 'coronamenindaklanjuti', 'maklumat', 'kapolri', 'perintah', 'kapolri', 'rangka', 'mencegah', 'mengantisipasi', 'penyebaran', 'covid', 'virus', 'corona', 'polsek', 'banjarnegara', 'giatkan', 'bersih', 'bersih'];cegah virus coronamenindaklanjuti maklumat kapolri perintah kapolri rangka mencegah mengantisipasi penyebaran covid virus corona polsek banjarnegara giatkan bersih bersih;cegah virus coronamenindaklanjuti maklumat kapolri perintah kapolri rangka cegah antisipasi sebar covid virus corona polsek banjarnegara giat bersih bersih
372;Kades Tomori Bpk Anas Olabahim Himbau Warga menunda Mudik untuk cegah penyebaran Covid 19.  ;1.0;kades tomori anas olabahim himbau warga tunda mudik cegah sebar covid;kades tomori bpk anas olabahim himbau warga menunda mudik untuk cegah penyebaran covid;['kades', 'tomori', 'bpk', 'anas', 'olabahim', 'himbau', 'warga', 'menunda', 'mudik', 'untuk', 'cegah', 'penyebaran', 'covid'];['kades', 'tomori', 'bapak', 'anas', 'olabahim', 'himbau', 'warga', 'menunda', 'mudik', 'untuk', 'cegah', 'penyebaran', 'covid'];['kades', 'tomori', 'anas', 'olabahim', 'himbau', 'warga', 'menunda', 'mudik', 'cegah', 'penyebaran', 'covid'];kades tomori anas olabahim himbau warga menunda mudik cegah penyebaran covid;kades tomori anas olabahim himbau warga tunda mudik cegah sebar covid
373;Fix, perang dingin akan berlanjutSampe perdebatan masalah covid ini selesaiAtauSampe lebih dari abis lebaran;0.0;perang dingin berlanjutsampe debat covid selesaiatausampe lebaran;fix perang dingin akan berlanjutsampe perdebatan masalah covid ini selesaiatausampe lebih dari abis lebaran;['fix', 'perang', 'dingin', 'akan', 'berlanjutsampe', 'perdebatan', 'masalah', 'covid', 'ini', 'selesaiatausampe', 'lebih', 'dari', 'abis', 'lebaran'];['pasti', 'perang', 'dingin', 'akan', 'berlanjutsampe', 'perdebatan', 'masalah', 'covid', 'ini', 'selesaiatausampe', 'lebih', 'dari', 'setelah', 'lebaran'];['perang', 'dingin', 'berlanjutsampe', 'perdebatan', 'covid', 'selesaiatausampe', 'lebaran'];perang dingin berlanjutsampe perdebatan covid selesaiatausampe lebaran;perang dingin berlanjutsampe debat covid selesaiatausampe lebaran
374;Pasca Merebak COVID-19, Nasib TKI di Malaysia Memprihatinkan;0.0;pasca rebak covid nasib tki malaysia prihatin;pasca merebak covid nasib tki di malaysia memprihatinkan;['pasca', 'merebak', 'covid', 'nasib', 'tki', 'di', 'malaysia', 'memprihatinkan'];['pasca', 'merebak', 'covid', 'nasib', 'tki', 'di', 'malaysia', 'memprihatinkan'];['pasca', 'merebak', 'covid', 'nasib', 'tki', 'malaysia', 'memprihatinkan'];pasca merebak covid nasib tki malaysia memprihatinkan;pasca rebak covid nasib tki malaysia prihatin
375;Pejuang COVID 19;1.0;juang covid;pejuang covid;['pejuang', 'covid'];['pejuang', 'covid'];['pejuang', 'covid'];pejuang covid;juang covid
376;Ini teh awalnya kl ga salah sakit dbd, trs setelah trombosit normal ga ada perbaikan, di swab ternyata covid padahal sblmnya ga ada kontak dg covid.. dr awal sdh pgn drujuk k rshs tp penuh katanya.;0.0;teh salah sakit dbd trombosit normal baik swab covid sblmnya kontak covid pgn drujuk k rshs penuh;ini teh awalnya kl ga salah sakit dbd trs setelah trombosit normal ga ada perbaikan di swab ternyata covid padahal sblmnya ga ada kontak dg covid dr awal sdh pgn drujuk k rshs tp penuh katanya;['ini', 'teh', 'awalnya', 'kl', 'ga', 'salah', 'sakit', 'dbd', 'trs', 'setelah', 'trombosit', 'normal', 'ga', 'ada', 'perbaikan', 'di', 'swab', 'ternyata', 'covid', 'padahal', 'sblmnya', 'ga', 'ada', 'kontak', 'dg', 'covid', 'dr', 'awal', 'sdh', 'pgn', 'drujuk', 'k', 'rshs', 'tp', 'penuh', 'katanya'];['ini', 'teh', 'awalnya', 'kalau', 'tidak', 'salah', 'sakit', 'dbd', 'terus', 'setelah', 'trombosit', 'normal', 'tidak', 'ada', 'perbaikan', 'di', 'swab', 'ternyata', 'covid', 'padahal', 'sblmnya', 'tidak', 'ada', 'kontak', 'dengan', 'covid', 'dari', 'awal', 'sudah', 'pgn', 'drujuk', 'k', 'rshs', 'tapi', 'penuh', 'katanya'];['teh', 'salah', 'sakit', 'dbd', 'trombosit', 'normal', 'perbaikan', 'swab', 'covid', 'sblmnya', 'kontak', 'covid', 'pgn', 'drujuk', 'k', 'rshs', 'penuh'];teh salah sakit dbd trombosit normal perbaikan swab covid sblmnya kontak covid pgn drujuk k rshs penuh;teh salah sakit dbd trombosit normal baik swab covid sblmnya kontak covid pgn drujuk k rshs penuh
377;Terbitnya telegram Polri yg salah satu poinnya terkait penindakan hukum penghina presiden dan pejabat negara dalam situasi wabah virus corona (Covid-19), menurut SBY, mempermalukan Indonesia di mata dunia. Sebab hal seperti itu tak terjadi di negara lain. ;1.0;terbit telegram polri salah poin kait tindak hukum hina presiden jabat negara situasi wabah virus corona covid sby malu indonesia mata dunia negara;terbitnya telegram polri yg salah satu poinnya terkait penindakan hukum penghina presiden dan pejabat negara dalam situasi wabah virus corona covid menurut sby mempermalukan indonesia di mata dunia sebab hal seperti itu tak terjadi di negara lain;['terbitnya', 'telegram', 'polri', 'yg', 'salah', 'satu', 'poinnya', 'terkait', 'penindakan', 'hukum', 'penghina', 'presiden', 'dan', 'pejabat', 'negara', 'dalam', 'situasi', 'wabah', 'virus', 'corona', 'covid', 'menurut', 'sby', 'mempermalukan', 'indonesia', 'di', 'mata', 'dunia', 'sebab', 'hal', 'seperti', 'itu', 'tak', 'terjadi', 'di', 'negara', 'lain'];['terbitnya', 'telegram', 'polri', 'yang', 'salah', 'satu', 'poinnya', 'terkait', 'penindakan', 'hukum', 'penghina', 'presiden', 'dan', 'pejabat', 'negara', 'dalam', 'situasi', 'wabah', 'virus', 'corona', 'covid', 'menurut', 'sby', 'mempermalukan', 'indonesia', 'di', 'mata', 'dunia', 'sebab', 'hal', 'seperti', 'itu', 'tak', 'terjadi', 'di', 'negara', 'lain'];['terbitnya', 'telegram', 'polri', 'salah', 'poinnya', 'terkait', 'penindakan', 'hukum', 'penghina', 'presiden', 'pejabat', 'negara', 'situasi', 'wabah', 'virus', 'corona', 'covid', 'sby', 'mempermalukan', 'indonesia', 'mata', 'dunia', 'negara'];terbitnya telegram polri salah poinnya terkait penindakan hukum penghina presiden pejabat negara situasi wabah virus corona covid sby mempermalukan indonesia mata dunia negara;terbit telegram polri salah poin kait tindak hukum hina presiden jabat negara situasi wabah virus corona covid sby malu indonesia mata dunia negara
378;pentingnya kita tetap adalah karena kalopun lo kena covid-19 dan sembuh, ada kemungkinan virusnya akan aktif lagi;0.0;kalo lo kena covid sembuh virus aktif;pentingnya kita tetap adalah karena kalopun lo kena covid dan sembuh ada kemungkinan virusnya akan aktif lagi;['pentingnya', 'kita', 'tetap', 'adalah', 'karena', 'kalopun', 'lo', 'kena', 'covid', 'dan', 'sembuh', 'ada', 'kemungkinan', 'virusnya', 'akan', 'aktif', 'lagi'];['pentingnya', 'kita', 'tetap', 'adalah', 'karena', 'kalopun', 'lo', 'kena', 'covid', 'dan', 'sembuh', 'ada', 'kemungkinan', 'virusnya', 'akan', 'aktif', 'lagi'];['kalopun', 'lo', 'kena', 'covid', 'sembuh', 'virusnya', 'aktif'];kalopun lo kena covid sembuh virusnya aktif;kalo lo kena covid sembuh virus aktif
379;"Hahaha unggul kok tiap hari bertambah sekarang bukan waktunya ngomongin unggul tp mikir bagaimana cara itu covid lenyap dr indonesia ...geli""gmana mlah ngomongin unggul jelas""jkt terbanyak";1.0;hahaha unggul tambah ngomongin unggul mikir covid lenyap indonesia geligmana mlah ngomongin unggul jelasjkt;hahaha unggul kok tiap hari bertambah sekarang bukan waktunya ngomongin unggul tp mikir bagaimana cara itu covid lenyap dr indonesia geligmana mlah ngomongin unggul jelasjkt terbanyak;['hahaha', 'unggul', 'kok', 'tiap', 'hari', 'bertambah', 'sekarang', 'bukan', 'waktunya', 'ngomongin', 'unggul', 'tp', 'mikir', 'bagaimana', 'cara', 'itu', 'covid', 'lenyap', 'dr', 'indonesia', 'geligmana', 'mlah', 'ngomongin', 'unggul', 'jelasjkt', 'terbanyak'];['hahaha', 'unggul', 'kok', 'tiap', 'hari', 'bertambah', 'sekarang', 'bukan', 'waktunya', 'ngomongin', 'unggul', 'tapi', 'mikir', 'bagaimana', 'cara', 'itu', 'covid', 'lenyap', 'dari', 'indonesia', 'geligmana', 'mlah', 'ngomongin', 'unggul', 'jelasjkt', 'terbanyak'];['hahaha', 'unggul', 'bertambah', 'ngomongin', 'unggul', 'mikir', 'covid', 'lenyap', 'indonesia', 'geligmana', 'mlah', 'ngomongin', 'unggul', 'jelasjkt'];hahaha unggul bertambah ngomongin unggul mikir covid lenyap indonesia geligmana mlah ngomongin unggul jelasjkt;hahaha unggul tambah ngomongin unggul mikir covid lenyap indonesia geligmana mlah ngomongin unggul jelasjkt
380;Bhabinkamtibmas Aiptu Slamet Kundarjanto, sekcam memberikan penyuluhan kepada petugas posko Gugus Tugas terkait pencegahan penularan virus Corona (Covid-19) di ds karanggude kulon kec Karanglewas,(10/4);1.0;bhabinkamtibmas aiptu slamet kundarjanto sekcam suluh tugas posko gugus tugas kait cegah tular virus corona covid ds karanggude kulon kec karanglewas;bhabinkamtibmas aiptu slamet kundarjanto sekcam memberikan penyuluhan kepada petugas posko gugus tugas terkait pencegahan penularan virus corona covid di ds karanggude kulon kec karanglewas;['bhabinkamtibmas', 'aiptu', 'slamet', 'kundarjanto', 'sekcam', 'memberikan', 'penyuluhan', 'kepada', 'petugas', 'posko', 'gugus', 'tugas', 'terkait', 'pencegahan', 'penularan', 'virus', 'corona', 'covid', 'di', 'ds', 'karanggude', 'kulon', 'kec', 'karanglewas'];['bhabinkamtibmas', 'aiptu', 'slamet', 'kundarjanto', 'sekcam', 'memberikan', 'penyuluhan', 'kepada', 'petugas', 'posko', 'gugus', 'tugas', 'terkait', 'pencegahan', 'penularan', 'virus', 'corona', 'covid', 'di', 'ds', 'karanggude', 'kulon', 'kec', 'karanglewas'];['bhabinkamtibmas', 'aiptu', 'slamet', 'kundarjanto', 'sekcam', 'penyuluhan', 'petugas', 'posko', 'gugus', 'tugas', 'terkait', 'pencegahan', 'penularan', 'virus', 'corona', 'covid', 'ds', 'karanggude', 'kulon', 'kec', 'karanglewas'];bhabinkamtibmas aiptu slamet kundarjanto sekcam penyuluhan petugas posko gugus tugas terkait pencegahan penularan virus corona covid ds karanggude kulon kec karanglewas;bhabinkamtibmas aiptu slamet kundarjanto sekcam suluh tugas posko gugus tugas kait cegah tular virus corona covid ds karanggude kulon kec karanglewas
381;Negara kita emang anomali Eyang, disaat negara lain berpikir utk memotong gaji pejabat dan sepenuhnya menggunakan anggaran yg tidak perlu selama covid, yg ini malah begitu.;0.0;negara anomali eyang saat negara pikir potong gaji jabat sepenuh anggar covid;negara kita emang anomali eyang disaat negara lain berpikir utk memotong gaji pejabat dan sepenuhnya menggunakan anggaran yg tidak perlu selama covid yg ini malah begitu;['negara', 'kita', 'emang', 'anomali', 'eyang', 'disaat', 'negara', 'lain', 'berpikir', 'utk', 'memotong', 'gaji', 'pejabat', 'dan', 'sepenuhnya', 'menggunakan', 'anggaran', 'yg', 'tidak', 'perlu', 'selama', 'covid', 'yg', 'ini', 'malah', 'begitu'];['negara', 'kita', 'memang', 'anomali', 'eyang', 'disaat', 'negara', 'lain', 'berpikir', 'untuk', 'memotong', 'gaji', 'pejabat', 'dan', 'sepenuhnya', 'menggunakan', 'anggaran', 'yang', 'tidak', 'perlu', 'selama', 'covid', 'yang', 'ini', 'malah', 'begitu'];['negara', 'anomali', 'eyang', 'disaat', 'negara', 'berpikir', 'memotong', 'gaji', 'pejabat', 'sepenuhnya', 'anggaran', 'covid'];negara anomali eyang disaat negara berpikir memotong gaji pejabat sepenuhnya anggaran covid;negara anomali eyang saat negara pikir potong gaji jabat sepenuh anggar covid
382;Bila anda minum lahAnda akan terhindar dari covid ,anjir anjirr... !!!;-1.0;minum lahanda hindar covid anjir anjirr;bila anda minum lahanda akan terhindar dari covid anjir anjirr;['bila', 'anda', 'minum', 'lahanda', 'akan', 'terhindar', 'dari', 'covid', 'anjir', 'anjirr'];['bila', 'anda', 'minum', 'lahanda', 'akan', 'terhindar', 'dari', 'covid', 'anjir', 'anjirr'];['minum', 'lahanda', 'terhindar', 'covid', 'anjir', 'anjirr'];minum lahanda terhindar covid anjir anjirr;minum lahanda hindar covid anjir anjirr
383;Aksi Warga Tolak Rusunawa Penajam Jadi Tempat Karantina COVID-19 |;-1.0;aksi warga tolak rusunawa najam karantina covid;aksi warga tolak rusunawa penajam jadi tempat karantina covid;['aksi', 'warga', 'tolak', 'rusunawa', 'penajam', 'jadi', 'tempat', 'karantina', 'covid'];['aksi', 'warga', 'tolak', 'rusunawa', 'penajam', 'jadi', 'tempat', 'karantina', 'covid'];['aksi', 'warga', 'tolak', 'rusunawa', 'penajam', 'karantina', 'covid'];aksi warga tolak rusunawa penajam karantina covid;aksi warga tolak rusunawa najam karantina covid
384;Gusdurian Peduli Tangerang Raya sedang membuka posko bersama Covid-19 hadapi Corona, untuk itu yg mau berdonasi berupa nominal rupiah dapat melalui rekening yg tertera.Untuk bantuan brupa barang, sandang, ataupun pangan bisa diantar langsung di posko atau hubungi CP;1.0;gusdurian peduli tangerang raya buka posko covid hadap corona donasi nominal rupiah rekening terterauntuk bantu brupa barang sandang pangan antar langsung posko hubung cp;gusdurian peduli tangerang raya sedang membuka posko bersama covid hadapi corona untuk itu yg mau berdonasi berupa nominal rupiah dapat melalui rekening yg terterauntuk bantuan brupa barang sandang ataupun pangan bisa diantar langsung di posko atau hubungi cp;['gusdurian', 'peduli', 'tangerang', 'raya', 'sedang', 'membuka', 'posko', 'bersama', 'covid', 'hadapi', 'corona', 'untuk', 'itu', 'yg', 'mau', 'berdonasi', 'berupa', 'nominal', 'rupiah', 'dapat', 'melalui', 'rekening', 'yg', 'terterauntuk', 'bantuan', 'brupa', 'barang', 'sandang', 'ataupun', 'pangan', 'bisa', 'diantar', 'langsung', 'di', 'posko', 'atau', 'hubungi', 'cp'];['gusdurian', 'peduli', 'tangerang', 'raya', 'sedang', 'membuka', 'posko', 'bersama', 'covid', 'hadapi', 'corona', 'untuk', 'itu', 'yang', 'mau', 'berdonasi', 'berupa', 'nominal', 'rupiah', 'dapat', 'melalui', 'rekening', 'yang', 'terterauntuk', 'bantuan', 'brupa', 'barang', 'sandang', 'ataupun', 'pangan', 'bisa', 'diantar', 'langsung', 'di', 'posko', 'atau', 'hubungi', 'cp'];['gusdurian', 'peduli', 'tangerang', 'raya', 'membuka', 'posko', 'covid', 'hadapi', 'corona', 'berdonasi', 'nominal', 'rupiah', 'rekening', 'terterauntuk', 'bantuan', 'brupa', 'barang', 'sandang', 'pangan', 'diantar', 'langsung', 'posko', 'hubungi', 'cp'];gusdurian peduli tangerang raya membuka posko covid hadapi corona berdonasi nominal rupiah rekening terterauntuk bantuan brupa barang sandang pangan diantar langsung posko hubungi cp;gusdurian peduli tangerang raya buka posko covid hadap corona donasi nominal rupiah rekening terterauntuk bantu brupa barang sandang pangan antar langsung posko hubung cp
385;"Ada 15 cara menyuruh Covid-19 segera akn pergi ; 4. Jangan lagi ada ""pergaulan bebas"" tanpa batas, selingkuh dan kumpul tanpa ikatan sah. Bukankah Covid-19 telah mendidik kita untuk Sosial Distancing dan Physical Distancing, jaga jarak, bahkan bersalamanpun tdk bersentuhan?.";1.0;suruh covid akn pergi gaul bebas batas selingkuh kumpul ikat sah covid didik sosial distancing physical distancing jaga jarak salam sentuh;ada cara menyuruh covid segera akn pergi jangan lagi ada pergaulan bebas tanpa batas selingkuh dan kumpul tanpa ikatan sah bukankah covid telah mendidik kita untuk sosial distancing dan physical distancing jaga jarak bahkan bersalamanpun tdk bersentuhan;['ada', 'cara', 'menyuruh', 'covid', 'segera', 'akn', 'pergi', 'jangan', 'lagi', 'ada', 'pergaulan', 'bebas', 'tanpa', 'batas', 'selingkuh', 'dan', 'kumpul', 'tanpa', 'ikatan', 'sah', 'bukankah', 'covid', 'telah', 'mendidik', 'kita', 'untuk', 'sosial', 'distancing', 'dan', 'physical', 'distancing', 'jaga', 'jarak', 'bahkan', 'bersalamanpun', 'tdk', 'bersentuhan'];['ada', 'cara', 'menyuruh', 'covid', 'segera', 'akn', 'pergi', 'jangan', 'lagi', 'ada', 'pergaulan', 'bebas', 'tanpa', 'batas', 'selingkuh', 'dan', 'kumpul', 'tanpa', 'ikatan', 'sah', 'bukankah', 'covid', 'telah', 'mendidik', 'kita', 'untuk', 'sosial', 'distancing', 'dan', 'physical', 'distancing', 'jaga', 'jarak', 'bahkan', 'bersalamanpun', 'tidak', 'bersentuhan'];['menyuruh', 'covid', 'akn', 'pergi', 'pergaulan', 'bebas', 'batas', 'selingkuh', 'kumpul', 'ikatan', 'sah', 'covid', 'mendidik', 'sosial', 'distancing', 'physical', 'distancing', 'jaga', 'jarak', 'bersalamanpun', 'bersentuhan'];menyuruh covid akn pergi pergaulan bebas batas selingkuh kumpul ikatan sah covid mendidik sosial distancing physical distancing jaga jarak bersalamanpun bersentuhan;suruh covid akn pergi gaul bebas batas selingkuh kumpul ikat sah covid didik sosial distancing physical distancing jaga jarak salam sentuh
386;Semoga wababh covid-19 yang sedang melanda segera berlalu. Amiin;1.0;moga wababh covid landa amiin;semoga wababh covid yang sedang melanda segera berlalu amiin;['semoga', 'wababh', 'covid', 'yang', 'sedang', 'melanda', 'segera', 'berlalu', 'amiin'];['semoga', 'wababh', 'covid', 'yang', 'sedang', 'melanda', 'segera', 'berlalu', 'amiin'];['semoga', 'wababh', 'covid', 'melanda', 'amiin'];semoga wababh covid melanda amiin;moga wababh covid landa amiin
387;PDP Covid-19 Asal Kota Cilegon Meninggal di RSUD Banten;0.0;pdp covid kota cilegon tinggal rsud banten;pdp covid asal kota cilegon meninggal di rsud banten;['pdp', 'covid', 'asal', 'kota', 'cilegon', 'meninggal', 'di', 'rsud', 'banten'];['pdp', 'covid', 'asal', 'kota', 'cilegon', 'meninggal', 'di', 'rsud', 'banten'];['pdp', 'covid', 'kota', 'cilegon', 'meninggal', 'rsud', 'banten'];pdp covid kota cilegon meninggal rsud banten;pdp covid kota cilegon tinggal rsud banten
388;Anggaran Penanganan Covid-19 di Kabupaten Tangerang Tembus Rp240 Miliar;1.0;anggar tangan covid kabupaten tangerang tembus rupiah miliar;anggaran penanganan covid di kabupaten tangerang tembus rp miliar;['anggaran', 'penanganan', 'covid', 'di', 'kabupaten', 'tangerang', 'tembus', 'rp', 'miliar'];['anggaran', 'penanganan', 'covid', 'di', 'kabupaten', 'tangerang', 'tembus', 'rupiah', 'miliar'];['anggaran', 'penanganan', 'covid', 'kabupaten', 'tangerang', 'tembus', 'rupiah', 'miliar'];anggaran penanganan covid kabupaten tangerang tembus rupiah miliar;anggar tangan covid kabupaten tangerang tembus rupiah miliar
389;PDIP mainnya kurang jauh...pulang sore mulu'...ha..ha. Sering sering nyender ditembok tetangga klo gag punya kuota, numpang wifi biar tahu berita dan informasi, adalah yg paling gencar bersuara saat covid 19 mewabah, eh ente bilang cari panggung;-1.0;pdip main jauhpulang sore muluhaha nyender tembok tetangga gag kuota numpang wifi biar berita informasi gencar suara covid wabah eh bilang cari panggung;pdip mainnya kurang jauhpulang sore muluhaha sering sering nyender ditembok tetangga klo gag punya kuota numpang wifi biar tahu berita dan informasi adalah yg paling gencar bersuara saat covid mewabah eh ente bilang cari panggung;['pdip', 'mainnya', 'kurang', 'jauhpulang', 'sore', 'muluhaha', 'sering', 'sering', 'nyender', 'ditembok', 'tetangga', 'klo', 'gag', 'punya', 'kuota', 'numpang', 'wifi', 'biar', 'tahu', 'berita', 'dan', 'informasi', 'adalah', 'yg', 'paling', 'gencar', 'bersuara', 'saat', 'covid', 'mewabah', 'eh', 'ente', 'bilang', 'cari', 'panggung'];['pdip', 'mainnya', 'kurang', 'jauhpulang', 'sore', 'muluhaha', 'sering', 'sering', 'nyender', 'ditembok', 'tetangga', 'kalau', 'gag', 'punya', 'kuota', 'numpang', 'wifi', 'biar', 'tahu', 'berita', 'dan', 'informasi', 'adalah', 'yang', 'paling', 'gencar', 'bersuara', 'saat', 'covid', 'mewabah', 'eh', 'kamu', 'bilang', 'cari', 'panggung'];['pdip', 'mainnya', 'jauhpulang', 'sore', 'muluhaha', 'nyender', 'ditembok', 'tetangga', 'gag', 'kuota', 'numpang', 'wifi', 'biar', 'berita', 'informasi', 'gencar', 'bersuara', 'covid', 'mewabah', 'eh', 'bilang', 'cari', 'panggung'];pdip mainnya jauhpulang sore muluhaha nyender ditembok tetangga gag kuota numpang wifi biar berita informasi gencar bersuara covid mewabah eh bilang cari panggung;pdip main jauhpulang sore muluhaha nyender tembok tetangga gag kuota numpang wifi biar berita informasi gencar suara covid wabah eh bilang cari panggung
390;sekarang fokus lawan covid 19. kl mo kmpanye tunggu saatnya. sabar ...knp?;1.0;fokus lawan covid mo kmpanye tunggu sabar;sekarang fokus lawan covid kl mo kmpanye tunggu saatnya sabar knp;['sekarang', 'fokus', 'lawan', 'covid', 'kl', 'mo', 'kmpanye', 'tunggu', 'saatnya', 'sabar', 'knp'];['sekarang', 'fokus', 'lawan', 'covid', 'kalau', 'mo', 'kmpanye', 'tunggu', 'saatnya', 'sabar', 'mengapa'];['fokus', 'lawan', 'covid', 'mo', 'kmpanye', 'tunggu', 'sabar'];fokus lawan covid mo kmpanye tunggu sabar;fokus lawan covid mo kmpanye tunggu sabar
391;30.000 Lebih Narapidana Bebas di Tengah Wabah COVID-19, Termasuk Koruptor???;-1.0;narapidana bebas wabah covid koruptor;lebih narapidana bebas di tengah wabah covid termasuk koruptor;['lebih', 'narapidana', 'bebas', 'di', 'tengah', 'wabah', 'covid', 'termasuk', 'koruptor'];['lebih', 'narapidana', 'bebas', 'di', 'tengah', 'wabah', 'covid', 'termasuk', 'koruptor'];['narapidana', 'bebas', 'wabah', 'covid', 'koruptor'];narapidana bebas wabah covid koruptor;narapidana bebas wabah covid koruptor
392;Ceritain dampak covid terhadap perekonomian Indonesia dan dampak bagi Perbankan dan upaya yg dilakukan pemerintah apa aja;0.0;ceritain dampak covid ekonomi indonesia dampak perban upaya perintah;ceritain dampak covid terhadap perekonomian indonesia dan dampak bagi perbankan dan upaya yg dilakukan pemerintah apa aja;['ceritain', 'dampak', 'covid', 'terhadap', 'perekonomian', 'indonesia', 'dan', 'dampak', 'bagi', 'perbankan', 'dan', 'upaya', 'yg', 'dilakukan', 'pemerintah', 'apa', 'aja'];['ceritain', 'dampak', 'covid', 'terhadap', 'perekonomian', 'indonesia', 'dan', 'dampak', 'bagi', 'perbankan', 'dan', 'upaya', 'yang', 'dilakukan', 'pemerintah', 'apa', 'saja'];['ceritain', 'dampak', 'covid', 'perekonomian', 'indonesia', 'dampak', 'perbankan', 'upaya', 'pemerintah'];ceritain dampak covid perekonomian indonesia dampak perbankan upaya pemerintah;ceritain dampak covid ekonomi indonesia dampak perban upaya perintah
393;Ya begitulah, doakan saja semoga yg lain terhindar dari covid, miris memang;1.0;iya doa moga hindar covid miris;ya begitulah doakan saja semoga yg lain terhindar dari covid miris memang;['ya', 'begitulah', 'doakan', 'saja', 'semoga', 'yg', 'lain', 'terhindar', 'dari', 'covid', 'miris', 'memang'];['iya', 'begitulah', 'doakan', 'saja', 'semoga', 'yang', 'lain', 'terhindar', 'dari', 'covid', 'miris', 'memang'];['iya', 'doakan', 'semoga', 'terhindar', 'covid', 'miris'];iya doakan semoga terhindar covid miris;iya doa moga hindar covid miris
394;PRU 15!Rakyat mesti menolakahli politik yg suka mengganggu usaha KKM membenteras wabak Covid 19.;-1.0;pru rakyat mesti menolakahli politik suka ganggu usaha kkm membenteras wabak covid;pru rakyat mesti menolakahli politik yg suka mengganggu usaha kkm membenteras wabak covid;['pru', 'rakyat', 'mesti', 'menolakahli', 'politik', 'yg', 'suka', 'mengganggu', 'usaha', 'kkm', 'membenteras', 'wabak', 'covid'];['pru', 'rakyat', 'mesti', 'menolakahli', 'politik', 'yang', 'suka', 'mengganggu', 'usaha', 'kkm', 'membenteras', 'wabak', 'covid'];['pru', 'rakyat', 'mesti', 'menolakahli', 'politik', 'suka', 'mengganggu', 'usaha', 'kkm', 'membenteras', 'wabak', 'covid'];pru rakyat mesti menolakahli politik suka mengganggu usaha kkm membenteras wabak covid;pru rakyat mesti menolakahli politik suka ganggu usaha kkm membenteras wabak covid
395;Kaur pemerintahan Desa Hidayat Himbau Warga menunda Mudik untuk cegah covid 19;1.0;kaur perintah desa hidayat himbau warga tunda mudik cegah covid;kaur pemerintahan desa hidayat himbau warga menunda mudik untuk cegah covid;['kaur', 'pemerintahan', 'desa', 'hidayat', 'himbau', 'warga', 'menunda', 'mudik', 'untuk', 'cegah', 'covid'];['kaur', 'pemerintahan', 'desa', 'hidayat', 'himbau', 'warga', 'menunda', 'mudik', 'untuk', 'cegah', 'covid'];['kaur', 'pemerintahan', 'desa', 'hidayat', 'himbau', 'warga', 'menunda', 'mudik', 'cegah', 'covid'];kaur pemerintahan desa hidayat himbau warga menunda mudik cegah covid;kaur perintah desa hidayat himbau warga tunda mudik cegah covid
396;btw ini beneran suspek covid casenya ya?;0.0;eh serius suspek covid casenya iya;btw ini beneran suspek covid casenya ya;['btw', 'ini', 'beneran', 'suspek', 'covid', 'casenya', 'ya'];['eh', 'ini', 'serius', 'suspek', 'covid', 'casenya', 'iya'];['eh', 'serius', 'suspek', 'covid', 'casenya', 'iya'];eh serius suspek covid casenya iya;eh serius suspek covid casenya iya
397;Saat ini pemerintah dan kita semua harus konsentrasi menyiapkan ketahanan masyarakat dalam menghadapi Covid19 dan dampak ekosisnya. Begini Penjelasan Muhaimin Terkait Timwas Covid-19 DPR RI ;1.0;perintah konsentrasi tahan masyarakat hadap covid dampak ekosisnya jelas muhaimin kait timwas covid dpr;saat ini pemerintah dan kita semua harus konsentrasi menyiapkan ketahanan masyarakat dalam menghadapi covid dan dampak ekosisnya begini penjelasan muhaimin terkait timwas covid dpr ri;['saat', 'ini', 'pemerintah', 'dan', 'kita', 'semua', 'harus', 'konsentrasi', 'menyiapkan', 'ketahanan', 'masyarakat', 'dalam', 'menghadapi', 'covid', 'dan', 'dampak', 'ekosisnya', 'begini', 'penjelasan', 'muhaimin', 'terkait', 'timwas', 'covid', 'dpr', 'ri'];['saat', 'ini', 'pemerintah', 'dan', 'kita', 'semua', 'harus', 'konsentrasi', 'menyiapkan', 'ketahanan', 'masyarakat', 'dalam', 'menghadapi', 'covid', 'dan', 'dampak', 'ekosisnya', 'begini', 'penjelasan', 'muhaimin', 'terkait', 'timwas', 'covid', 'dpr', 'di'];['pemerintah', 'konsentrasi', 'ketahanan', 'masyarakat', 'menghadapi', 'covid', 'dampak', 'ekosisnya', 'penjelasan', 'muhaimin', 'terkait', 'timwas', 'covid', 'dpr'];pemerintah konsentrasi ketahanan masyarakat menghadapi covid dampak ekosisnya penjelasan muhaimin terkait timwas covid dpr;perintah konsentrasi tahan masyarakat hadap covid dampak ekosisnya jelas muhaimin kait timwas covid dpr
398;Cepat pergi Corona covid 19, aku rindu aktivitas seperti biasa. Bisa pergi kemanapun tanpa ngerasa cemas.;1.0;cepat pergi corona covid rindu aktivitas pergi mana ngerasa cemas;cepat pergi corona covid aku rindu aktivitas seperti biasa bisa pergi kemanapun tanpa ngerasa cemas;['cepat', 'pergi', 'corona', 'covid', 'aku', 'rindu', 'aktivitas', 'seperti', 'biasa', 'bisa', 'pergi', 'kemanapun', 'tanpa', 'ngerasa', 'cemas'];['cepat', 'pergi', 'corona', 'covid', 'aku', 'rindu', 'aktivitas', 'seperti', 'biasa', 'bisa', 'pergi', 'kemanapun', 'tanpa', 'ngerasa', 'cemas'];['cepat', 'pergi', 'corona', 'covid', 'rindu', 'aktivitas', 'pergi', 'kemanapun', 'ngerasa', 'cemas'];cepat pergi corona covid rindu aktivitas pergi kemanapun ngerasa cemas;cepat pergi corona covid rindu aktivitas pergi mana ngerasa cemas
399;Apa yang dilakukan oleh bunda maia lebih nyata dengan tindakan untuk memerangi Covid 19 dibandingkan dengan Roy Suryo. Jadi biarkan masyarakat yang menilai siapa bunda maia dan siapa Roy Suryo. Semudah itu kan menilai?;-1.0;bunda maia nyata tindak rang covid banding roy suryo biar masyarakat nilai bunda maia roy suryo mudah nilai;apa yang dilakukan oleh bunda maia lebih nyata dengan tindakan untuk memerangi covid dibandingkan dengan roy suryo jadi biarkan masyarakat yang menilai siapa bunda maia dan siapa roy suryo semudah itu kan menilai;['apa', 'yang', 'dilakukan', 'oleh', 'bunda', 'maia', 'lebih', 'nyata', 'dengan', 'tindakan', 'untuk', 'memerangi', 'covid', 'dibandingkan', 'dengan', 'roy', 'suryo', 'jadi', 'biarkan', 'masyarakat', 'yang', 'menilai', 'siapa', 'bunda', 'maia', 'dan', 'siapa', 'roy', 'suryo', 'semudah', 'itu', 'kan', 'menilai'];['apa', 'yang', 'dilakukan', 'oleh', 'bunda', 'maia', 'lebih', 'nyata', 'dengan', 'tindakan', 'untuk', 'memerangi', 'covid', 'dibandingkan', 'dengan', 'roy', 'suryo', 'jadi', 'biarkan', 'masyarakat', 'yang', 'menilai', 'siapa', 'bunda', 'maia', 'dan', 'siapa', 'roy', 'suryo', 'semudah', 'itu', 'kan', 'menilai'];['bunda', 'maia', 'nyata', 'tindakan', 'memerangi', 'covid', 'dibandingkan', 'roy', 'suryo', 'biarkan', 'masyarakat', 'menilai', 'bunda', 'maia', 'roy', 'suryo', 'semudah', 'menilai'];bunda maia nyata tindakan memerangi covid dibandingkan roy suryo biarkan masyarakat menilai bunda maia roy suryo semudah menilai;bunda maia nyata tindak rang covid banding roy suryo biar masyarakat nilai bunda maia roy suryo mudah nilai
400;Kalo penyebabnya non covid kalo gasalah boleh dihadiri org dibawah 20 orang Ada di poster sosialisasinya kmrn cm ak gas sevvv;0.0;sebab non covid gasalah hadir orang bawah orang poster sosialisasi kmrn gas sevvv;kalo penyebabnya non covid kalo gasalah boleh dihadiri org dibawah orang ada di poster sosialisasinya kmrn cm ak gas sevvv;['kalo', 'penyebabnya', 'non', 'covid', 'kalo', 'gasalah', 'boleh', 'dihadiri', 'org', 'dibawah', 'orang', 'ada', 'di', 'poster', 'sosialisasinya', 'kmrn', 'cm', 'ak', 'gas', 'sevvv'];['kalau', 'penyebabnya', 'non', 'covid', 'kalau', 'gasalah', 'boleh', 'dihadiri', 'orang', 'dibawah', 'orang', 'ada', 'di', 'poster', 'sosialisasinya', 'kmrn', 'cuma', 'aku', 'gas', 'sevvv'];['penyebabnya', 'non', 'covid', 'gasalah', 'dihadiri', 'orang', 'dibawah', 'orang', 'poster', 'sosialisasinya', 'kmrn', 'gas', 'sevvv'];penyebabnya non covid gasalah dihadiri orang dibawah orang poster sosialisasinya kmrn gas sevvv;sebab non covid gasalah hadir orang bawah orang poster sosialisasi kmrn gas sevvv
401;MenPAN RB Tjahjo Kumolo menerbitkan Surat Edaran atau SE tertanggal 9 April 2020, membatasi cuti PNS dan PPPK selama ada wabah virus corona COVID-19.;1.0;menpan ribu tjahjo kumolo terbit surat edar tanggal april batas cuti pns pppk wabah virus corona covid;menpan rb tjahjo kumolo menerbitkan surat edaran atau se tertanggal april membatasi cuti pns dan pppk selama ada wabah virus corona covid;['menpan', 'rb', 'tjahjo', 'kumolo', 'menerbitkan', 'surat', 'edaran', 'atau', 'se', 'tertanggal', 'april', 'membatasi', 'cuti', 'pns', 'dan', 'pppk', 'selama', 'ada', 'wabah', 'virus', 'corona', 'covid'];['menpan', 'ribu', 'tjahjo', 'kumolo', 'menerbitkan', 'surat', 'edaran', 'atau', 'se', 'tertanggal', 'april', 'membatasi', 'cuti', 'pns', 'dan', 'pppk', 'selama', 'ada', 'wabah', 'virus', 'corona', 'covid'];['menpan', 'ribu', 'tjahjo', 'kumolo', 'menerbitkan', 'surat', 'edaran', 'tertanggal', 'april', 'membatasi', 'cuti', 'pns', 'pppk', 'wabah', 'virus', 'corona', 'covid'];menpan ribu tjahjo kumolo menerbitkan surat edaran tertanggal april membatasi cuti pns pppk wabah virus corona covid;menpan ribu tjahjo kumolo terbit surat edar tanggal april batas cuti pns pppk wabah virus corona covid
402;Mobil Luar Kota Bebas Masuk Sumenep di Tengah Covid-19, Kadinkes: Bukan Tugas Dinas Kesehatan;-1.0;mobil kota bebas masuk sumenep covid kadinkes tugas dinas sehat;mobil luar kota bebas masuk sumenep di tengah covid kadinkes bukan tugas dinas kesehatan;['mobil', 'luar', 'kota', 'bebas', 'masuk', 'sumenep', 'di', 'tengah', 'covid', 'kadinkes', 'bukan', 'tugas', 'dinas', 'kesehatan'];['mobil', 'luar', 'kota', 'bebas', 'masuk', 'sumenep', 'di', 'tengah', 'covid', 'kadinkes', 'bukan', 'tugas', 'dinas', 'kesehatan'];['mobil', 'kota', 'bebas', 'masuk', 'sumenep', 'covid', 'kadinkes', 'tugas', 'dinas', 'kesehatan'];mobil kota bebas masuk sumenep covid kadinkes tugas dinas kesehatan;mobil kota bebas masuk sumenep covid kadinkes tugas dinas sehat
403;Buka fb trus liat berita nya si idn times lgsg shocked berat. Secara si doi lg di daerah situ trus pake ada berita provinsi lala 1org positif covid. Tolongin.;0.0;buka fb lihat berita nya sih idn times langsung shocked berat sih doi lg daerah situ pakai berita provinsi lala orang positif covid tolongin;buka fb trus liat berita nya si idn times lgsg shocked berat secara si doi lg di daerah situ trus pake ada berita provinsi lala org positif covid tolongin;['buka', 'fb', 'trus', 'liat', 'berita', 'nya', 'si', 'idn', 'times', 'lgsg', 'shocked', 'berat', 'secara', 'si', 'doi', 'lg', 'di', 'daerah', 'situ', 'trus', 'pake', 'ada', 'berita', 'provinsi', 'lala', 'org', 'positif', 'covid', 'tolongin'];['buka', 'fb', 'terus', 'lihat', 'berita', 'nya', 'sih', 'idn', 'times', 'langsung', 'shocked', 'berat', 'secara', 'sih', 'doi', 'lg', 'di', 'daerah', 'situ', 'terus', 'pakai', 'ada', 'berita', 'provinsi', 'lala', 'orang', 'positif', 'covid', 'tolongin'];['buka', 'fb', 'lihat', 'berita', 'nya', 'sih', 'idn', 'times', 'langsung', 'shocked', 'berat', 'sih', 'doi', 'lg', 'daerah', 'situ', 'pakai', 'berita', 'provinsi', 'lala', 'orang', 'positif', 'covid', 'tolongin'];buka fb lihat berita nya sih idn times langsung shocked berat sih doi lg daerah situ pakai berita provinsi lala orang positif covid tolongin;buka fb lihat berita nya sih idn times langsung shocked berat sih doi lg daerah situ pakai berita provinsi lala orang positif covid tolongin
404;Selamat pagi... Sahabat-Sahabatku semua dimanapun berada...Sahabat..., di hari yang penuh Kepanikan Ketakutan Kekhawatiran Kecemasa nKegelisahan ini dengan Wabah Pandemi Corona Covid-19 ini, mari kita sama-sama;1.0;selamat pagi sahabatsahabatku mana beradasahabat penuh panik takut khawatir kecemasa nkegelisahan wabah pandemi corona covid mari samasama;selamat pagi sahabatsahabatku semua dimanapun beradasahabat di hari yang penuh kepanikan ketakutan kekhawatiran kecemasa nkegelisahan ini dengan wabah pandemi corona covid ini mari kita samasama;['selamat', 'pagi', 'sahabatsahabatku', 'semua', 'dimanapun', 'beradasahabat', 'di', 'hari', 'yang', 'penuh', 'kepanikan', 'ketakutan', 'kekhawatiran', 'kecemasa', 'nkegelisahan', 'ini', 'dengan', 'wabah', 'pandemi', 'corona', 'covid', 'ini', 'mari', 'kita', 'samasama'];['selamat', 'pagi', 'sahabatsahabatku', 'semua', 'dimanapun', 'beradasahabat', 'di', 'hari', 'yang', 'penuh', 'kepanikan', 'ketakutan', 'kekhawatiran', 'kecemasa', 'nkegelisahan', 'ini', 'dengan', 'wabah', 'pandemi', 'corona', 'covid', 'ini', 'mari', 'kita', 'samasama'];['selamat', 'pagi', 'sahabatsahabatku', 'dimanapun', 'beradasahabat', 'penuh', 'kepanikan', 'ketakutan', 'kekhawatiran', 'kecemasa', 'nkegelisahan', 'wabah', 'pandemi', 'corona', 'covid', 'mari', 'samasama'];selamat pagi sahabatsahabatku dimanapun beradasahabat penuh kepanikan ketakutan kekhawatiran kecemasa nkegelisahan wabah pandemi corona covid mari samasama;selamat pagi sahabatsahabatku mana beradasahabat penuh panik takut khawatir kecemasa nkegelisahan wabah pandemi corona covid mari samasama
405;Enjoy bgt, tmnnya pada asik, matkul nya pun ga serumit yg dibayangkan, cuma ya ada 1/2 matkul yg nyebelin naudzubillah di semster ini grgr covid wkwk;0.0;santai banget tmnnya asyik materi nya rumit bayang iya materi nyebelin naudzubillah semester grgr covid wkwk;enjoy bgt tmnnya pada asik matkul nya pun ga serumit yg dibayangkan cuma ya ada matkul yg nyebelin naudzubillah di semster ini grgr covid wkwk;['enjoy', 'bgt', 'tmnnya', 'pada', 'asik', 'matkul', 'nya', 'pun', 'ga', 'serumit', 'yg', 'dibayangkan', 'cuma', 'ya', 'ada', 'matkul', 'yg', 'nyebelin', 'naudzubillah', 'di', 'semster', 'ini', 'grgr', 'covid', 'wkwk'];['santai', 'banget', 'tmnnya', 'pada', 'asyik', 'materi', 'nya', 'pun', 'tidak', 'serumit', 'yang', 'dibayangkan', 'cuma', 'iya', 'ada', 'materi', 'yang', 'nyebelin', 'naudzubillah', 'di', 'semester', 'ini', 'grgr', 'covid', 'wkwk'];['santai', 'banget', 'tmnnya', 'asyik', 'materi', 'nya', 'serumit', 'dibayangkan', 'iya', 'materi', 'nyebelin', 'naudzubillah', 'semester', 'grgr', 'covid', 'wkwk'];santai banget tmnnya asyik materi nya serumit dibayangkan iya materi nyebelin naudzubillah semester grgr covid wkwk;santai banget tmnnya asyik materi nya rumit bayang iya materi nyebelin naudzubillah semester grgr covid wkwk
406;CEGAH VIRUS CORONAMenindaklanjuti Maklumat Kapolri dan 8 Perintah Kapolri dalam rangka mencegah dan mengantisipasi penyebaran COVID-19 atau VIRUS CORONA, Polsek Banjarnegara giatkan BLP dan berikan himbauan;1.0;cegah virus coronamenindaklanjuti maklumat kapolri perintah kapolri rangka cegah antisipasi sebar covid virus corona polsek banjarnegara giat blp himbauan;cegah virus coronamenindaklanjuti maklumat kapolri dan perintah kapolri dalam rangka mencegah dan mengantisipasi penyebaran covid atau virus corona polsek banjarnegara giatkan blp dan berikan himbauan;['cegah', 'virus', 'coronamenindaklanjuti', 'maklumat', 'kapolri', 'dan', 'perintah', 'kapolri', 'dalam', 'rangka', 'mencegah', 'dan', 'mengantisipasi', 'penyebaran', 'covid', 'atau', 'virus', 'corona', 'polsek', 'banjarnegara', 'giatkan', 'blp', 'dan', 'berikan', 'himbauan'];['cegah', 'virus', 'coronamenindaklanjuti', 'maklumat', 'kapolri', 'dan', 'perintah', 'kapolri', 'dalam', 'rangka', 'mencegah', 'dan', 'mengantisipasi', 'penyebaran', 'covid', 'atau', 'virus', 'corona', 'polsek', 'banjarnegara', 'giatkan', 'blp', 'dan', 'berikan', 'himbauan'];['cegah', 'virus', 'coronamenindaklanjuti', 'maklumat', 'kapolri', 'perintah', 'kapolri', 'rangka', 'mencegah', 'mengantisipasi', 'penyebaran', 'covid', 'virus', 'corona', 'polsek', 'banjarnegara', 'giatkan', 'blp', 'himbauan'];cegah virus coronamenindaklanjuti maklumat kapolri perintah kapolri rangka mencegah mengantisipasi penyebaran covid virus corona polsek banjarnegara giatkan blp himbauan;cegah virus coronamenindaklanjuti maklumat kapolri perintah kapolri rangka cegah antisipasi sebar covid virus corona polsek banjarnegara giat blp himbauan
407;COVID-19 masih mewabah, peniadaan salat Jumat di Padang diperpanjang sampai 21 April;1.0;covid wabah tiada salat jumat padang panjang april;covid masih mewabah peniadaan salat jumat di padang diperpanjang sampai april;['covid', 'masih', 'mewabah', 'peniadaan', 'salat', 'jumat', 'di', 'padang', 'diperpanjang', 'sampai', 'april'];['covid', 'masih', 'mewabah', 'peniadaan', 'salat', 'jumat', 'di', 'padang', 'diperpanjang', 'sampai', 'april'];['covid', 'mewabah', 'peniadaan', 'salat', 'jumat', 'padang', 'diperpanjang', 'april'];covid mewabah peniadaan salat jumat padang diperpanjang april;covid wabah tiada salat jumat padang panjang april
408;Tim medis udah bisa beristirahat dan melepas rasa lelah dirumah, kumpul sama keluarga lagi. Percuma juga merawat yg terinfeksi covid-19, tokh mereka cuma peduli sama penyanyi dan lupa sama diri sendiri.;-1.0;tim medis istirahat lepas lelah rumah kumpul keluarga rawat infeksi covid tokh peduli nyanyi lupa;tim medis udah bisa beristirahat dan melepas rasa lelah dirumah kumpul sama keluarga lagi percuma juga merawat yg terinfeksi covid tokh mereka cuma peduli sama penyanyi dan lupa sama diri sendiri;['tim', 'medis', 'udah', 'bisa', 'beristirahat', 'dan', 'melepas', 'rasa', 'lelah', 'dirumah', 'kumpul', 'sama', 'keluarga', 'lagi', 'percuma', 'juga', 'merawat', 'yg', 'terinfeksi', 'covid', 'tokh', 'mereka', 'cuma', 'peduli', 'sama', 'penyanyi', 'dan', 'lupa', 'sama', 'diri', 'sendiri'];['tim', 'medis', 'sudah', 'bisa', 'beristirahat', 'dan', 'melepas', 'rasa', 'lelah', 'dirumah', 'kumpul', 'sama', 'keluarga', 'lagi', 'percuma', 'juga', 'merawat', 'yang', 'terinfeksi', 'covid', 'tokh', 'mereka', 'cuma', 'peduli', 'sama', 'penyanyi', 'dan', 'lupa', 'sama', 'diri', 'sendiri'];['tim', 'medis', 'beristirahat', 'melepas', 'lelah', 'dirumah', 'kumpul', 'keluarga', 'merawat', 'terinfeksi', 'covid', 'tokh', 'peduli', 'penyanyi', 'lupa'];tim medis beristirahat melepas lelah dirumah kumpul keluarga merawat terinfeksi covid tokh peduli penyanyi lupa;tim medis istirahat lepas lelah rumah kumpul keluarga rawat infeksi covid tokh peduli nyanyi lupa
409;Update Terbaru Peta Persebaran Covid-19 di Kabupaten Sidoarjo;0.0;update baru peta sebar covid kabupaten sidoarjo;update terbaru peta persebaran covid di kabupaten sidoarjo;['update', 'terbaru', 'peta', 'persebaran', 'covid', 'di', 'kabupaten', 'sidoarjo'];['update', 'terbaru', 'peta', 'persebaran', 'covid', 'di', 'kabupaten', 'sidoarjo'];['update', 'terbaru', 'peta', 'persebaran', 'covid', 'kabupaten', 'sidoarjo'];update terbaru peta persebaran covid kabupaten sidoarjo;update baru peta sebar covid kabupaten sidoarjo
410;Bila hidup berpandu pd agama, adab serta akhlaknya akn jd indah.ramai marah pd gol tabligh krn spike kes covid naik berpunca dr mrk.Tp mrk juga ialah mangsa. Patient 0 mungkin tiada kena mengena dgn mrk. Bukan semua gol mrk yg degil utk uat saringan, kebanyakan besar akur;0.0;hidup pandu agama adab akhlak akn jadi indahramai marah gol tabligh spike kes covid punca mrktp mangsa patient tiada kena kena gol degil uat saring banyak akur;bila hidup berpandu pd agama adab serta akhlaknya akn jd indahramai marah pd gol tabligh krn spike kes covid naik berpunca dr mrktp mrk juga ialah mangsa patient mungkin tiada kena mengena dgn mrk bukan semua gol mrk yg degil utk uat saringan kebanyakan besar akur;['bila', 'hidup', 'berpandu', 'pd', 'agama', 'adab', 'serta', 'akhlaknya', 'akn', 'jd', 'indahramai', 'marah', 'pd', 'gol', 'tabligh', 'krn', 'spike', 'kes', 'covid', 'naik', 'berpunca', 'dr', 'mrktp', 'mrk', 'juga', 'ialah', 'mangsa', 'patient', 'mungkin', 'tiada', 'kena', 'mengena', 'dgn', 'mrk', 'bukan', 'semua', 'gol', 'mrk', 'yg', 'degil', 'utk', 'uat', 'saringan', 'kebanyakan', 'besar', 'akur'];['bila', 'hidup', 'berpandu', 'pada', 'agama', 'adab', 'serta', 'akhlaknya', 'akn', 'jadi ', 'indahramai', 'marah', 'pada', 'gol', 'tabligh', 'karena', 'spike', 'kes', 'covid', 'naik', 'berpunca', 'dari', 'mrktp', 'mereka', 'juga', 'ialah', 'mangsa', 'patient', 'mungkin', 'tiada', 'kena', 'mengena', 'dengan', 'mereka', 'bukan', 'semua', 'gol', 'mereka', 'yang', 'degil', 'untuk', 'uat', 'saringan', 'kebanyakan', 'besar', 'akur'];['hidup', 'berpandu', 'agama', 'adab', 'akhlaknya', 'akn', 'jadi ', 'indahramai', 'marah', 'gol', 'tabligh', 'spike', 'kes', 'covid', 'berpunca', 'mrktp', 'mangsa', 'patient', 'tiada', 'kena', 'mengena', 'gol', 'degil', 'uat', 'saringan', 'kebanyakan', 'akur'];hidup berpandu agama adab akhlaknya akn jadi  indahramai marah gol tabligh spike kes covid berpunca mrktp mangsa patient tiada kena mengena gol degil uat saringan kebanyakan akur;hidup pandu agama adab akhlak akn jadi indahramai marah gol tabligh spike kes covid punca mrktp mangsa patient tiada kena kena gol degil uat saring banyak akur
411;Menurut jurnal terbaru, International Journal of Infectious Diseases, Infeksi COVID 19 juga bisa bermanifestasi ke meningitis dengan gejala nyeri kepala hebat hingga kesadaran menurun, tidak ditemukan virus pada nasofaring maupun orofaring, melainkan di CSF (LCS);1.0;jurnal baru internasional journal of infectious diseases infeksi covid manifestasi meningitis gejala nyeri kepala hebat sadar turun temu virus nasofaring orofaring csf lcs;menurut jurnal terbaru international journal of infectious diseases infeksi covid juga bisa bermanifestasi ke meningitis dengan gejala nyeri kepala hebat hingga kesadaran menurun tidak ditemukan virus pada nasofaring maupun orofaring melainkan di csf lcs;['menurut', 'jurnal', 'terbaru', 'international', 'journal', 'of', 'infectious', 'diseases', 'infeksi', 'covid', 'juga', 'bisa', 'bermanifestasi', 'ke', 'meningitis', 'dengan', 'gejala', 'nyeri', 'kepala', 'hebat', 'hingga', 'kesadaran', 'menurun', 'tidak', 'ditemukan', 'virus', 'pada', 'nasofaring', 'maupun', 'orofaring', 'melainkan', 'di', 'csf', 'lcs'];['menurut', 'jurnal', 'terbaru', 'internasional', 'journal', 'of', 'infectious', 'diseases', 'infeksi', 'covid', 'juga', 'bisa', 'bermanifestasi', 'ke', 'meningitis', 'dengan', 'gejala', 'nyeri', 'kepala', 'hebat', 'hingga', 'kesadaran', 'menurun', 'tidak', 'ditemukan', 'virus', 'pada', 'nasofaring', 'maupun', 'orofaring', 'melainkan', 'di', 'csf', 'lcs'];['jurnal', 'terbaru', 'internasional', 'journal', 'of', 'infectious', 'diseases', 'infeksi', 'covid', 'bermanifestasi', 'meningitis', 'gejala', 'nyeri', 'kepala', 'hebat', 'kesadaran', 'menurun', 'ditemukan', 'virus', 'nasofaring', 'orofaring', 'csf', 'lcs'];jurnal terbaru internasional journal of infectious diseases infeksi covid bermanifestasi meningitis gejala nyeri kepala hebat kesadaran menurun ditemukan virus nasofaring orofaring csf lcs;jurnal baru internasional journal of infectious diseases infeksi covid manifestasi meningitis gejala nyeri kepala hebat sadar turun temu virus nasofaring orofaring csf lcs
412;New post (Mengalokasikan Ventilator Selama COVID-19: Apa itu 'Adil'?) has been published on Kafe Kepo -;1.0;new post alokasi ventilator covid adil has been published on kafe kepo;new post mengalokasikan ventilator selama covid apa itu adil has been published on kafe kepo;['new', 'post', 'mengalokasikan', 'ventilator', 'selama', 'covid', 'apa', 'itu', 'adil', 'has', 'been', 'published', 'on', 'kafe', 'kepo'];['new', 'post', 'mengalokasikan', 'ventilator', 'selama', 'covid', 'apa', 'itu', 'adil', 'has', 'been', 'published', 'on', 'kafe', 'kepo'];['new', 'post', 'mengalokasikan', 'ventilator', 'covid', 'adil', 'has', 'been', 'published', 'on', 'kafe', 'kepo'];new post mengalokasikan ventilator covid adil has been published on kafe kepo;new post alokasi ventilator covid adil has been published on kafe kepo
413;Covid ini kapan pergi sih, padahal aku itu dapet income tiap minggu dari event orang2 buat acara mau wedding, birthday, corporate dll. Semua event bulan kemarin dan bulan ini n bulan depan di cancel semua. Sedih tau;0.0;covid pergi sih income minggu event orang acara wedding birthday corporate dll event kemarin cancel sedih tau;covid ini kapan pergi sih padahal aku itu dapet income tiap minggu dari event orang buat acara mau wedding birthday corporate dll semua event bulan kemarin dan bulan ini n bulan depan di cancel semua sedih tau;['covid', 'ini', 'kapan', 'pergi', 'sih', 'padahal', 'aku', 'itu', 'dapet', 'income', 'tiap', 'minggu', 'dari', 'event', 'orang', 'buat', 'acara', 'mau', 'wedding', 'birthday', 'corporate', 'dll', 'semua', 'event', 'bulan', 'kemarin', 'dan', 'bulan', 'ini', 'n', 'bulan', 'depan', 'di', 'cancel', 'semua', 'sedih', 'tau'];['covid', 'ini', 'kapan', 'pergi', 'sih', 'padahal', 'aku', 'itu', 'mendapat', 'income', 'tiap', 'minggu', 'dari', 'event', 'orang', 'buat', 'acara', 'mau', 'wedding', 'birthday', 'corporate', 'dll', 'semua', 'event', 'bulan', 'kemarin', 'dan', 'bulan', 'ini', 'dan', 'bulan', 'depan', 'di', 'cancel', 'semua', 'sedih', 'tau'];['covid', 'pergi', 'sih', 'income', 'minggu', 'event', 'orang', 'acara', 'wedding', 'birthday', 'corporate', 'dll', 'event', 'kemarin', 'cancel', 'sedih', 'tau'];covid pergi sih income minggu event orang acara wedding birthday corporate dll event kemarin cancel sedih tau;covid pergi sih income minggu event orang acara wedding birthday corporate dll event kemarin cancel sedih tau
414;Terakhir tu akun nyinyirin kinerja pa Presiden sama negor para partai politik yang ga ada kontribusinya di musim covid-19 ini;-1.0;akun nyinyirin kerja presiden negor partai politik kontribusi musim covid;terakhir tu akun nyinyirin kinerja pa presiden sama negor para partai politik yang ga ada kontribusinya di musim covid ini;['terakhir', 'tu', 'akun', 'nyinyirin', 'kinerja', 'pa', 'presiden', 'sama', 'negor', 'para', 'partai', 'politik', 'yang', 'ga', 'ada', 'kontribusinya', 'di', 'musim', 'covid', 'ini'];['terakhir', 'itu', 'akun', 'nyinyirin', 'kinerja', 'pak', 'presiden', 'sama', 'negor', 'para', 'partai', 'politik', 'yang', 'tidak', 'ada', 'kontribusinya', 'di', 'musim', 'covid', 'ini'];['akun', 'nyinyirin', 'kinerja', 'presiden', 'negor', 'partai', 'politik', 'kontribusinya', 'musim', 'covid'];akun nyinyirin kinerja presiden negor partai politik kontribusinya musim covid;akun nyinyirin kerja presiden negor partai politik kontribusi musim covid
415;Tapi tingkat kematian untuk yg tidak merokok karena covid-19, lima kali lebih tinggi.So.....;0.0;tingkat mati rokok covid kali tinggiso;tapi tingkat kematian untuk yg tidak merokok karena covid lima kali lebih tinggiso;['tapi', 'tingkat', 'kematian', 'untuk', 'yg', 'tidak', 'merokok', 'karena', 'covid', 'lima', 'kali', 'lebih', 'tinggiso'];['tapi', 'tingkat', 'kematian', 'untuk', 'yang', 'tidak', 'merokok', 'karena', 'covid', 'lima', 'kali', 'lebih', 'tinggiso'];['tingkat', 'kematian', 'merokok', 'covid', 'kali', 'tinggiso'];tingkat kematian merokok covid kali tinggiso;tingkat mati rokok covid kali tinggiso
416;semoga wabah covid-19 ini cepat berakhir. biar kehidupan bisa kembali berjalan normal dan jaga kesehatan;1.0;moga wabah covid cepat biar hidup jalan normal jaga sehat;semoga wabah covid ini cepat berakhir biar kehidupan bisa kembali berjalan normal dan jaga kesehatan;['semoga', 'wabah', 'covid', 'ini', 'cepat', 'berakhir', 'biar', 'kehidupan', 'bisa', 'kembali', 'berjalan', 'normal', 'dan', 'jaga', 'kesehatan'];['semoga', 'wabah', 'covid', 'ini', 'cepat', 'berakhir', 'biar', 'kehidupan', 'bisa', 'kembali', 'berjalan', 'normal', 'dan', 'jaga', 'kesehatan'];['semoga', 'wabah', 'covid', 'cepat', 'biar', 'kehidupan', 'berjalan', 'normal', 'jaga', 'kesehatan'];semoga wabah covid cepat biar kehidupan berjalan normal jaga kesehatan;moga wabah covid cepat biar hidup jalan normal jaga sehat
417;CEGAH VIRUS CORONAMenindaklanjuti Maklumat Kapolri dan 8 Perintah Kapolri dalam rangka mencegah dan mengantisipasi penyebaran COVID-19 atau VIRUS CORONA, Polsek Banjarnegara giatkan BLP dan berikan himbauan kepada;1.0;cegah virus coronamenindaklanjuti maklumat kapolri perintah kapolri rangka cegah antisipasi sebar covid virus corona polsek banjarnegara giat blp himbauan;cegah virus coronamenindaklanjuti maklumat kapolri dan perintah kapolri dalam rangka mencegah dan mengantisipasi penyebaran covid atau virus corona polsek banjarnegara giatkan blp dan berikan himbauan kepada;['cegah', 'virus', 'coronamenindaklanjuti', 'maklumat', 'kapolri', 'dan', 'perintah', 'kapolri', 'dalam', 'rangka', 'mencegah', 'dan', 'mengantisipasi', 'penyebaran', 'covid', 'atau', 'virus', 'corona', 'polsek', 'banjarnegara', 'giatkan', 'blp', 'dan', 'berikan', 'himbauan', 'kepada'];['cegah', 'virus', 'coronamenindaklanjuti', 'maklumat', 'kapolri', 'dan', 'perintah', 'kapolri', 'dalam', 'rangka', 'mencegah', 'dan', 'mengantisipasi', 'penyebaran', 'covid', 'atau', 'virus', 'corona', 'polsek', 'banjarnegara', 'giatkan', 'blp', 'dan', 'berikan', 'himbauan', 'kepada'];['cegah', 'virus', 'coronamenindaklanjuti', 'maklumat', 'kapolri', 'perintah', 'kapolri', 'rangka', 'mencegah', 'mengantisipasi', 'penyebaran', 'covid', 'virus', 'corona', 'polsek', 'banjarnegara', 'giatkan', 'blp', 'himbauan'];cegah virus coronamenindaklanjuti maklumat kapolri perintah kapolri rangka mencegah mengantisipasi penyebaran covid virus corona polsek banjarnegara giatkan blp himbauan;cegah virus coronamenindaklanjuti maklumat kapolri perintah kapolri rangka cegah antisipasi sebar covid virus corona polsek banjarnegara giat blp himbauan
418;Ada yg tau virus corona (covid-19) jadwal world tournya selesai kapan?;-1.0;tau virus corona covid jadwal world tournya selesai;ada yg tau virus corona covid jadwal world tournya selesai kapan;['ada', 'yg', 'tau', 'virus', 'corona', 'covid', 'jadwal', 'world', 'tournya', 'selesai', 'kapan'];['ada', 'yang', 'tau', 'virus', 'corona', 'covid', 'jadwal', 'world', 'tournya', 'selesai', 'kapan'];['tau', 'virus', 'corona', 'covid', 'jadwal', 'world', 'tournya', 'selesai'];tau virus corona covid jadwal world tournya selesai;tau virus corona covid jadwal world tournya selesai
419;Good morning.. Semoga pandemic Covid-19 cepat berlalu tanpa banyak memakan korban.;1.0;good morning moga pandemic covid cepat makan korban;good morning semoga pandemic covid cepat berlalu tanpa banyak memakan korban;['good', 'morning', 'semoga', 'pandemic', 'covid', 'cepat', 'berlalu', 'tanpa', 'banyak', 'memakan', 'korban'];['good', 'morning', 'semoga', 'pandemic', 'covid', 'cepat', 'berlalu', 'tanpa', 'banyak', 'memakan', 'korban'];['good', 'morning', 'semoga', 'pandemic', 'covid', 'cepat', 'memakan', 'korban'];good morning semoga pandemic covid cepat memakan korban;good morning moga pandemic covid cepat makan korban
420;Fraksi PKB Minta Pemkab Bandung Duduk Bersama Bahas Anggaran Covid-19;1.0;fraksi pkb pemkab bandung duduk bahas anggar covid;fraksi pkb minta pemkab bandung duduk bersama bahas anggaran covid;['fraksi', 'pkb', 'minta', 'pemkab', 'bandung', 'duduk', 'bersama', 'bahas', 'anggaran', 'covid'];['fraksi', 'pkb', 'minta', 'pemkab', 'bandung', 'duduk', 'bersama', 'bahas', 'anggaran', 'covid'];['fraksi', 'pkb', 'pemkab', 'bandung', 'duduk', 'bahas', 'anggaran', 'covid'];fraksi pkb pemkab bandung duduk bahas anggaran covid;fraksi pkb pemkab bandung duduk bahas anggar covid
421;Pemulung yg bawa karung putih ga dipedulikan, kamsudnya apa bagi2 gitu?! sebenarnya biar adil bikin program jaring pengaman sosial thdp seluruh org yg penghasilannya terdampak covid bukan hanya ke ojol aja ;1.0;pulung bawa karung putih peduli kamsudnya gitu biar adil program jaring kam sosial thdp orang hasil dampak covid ojol;pemulung yg bawa karung putih ga dipedulikan kamsudnya apa bagi gitu sebenarnya biar adil bikin program jaring pengaman sosial thdp seluruh org yg penghasilannya terdampak covid bukan hanya ke ojol aja;['pemulung', 'yg', 'bawa', 'karung', 'putih', 'ga', 'dipedulikan', 'kamsudnya', 'apa', 'bagi', 'gitu', 'sebenarnya', 'biar', 'adil', 'bikin', 'program', 'jaring', 'pengaman', 'sosial', 'thdp', 'seluruh', 'org', 'yg', 'penghasilannya', 'terdampak', 'covid', 'bukan', 'hanya', 'ke', 'ojol', 'aja'];['pemulung', 'yang', 'bawa', 'karung', 'putih', 'tidak', 'dipedulikan', 'kamsudnya', 'apa', 'bagi', 'gitu', 'sebenarnya', 'biar', 'adil', 'membuat', 'program', 'jaring', 'pengaman', 'sosial', 'thdp', 'seluruh', 'orang', 'yang', 'penghasilannya', 'terdampak', 'covid', 'bukan', 'hanya', 'ke', 'ojol', 'saja'];['pemulung', 'bawa', 'karung', 'putih', 'dipedulikan', 'kamsudnya', 'gitu', 'biar', 'adil', 'program', 'jaring', 'pengaman', 'sosial', 'thdp', 'orang', 'penghasilannya', 'terdampak', 'covid', 'ojol'];pemulung bawa karung putih dipedulikan kamsudnya gitu biar adil program jaring pengaman sosial thdp orang penghasilannya terdampak covid ojol;pulung bawa karung putih peduli kamsudnya gitu biar adil program jaring kam sosial thdp orang hasil dampak covid ojol
422;kalo di jakarta aturan psbb, gak boleh dilayat kalo suspek/positif covid kalo bukan karna covid ada batasan 20 org.;0.0;jakarta atur psbb layat suspekpositif covid covid batas orang;kalo di jakarta aturan psbb gak boleh dilayat kalo suspekpositif covid kalo bukan karna covid ada batasan org;['kalo', 'di', 'jakarta', 'aturan', 'psbb', 'gak', 'boleh', 'dilayat', 'kalo', 'suspekpositif', 'covid', 'kalo', 'bukan', 'karna', 'covid', 'ada', 'batasan', 'org'];['kalau', 'di', 'jakarta', 'aturan', 'psbb', 'tidak', 'boleh', 'dilayat', 'kalau', 'suspekpositif', 'covid', 'kalau', 'bukan', 'karena', 'covid', 'ada', 'batasan', 'orang'];['jakarta', 'aturan', 'psbb', 'dilayat', 'suspekpositif', 'covid', 'covid', 'batasan', 'orang'];jakarta aturan psbb dilayat suspekpositif covid covid batasan orang;jakarta atur psbb layat suspekpositif covid covid batas orang
423;Kamis Putih, pembasuhan kaki 12 Murid oleh Iesus. Teladan pelayanan Tuhan thd umat manusia. Kini Tuhan sdg membasuh hati seluruh umat manusia se Jagad dgn Covid-19. Segala urusan ritual komunal dikembalikan kpd pertobatan personal manusia thd Allahnya.;0.0;kamis putih basuh kaki murid iesus teladan layan tuhan umat manusia tuhan sdg basuh hati umat manusia jagad covid urus ritual komunal kembali tobat personal manusia allah;kamis putih pembasuhan kaki murid oleh iesus teladan pelayanan tuhan thd umat manusia kini tuhan sdg membasuh hati seluruh umat manusia se jagad dgn covid segala urusan ritual komunal dikembalikan kpd pertobatan personal manusia thd allahnya;['kamis', 'putih', 'pembasuhan', 'kaki', 'murid', 'oleh', 'iesus', 'teladan', 'pelayanan', 'tuhan', 'thd', 'umat', 'manusia', 'kini', 'tuhan', 'sdg', 'membasuh', 'hati', 'seluruh', 'umat', 'manusia', 'se', 'jagad', 'dgn', 'covid', 'segala', 'urusan', 'ritual', 'komunal', 'dikembalikan', 'kpd', 'pertobatan', 'personal', 'manusia', 'thd', 'allahnya'];['kamis', 'putih', 'pembasuhan', 'kaki', 'murid', 'oleh', 'iesus', 'teladan', 'pelayanan', 'tuhan', 'terhadap', 'umat', 'manusia', 'kini', 'tuhan', 'sdg', 'membasuh', 'hati', 'seluruh', 'umat', 'manusia', 'se', 'jagad', 'dengan', 'covid', 'segala', 'urusan', 'ritual', 'komunal', 'dikembalikan', 'kepada', 'pertobatan', 'personal', 'manusia', 'terhadap', 'allahnya'];['kamis', 'putih', 'pembasuhan', 'kaki', 'murid', 'iesus', 'teladan', 'pelayanan', 'tuhan', 'umat', 'manusia', 'tuhan', 'sdg', 'membasuh', 'hati', 'umat', 'manusia', 'jagad', 'covid', 'urusan', 'ritual', 'komunal', 'dikembalikan', 'pertobatan', 'personal', 'manusia', 'allahnya'];kamis putih pembasuhan kaki murid iesus teladan pelayanan tuhan umat manusia tuhan sdg membasuh hati umat manusia jagad covid urusan ritual komunal dikembalikan pertobatan personal manusia allahnya;kamis putih basuh kaki murid iesus teladan layan tuhan umat manusia tuhan sdg basuh hati umat manusia jagad covid urus ritual komunal kembali tobat personal manusia allah
424;Suwun MbakMugo2 Idrekan ttp bertahan ditengah badai Covid 19;1.0;suwun mbakmugo idrekan tahan tengah badai covid;suwun mbakmugo idrekan ttp bertahan ditengah badai covid;['suwun', 'mbakmugo', 'idrekan', 'ttp', 'bertahan', 'ditengah', 'badai', 'covid'];['suwun', 'mbakmugo', 'idrekan', 'tetap', 'bertahan', 'ditengah', 'badai', 'covid'];['suwun', 'mbakmugo', 'idrekan', 'bertahan', 'ditengah', 'badai', 'covid'];suwun mbakmugo idrekan bertahan ditengah badai covid;suwun mbakmugo idrekan tahan tengah badai covid
425;orang2 yg nolak jenazah PDP atau positif Covid-19 bukan cuma ga punya otak karena goblobanget, tapi juga ga punya hati wtf aku benci banget;-1.0;orang nolak jenazah pdp positif covid otak goblobanget hati wtf benci banget;orang yg nolak jenazah pdp atau positif covid bukan cuma ga punya otak karena goblobanget tapi juga ga punya hati wtf aku benci banget;['orang', 'yg', 'nolak', 'jenazah', 'pdp', 'atau', 'positif', 'covid', 'bukan', 'cuma', 'ga', 'punya', 'otak', 'karena', 'goblobanget', 'tapi', 'juga', 'ga', 'punya', 'hati', 'wtf', 'aku', 'benci', 'banget'];['orang', 'yang', 'nolak', 'jenazah', 'pdp', 'atau', 'positif', 'covid', 'bukan', 'cuma', 'tidak', 'punya', 'otak', 'karena', 'goblobanget', 'tapi', 'juga', 'tidak', 'punya', 'hati', 'wtf', 'aku', 'benci', 'banget'];['orang', 'nolak', 'jenazah', 'pdp', 'positif', 'covid', 'otak', 'goblobanget', 'hati', 'wtf', 'benci', 'banget'];orang nolak jenazah pdp positif covid otak goblobanget hati wtf benci banget;orang nolak jenazah pdp positif covid otak goblobanget hati wtf benci banget
426;Covid-19: Menuliskan Sejarah Kemanusiaan Indonesia Baru ;0.0;covid tulis sejarah manusia indonesia;covid menuliskan sejarah kemanusiaan indonesia baru;['covid', 'menuliskan', 'sejarah', 'kemanusiaan', 'indonesia', 'baru'];['covid', 'menuliskan', 'sejarah', 'kemanusiaan', 'indonesia', 'baru'];['covid', 'menuliskan', 'sejarah', 'kemanusiaan', 'indonesia'];covid menuliskan sejarah kemanusiaan indonesia;covid tulis sejarah manusia indonesia
427;ada banyak perawat yg harus diisolasi karna pasien tdk jujur saat anamnesis, ada juga yg akhirnya positif covid-19 dan meninggaludah meninggal pun masih harus dijahatin juga;0.0;awat isolasi pasien jujur anamnesis positif covid meninggaludah tinggal dijahatin;ada banyak perawat yg harus diisolasi karna pasien tdk jujur saat anamnesis ada juga yg akhirnya positif covid dan meninggaludah meninggal pun masih harus dijahatin juga;['ada', 'banyak', 'perawat', 'yg', 'harus', 'diisolasi', 'karna', 'pasien', 'tdk', 'jujur', 'saat', 'anamnesis', 'ada', 'juga', 'yg', 'akhirnya', 'positif', 'covid', 'dan', 'meninggaludah', 'meninggal', 'pun', 'masih', 'harus', 'dijahatin', 'juga'];['ada', 'banyak', 'perawat', 'yang', 'harus', 'diisolasi', 'karena', 'pasien', 'tidak', 'jujur', 'saat', 'anamnesis', 'ada', 'juga', 'yang', 'akhirnya', 'positif', 'covid', 'dan', 'meninggaludah', 'meninggal', 'pun', 'masih', 'harus', 'dijahatin', 'juga'];['perawat', 'diisolasi', 'pasien', 'jujur', 'anamnesis', 'positif', 'covid', 'meninggaludah', 'meninggal', 'dijahatin'];perawat diisolasi pasien jujur anamnesis positif covid meninggaludah meninggal dijahatin;awat isolasi pasien jujur anamnesis positif covid meninggaludah tinggal dijahatin
428;"Ada 15 cara memyuruh Covid-19 segera akan pergi ; 3. Jaga ucapan, makanan, dan pendengaran. Bukankah masker Covid-19 telah mendidik kita menutup mulut, lidah, telinga dan hidung?";1.0;memyuruh covid pergi jaga ucap makan dengar masker covid didik tutup mulut lidah telinga hidung;ada cara memyuruh covid segera akan pergi jaga ucapan makanan dan pendengaran bukankah masker covid telah mendidik kita menutup mulut lidah telinga dan hidung;['ada', 'cara', 'memyuruh', 'covid', 'segera', 'akan', 'pergi', 'jaga', 'ucapan', 'makanan', 'dan', 'pendengaran', 'bukankah', 'masker', 'covid', 'telah', 'mendidik', 'kita', 'menutup', 'mulut', 'lidah', 'telinga', 'dan', 'hidung'];['ada', 'cara', 'memyuruh', 'covid', 'segera', 'akan', 'pergi', 'jaga', 'ucapan', 'makanan', 'dan', 'pendengaran', 'bukankah', 'masker', 'covid', 'telah', 'mendidik', 'kita', 'menutup', 'mulut', 'lidah', 'telinga', 'dan', 'hidung'];['memyuruh', 'covid', 'pergi', 'jaga', 'ucapan', 'makanan', 'pendengaran', 'masker', 'covid', 'mendidik', 'menutup', 'mulut', 'lidah', 'telinga', 'hidung'];memyuruh covid pergi jaga ucapan makanan pendengaran masker covid mendidik menutup mulut lidah telinga hidung;memyuruh covid pergi jaga ucap makan dengar masker covid didik tutup mulut lidah telinga hidung
429;Meninggalnya karena covid apa gimana nder;0.0;tinggal covid nder;meninggalnya karena covid apa gimana nder;['meninggalnya', 'karena', 'covid', 'apa', 'gimana', 'nder'];['meninggalnya', 'karena', 'covid', 'apa', 'bagaimana', 'nder'];['meninggalnya', 'covid', 'nder'];meninggalnya covid nder;tinggal covid nder
430;Tindakan nyata untuk membantu masyarakat paling terdampak covid-19 yg dilakukan Pak Mensos Adalah Kebijakan Jitu;1.0;tindak nyata bantu masyarakat dampak covid mensos bijak jitu;tindakan nyata untuk membantu masyarakat paling terdampak covid yg dilakukan pak mensos adalah kebijakan jitu;['tindakan', 'nyata', 'untuk', 'membantu', 'masyarakat', 'paling', 'terdampak', 'covid', 'yg', 'dilakukan', 'pak', 'mensos', 'adalah', 'kebijakan', 'jitu'];['tindakan', 'nyata', 'untuk', 'membantu', 'masyarakat', 'paling', 'terdampak', 'covid', 'yang', 'dilakukan', 'pak', 'mensos', 'adalah', 'kebijakan', 'jitu'];['tindakan', 'nyata', 'membantu', 'masyarakat', 'terdampak', 'covid', 'mensos', 'kebijakan', 'jitu'];tindakan nyata membantu masyarakat terdampak covid mensos kebijakan jitu;tindak nyata bantu masyarakat dampak covid mensos bijak jitu
431;salam dari jakarta iya mas. baiklah mas. stay safe iya mohon bebas dari covid 19;1.0;salam jakarta iya mas baik mas stay safe iya mohon bebas covid;salam dari jakarta iya mas baiklah mas stay safe iya mohon bebas dari covid;['salam', 'dari', 'jakarta', 'iya', 'mas', 'baiklah', 'mas', 'stay', 'safe', 'iya', 'mohon', 'bebas', 'dari', 'covid'];['salam', 'dari', 'jakarta', 'iya', 'mas', 'baiklah', 'mas', 'stay', 'safe', 'iya', 'mohon', 'bebas', 'dari', 'covid'];['salam', 'jakarta', 'iya', 'mas', 'baiklah', 'mas', 'stay', 'safe', 'iya', 'mohon', 'bebas', 'covid'];salam jakarta iya mas baiklah mas stay safe iya mohon bebas covid;salam jakarta iya mas baik mas stay safe iya mohon bebas covid
432;Untuk perpanjang yg masa berlakunya sudah habis dr tanggal 29 maret s/d april akibat covid 19 itu di tunda dan akan di mulai kembali setelah tgl 29 mei, mohon info'a admin, makasih;1.0;panjang laku habis tanggal maret sd april akibat covid tunda tanggal mei mohon infoa admin makasih;untuk perpanjang yg masa berlakunya sudah habis dr tanggal maret sd april akibat covid itu di tunda dan akan di mulai kembali setelah tgl mei mohon infoa admin makasih;['untuk', 'perpanjang', 'yg', 'masa', 'berlakunya', 'sudah', 'habis', 'dr', 'tanggal', 'maret', 'sd', 'april', 'akibat', 'covid', 'itu', 'di', 'tunda', 'dan', 'akan', 'di', 'mulai', 'kembali', 'setelah', 'tgl', 'mei', 'mohon', 'infoa', 'admin', 'makasih'];['untuk', 'perpanjang', 'yang', 'masa', 'berlakunya', 'sudah', 'habis', 'dari', 'tanggal', 'maret', 'sd', 'april', 'akibat', 'covid', 'itu', 'di', 'tunda', 'dan', 'akan', 'di', 'mulai', 'kembali', 'setelah', 'tanggal', 'mei', 'mohon', 'infoa', 'admin', 'makasih'];['perpanjang', 'berlakunya', 'habis', 'tanggal', 'maret', 'sd', 'april', 'akibat', 'covid', 'tunda', 'tanggal', 'mei', 'mohon', 'infoa', 'admin', 'makasih'];perpanjang berlakunya habis tanggal maret sd april akibat covid tunda tanggal mei mohon infoa admin makasih;panjang laku habis tanggal maret sd april akibat covid tunda tanggal mei mohon infoa admin makasih
433;Kalau yg pernah terinfeksi covid diberikan stempel apalagi dgn RFID Sebuah diskriminasi, Potensi kambuh..Masalah kesehatanAtau paru2 rusak..Asal jgn kayak bourne identity chip*stay safe & healthy;1.0;infeksi covid stempel rfid diskriminasi potensi kambuhmasalah kesehatanatau paru rusakasal kayak bourne identity chipstay safe healthy;kalau yg pernah terinfeksi covid diberikan stempel apalagi dgn rfid sebuah diskriminasi potensi kambuhmasalah kesehatanatau paru rusakasal jgn kayak bourne identity chipstay safe healthy;['kalau', 'yg', 'pernah', 'terinfeksi', 'covid', 'diberikan', 'stempel', 'apalagi', 'dgn', 'rfid', 'sebuah', 'diskriminasi', 'potensi', 'kambuhmasalah', 'kesehatanatau', 'paru', 'rusakasal', 'jgn', 'kayak', 'bourne', 'identity', 'chipstay', 'safe', 'healthy'];['kalau', 'yang', 'pernah', 'terinfeksi', 'covid', 'diberikan', 'stempel', 'apalagi', 'dengan', 'rfid', 'sebuah', 'diskriminasi', 'potensi', 'kambuhmasalah', 'kesehatanatau', 'paru', 'rusakasal', 'jangan', 'kayak', 'bourne', 'identity', 'chipstay', 'safe', 'healthy'];['terinfeksi', 'covid', 'stempel', 'rfid', 'diskriminasi', 'potensi', 'kambuhmasalah', 'kesehatanatau', 'paru', 'rusakasal', 'kayak', 'bourne', 'identity', 'chipstay', 'safe', 'healthy'];terinfeksi covid stempel rfid diskriminasi potensi kambuhmasalah kesehatanatau paru rusakasal kayak bourne identity chipstay safe healthy;infeksi covid stempel rfid diskriminasi potensi kambuhmasalah kesehatanatau paru rusakasal kayak bourne identity chipstay safe healthy
434;kita bisa lawan covid 19. yuk fokus sj. hilangkan kegaduhan kepentingan!!;1.0;lawan covid ayo fokus sj hilang gaduh penting;kita bisa lawan covid yuk fokus sj hilangkan kegaduhan kepentingan;['kita', 'bisa', 'lawan', 'covid', 'yuk', 'fokus', 'sj', 'hilangkan', 'kegaduhan', 'kepentingan'];['kita', 'bisa', 'lawan', 'covid', 'ayo', 'fokus', 'sj', 'hilangkan', 'kegaduhan', 'kepentingan'];['lawan', 'covid', 'ayo', 'fokus', 'sj', 'hilangkan', 'kegaduhan', 'kepentingan'];lawan covid ayo fokus sj hilangkan kegaduhan kepentingan;lawan covid ayo fokus sj hilang gaduh penting
435;Cepat membaik bumiku. Aku tau mungkin kau lelah kali ini, menghadapi banyak tingkah manusia yg tak karuan.kali ini ku panjatkan doa untukmu agar marahmu lekas mereda,usirlah teman covid mu itu segera. sungguh aku benci melihatnya disini. mari kita berteman lagi seperti sedia kala;1.0;cepat baik bumi tau kau lelah kali hadap tingkah manusia karuankali ku panjat doa untuk marah lekas meredausirlah teman covid mu sungguh benci mari teman sedia;cepat membaik bumiku aku tau mungkin kau lelah kali ini menghadapi banyak tingkah manusia yg tak karuankali ini ku panjatkan doa untukmu agar marahmu lekas meredausirlah teman covid mu itu segera sungguh aku benci melihatnya disini mari kita berteman lagi seperti sedia kala;['cepat', 'membaik', 'bumiku', 'aku', 'tau', 'mungkin', 'kau', 'lelah', 'kali', 'ini', 'menghadapi', 'banyak', 'tingkah', 'manusia', 'yg', 'tak', 'karuankali', 'ini', 'ku', 'panjatkan', 'doa', 'untukmu', 'agar', 'marahmu', 'lekas', 'meredausirlah', 'teman', 'covid', 'mu', 'itu', 'segera', 'sungguh', 'aku', 'benci', 'melihatnya', 'disini', 'mari', 'kita', 'berteman', 'lagi', 'seperti', 'sedia', 'kala'];['cepat', 'membaik', 'bumiku', 'aku', 'tau', 'mungkin', 'kau', 'lelah', 'kali', 'ini', 'menghadapi', 'banyak', 'tingkah', 'manusia', 'yang', 'tak', 'karuankali', 'ini', 'ku', 'panjatkan', 'doa', 'untukmu', 'agar', 'marahmu', 'lekas', 'meredausirlah', 'teman', 'covid', 'mu', 'itu', 'segera', 'sungguh', 'aku', 'benci', 'melihatnya', 'disini', 'mari', 'kita', 'berteman', 'lagi', 'seperti', 'sedia', 'kala'];['cepat', 'membaik', 'bumiku', 'tau', 'kau', 'lelah', 'kali', 'menghadapi', 'tingkah', 'manusia', 'karuankali', 'ku', 'panjatkan', 'doa', 'untukmu', 'marahmu', 'lekas', 'meredausirlah', 'teman', 'covid', 'mu', 'sungguh', 'benci', 'mari', 'berteman', 'sedia'];cepat membaik bumiku tau kau lelah kali menghadapi tingkah manusia karuankali ku panjatkan doa untukmu marahmu lekas meredausirlah teman covid mu sungguh benci mari berteman sedia;cepat baik bumi tau kau lelah kali hadap tingkah manusia karuankali ku panjat doa untuk marah lekas meredausirlah teman covid mu sungguh benci mari teman sedia
436;Dari lubuk hati yang paling dalam saya juga berharap ini lancar, agar mata rantai covid 19 bisa putus, krisis segera berlalu, dan roda ekonomi kembali berputar.;1.0;lubuk hati harap lancar mata rantai covid putus krisis roda ekonomi putar;dari lubuk hati yang paling dalam saya juga berharap ini lancar agar mata rantai covid bisa putus krisis segera berlalu dan roda ekonomi kembali berputar;['dari', 'lubuk', 'hati', 'yang', 'paling', 'dalam', 'saya', 'juga', 'berharap', 'ini', 'lancar', 'agar', 'mata', 'rantai', 'covid', 'bisa', 'putus', 'krisis', 'segera', 'berlalu', 'dan', 'roda', 'ekonomi', 'kembali', 'berputar'];['dari', 'lubuk', 'hati', 'yang', 'paling', 'dalam', 'saya', 'juga', 'berharap', 'ini', 'lancar', 'agar', 'mata', 'rantai', 'covid', 'bisa', 'putus', 'krisis', 'segera', 'berlalu', 'dan', 'roda', 'ekonomi', 'kembali', 'berputar'];['lubuk', 'hati', 'berharap', 'lancar', 'mata', 'rantai', 'covid', 'putus', 'krisis', 'roda', 'ekonomi', 'berputar'];lubuk hati berharap lancar mata rantai covid putus krisis roda ekonomi berputar;lubuk hati harap lancar mata rantai covid putus krisis roda ekonomi putar
437;Pergub DKI Jakarta 33 2020 tentang Pelaksanaan PSBB dalam Penanganan Covid-19 di Provinsi DKI Jakarta;0.0;pergub dki jakarta laksana psbb tangan covid provinsi dki jakarta;pergub dki jakarta tentang pelaksanaan psbb dalam penanganan covid di provinsi dki jakarta;['pergub', 'dki', 'jakarta', 'tentang', 'pelaksanaan', 'psbb', 'dalam', 'penanganan', 'covid', 'di', 'provinsi', 'dki', 'jakarta'];['pergub', 'dki', 'jakarta', 'tentang', 'pelaksanaan', 'psbb', 'dalam', 'penanganan', 'covid', 'di', 'provinsi', 'dki', 'jakarta'];['pergub', 'dki', 'jakarta', 'pelaksanaan', 'psbb', 'penanganan', 'covid', 'provinsi', 'dki', 'jakarta'];pergub dki jakarta pelaksanaan psbb penanganan covid provinsi dki jakarta;pergub dki jakarta laksana psbb tangan covid provinsi dki jakarta
438;Amin.Bersama dengan peringatan Jumat Agung sore nanti, smoga darah-Nya yg tertumpah di kayu salib, memulihkan ibu bumi dari virus covid.;1.0;aminbersama ingat jumat agung sore moga darah tumpah kayu salib pulih bumi virus covid;aminbersama dengan peringatan jumat agung sore nanti smoga darahnya yg tertumpah di kayu salib memulihkan ibu bumi dari virus covid;['aminbersama', 'dengan', 'peringatan', 'jumat', 'agung', 'sore', 'nanti', 'smoga', 'darahnya', 'yg', 'tertumpah', 'di', 'kayu', 'salib', 'memulihkan', 'ibu', 'bumi', 'dari', 'virus', 'covid'];['aminbersama', 'dengan', 'peringatan', 'jumat', 'agung', 'sore', 'nanti', 'semoga', 'darahnya', 'yang', 'tertumpah', 'di', 'kayu', 'salib', 'memulihkan', 'ibu', 'bumi', 'dari', 'virus', 'covid'];['aminbersama', 'peringatan', 'jumat', 'agung', 'sore', 'semoga', 'darahnya', 'tertumpah', 'kayu', 'salib', 'memulihkan', 'bumi', 'virus', 'covid'];aminbersama peringatan jumat agung sore semoga darahnya tertumpah kayu salib memulihkan bumi virus covid;aminbersama ingat jumat agung sore moga darah tumpah kayu salib pulih bumi virus covid
439;tandai muka2nya klo die ato.keluarganya positif covid 19 para medis jgn mau ngobatin biar mampus aj lah;-1.0;tanda muka die atokeluarganya positif covid medis ngobatin biar rasa;tandai mukanya klo die atokeluarganya positif covid para medis jgn mau ngobatin biar mampus aj lah;['tandai', 'mukanya', 'klo', 'die', 'atokeluarganya', 'positif', 'covid', 'para', 'medis', 'jgn', 'mau', 'ngobatin', 'biar', 'mampus', 'aj', 'lah'];['tandai', 'mukanya', 'kalau', 'die', 'atokeluarganya', 'positif', 'covid', 'para', 'medis', 'jangan', 'mau', 'ngobatin', 'biar', 'rasakan', 'saja', 'lah'];['tandai', 'mukanya', 'die', 'atokeluarganya', 'positif', 'covid', 'medis', 'ngobatin', 'biar', 'rasakan'];tandai mukanya die atokeluarganya positif covid medis ngobatin biar rasakan;tanda muka die atokeluarganya positif covid medis ngobatin biar rasa
440;LIPI Latih 800 Relawan Perluas Pemeriksaan Spesimen Covid-19 -;1.0;lipi latih rawan luas periksa spesimen covid;lipi latih relawan perluas pemeriksaan spesimen covid;['lipi', 'latih', 'relawan', 'perluas', 'pemeriksaan', 'spesimen', 'covid'];['lipi', 'latih', 'relawan', 'perluas', 'pemeriksaan', 'spesimen', 'covid'];['lipi', 'latih', 'relawan', 'perluas', 'pemeriksaan', 'spesimen', 'covid'];lipi latih relawan perluas pemeriksaan spesimen covid;lipi latih rawan luas periksa spesimen covid
441;Lihat info apa yang saya bagikan: Daerah - Update Kondisi Terkini Penanganan Covid-19 di Aceh Tengah, Ini Kata Jubir | Media Radio berita online Terbaru hari ini dan terpercaya |;1.0;lihat info bagi daerah update kondisi kini tangan covid aceh jubir media radio berita online baru percaya;lihat info apa yang saya bagikan daerah update kondisi terkini penanganan covid di aceh tengah ini kata jubir media radio berita online terbaru hari ini dan terpercaya;['lihat', 'info', 'apa', 'yang', 'saya', 'bagikan', 'daerah', 'update', 'kondisi', 'terkini', 'penanganan', 'covid', 'di', 'aceh', 'tengah', 'ini', 'kata', 'jubir', 'media', 'radio', 'berita', 'online', 'terbaru', 'hari', 'ini', 'dan', 'terpercaya'];['lihat', 'info', 'apa', 'yang', 'saya', 'bagikan', 'daerah', 'update', 'kondisi', 'terkini', 'penanganan', 'covid', 'di', 'aceh', 'tengah', 'ini', 'kata', 'jubir', 'media', 'radio', 'berita', 'online', 'terbaru', 'hari', 'ini', 'dan', 'terpercaya'];['lihat', 'info', 'bagikan', 'daerah', 'update', 'kondisi', 'terkini', 'penanganan', 'covid', 'aceh', 'jubir', 'media', 'radio', 'berita', 'online', 'terbaru', 'terpercaya'];lihat info bagikan daerah update kondisi terkini penanganan covid aceh jubir media radio berita online terbaru terpercaya;lihat info bagi daerah update kondisi kini tangan covid aceh jubir media radio berita online baru percaya
442;siram pke air biar diam.fokus lawan covid 19;1.0;siram pakai air biar diamfokus lawan covid;siram pke air biar diamfokus lawan covid;['siram', 'pke', 'air', 'biar', 'diamfokus', 'lawan', 'covid'];['siram', 'pakai', 'air', 'biar', 'diamfokus', 'lawan', 'covid'];['siram', 'pakai', 'air', 'biar', 'diamfokus', 'lawan', 'covid'];siram pakai air biar diamfokus lawan covid;siram pakai air biar diamfokus lawan covid
443;Kalau bukan Ahlinya jangan komentar Soal Covid-19. Tik-tokan saja dari pada salah;0.0;ahli komentar covid tiktokan salah;kalau bukan ahlinya jangan komentar soal covid tiktokan saja dari pada salah;['kalau', 'bukan', 'ahlinya', 'jangan', 'komentar', 'soal', 'covid', 'tiktokan', 'saja', 'dari', 'pada', 'salah'];['kalau', 'bukan', 'ahlinya', 'jangan', 'komentar', 'soal', 'covid', 'tiktokan', 'saja', 'dari', 'pada', 'salah'];['ahlinya', 'komentar', 'covid', 'tiktokan', 'salah'];ahlinya komentar covid tiktokan salah;ahli komentar covid tiktokan salah
444;Halo temen-temen mungkin loker ini bisa bantu dan jadi salah satu alternatif juga buat temen temen selama issue Covid-19 ini melanda;1.0;halo tementemen loker bantu salah alternatif teman teman issue covid landa;halo tementemen mungkin loker ini bisa bantu dan jadi salah satu alternatif juga buat temen temen selama issue covid ini melanda;['halo', 'tementemen', 'mungkin', 'loker', 'ini', 'bisa', 'bantu', 'dan', 'jadi', 'salah', 'satu', 'alternatif', 'juga', 'buat', 'temen', 'temen', 'selama', 'issue', 'covid', 'ini', 'melanda'];['halo', 'tementemen', 'mungkin', 'loker', 'ini', 'bisa', 'bantu', 'dan', 'jadi', 'salah', 'satu', 'alternatif', 'juga', 'buat', 'teman', 'teman', 'selama', 'issue', 'covid', 'ini', 'melanda'];['halo', 'tementemen', 'loker', 'bantu', 'salah', 'alternatif', 'teman', 'teman', 'issue', 'covid', 'melanda'];halo tementemen loker bantu salah alternatif teman teman issue covid melanda;halo tementemen loker bantu salah alternatif teman teman issue covid landa
445;Rakyat anda yg meninggal akibat Covid-19 sudah nyaris 300 orang pak dhe.;-1.0;rakyat tinggal akibat covid orang dhe;rakyat anda yg meninggal akibat covid sudah nyaris orang pak dhe;['rakyat', 'anda', 'yg', 'meninggal', 'akibat', 'covid', 'sudah', 'nyaris', 'orang', 'pak', 'dhe'];['rakyat', 'anda', 'yang', 'meninggal', 'akibat', 'covid', 'sudah', 'nyaris', 'orang', 'pak', 'dhe'];['rakyat', 'meninggal', 'akibat', 'covid', 'orang', 'dhe'];rakyat meninggal akibat covid orang dhe;rakyat tinggal akibat covid orang dhe
446;Ini Tips Ilmuwan Cara Tingkatkan Kekebalan Tubuh, Mari Bersama Kita Lawan Covid-19;1.0;tips ilmuwan tingkat kebal tubuh mari lawan covid;ini tips ilmuwan cara tingkatkan kekebalan tubuh mari bersama kita lawan covid;['ini', 'tips', 'ilmuwan', 'cara', 'tingkatkan', 'kekebalan', 'tubuh', 'mari', 'bersama', 'kita', 'lawan', 'covid'];['ini', 'tips', 'ilmuwan', 'cara', 'tingkatkan', 'kekebalan', 'tubuh', 'mari', 'bersama', 'kita', 'lawan', 'covid'];['tips', 'ilmuwan', 'tingkatkan', 'kekebalan', 'tubuh', 'mari', 'lawan', 'covid'];tips ilmuwan tingkatkan kekebalan tubuh mari lawan covid;tips ilmuwan tingkat kebal tubuh mari lawan covid
447;Kita lihat 14 hari ke depan,jika satu orang saja ada yg kena covid maka semua orang yg ada di situ harus Jadi ODP,karantina,isolasi.;1.0;lihat depanjika orang kena covid orang situ odpkarantinaisolasi;kita lihat hari ke depanjika satu orang saja ada yg kena covid maka semua orang yg ada di situ harus jadi odpkarantinaisolasi;['kita', 'lihat', 'hari', 'ke', 'depanjika', 'satu', 'orang', 'saja', 'ada', 'yg', 'kena', 'covid', 'maka', 'semua', 'orang', 'yg', 'ada', 'di', 'situ', 'harus', 'jadi', 'odpkarantinaisolasi'];['kita', 'lihat', 'hari', 'ke', 'depanjika', 'satu', 'orang', 'saja', 'ada', 'yang', 'kena', 'covid', 'maka', 'semua', 'orang', 'yang', 'ada', 'di', 'situ', 'harus', 'jadi', 'odpkarantinaisolasi'];['lihat', 'depanjika', 'orang', 'kena', 'covid', 'orang', 'situ', 'odpkarantinaisolasi'];lihat depanjika orang kena covid orang situ odpkarantinaisolasi;lihat depanjika orang kena covid orang situ odpkarantinaisolasi
448;Sebagai penghormatan kepada leluhur Jepara, ritual setahun sekali ini tetap kita lakukan tentu dengan memperhatikan protokol kesehatan untuk pencegahan Covid-19 ini.;1.0;hormat leluhur jepara ritual tahun laku perhati protokol sehat cegah covid;sebagai penghormatan kepada leluhur jepara ritual setahun sekali ini tetap kita lakukan tentu dengan memperhatikan protokol kesehatan untuk pencegahan covid ini;['sebagai', 'penghormatan', 'kepada', 'leluhur', 'jepara', 'ritual', 'setahun', 'sekali', 'ini', 'tetap', 'kita', 'lakukan', 'tentu', 'dengan', 'memperhatikan', 'protokol', 'kesehatan', 'untuk', 'pencegahan', 'covid', 'ini'];['sebagai', 'penghormatan', 'kepada', 'leluhur', 'jepara', 'ritual', 'setahun', 'sekali', 'ini', 'tetap', 'kita', 'lakukan', 'tentu', 'dengan', 'memperhatikan', 'protokol', 'kesehatan', 'untuk', 'pencegahan', 'covid', 'ini'];['penghormatan', 'leluhur', 'jepara', 'ritual', 'setahun', 'lakukan', 'memperhatikan', 'protokol', 'kesehatan', 'pencegahan', 'covid'];penghormatan leluhur jepara ritual setahun lakukan memperhatikan protokol kesehatan pencegahan covid;hormat leluhur jepara ritual tahun laku perhati protokol sehat cegah covid
449;Beliau membuat rilis di YouTube pribadinya bahwa ia positif Covid 19. Salut untuk pilihan memberikan klarifikasi dengan begitu kuat dan berani. Ini menunjukan sebuah harapan, alih-alih putus asa dan terpuruk.;0.0;beliau rilis youtube pribadi positif covid bangga pilih klarifikasi kuat berani tunjuk harap alihalih putus asa puruk;beliau membuat rilis di youtube pribadinya bahwa ia positif covid salut untuk pilihan memberikan klarifikasi dengan begitu kuat dan berani ini menunjukan sebuah harapan alihalih putus asa dan terpuruk;['beliau', 'membuat', 'rilis', 'di', 'youtube', 'pribadinya', 'bahwa', 'ia', 'positif', 'covid', 'salut', 'untuk', 'pilihan', 'memberikan', 'klarifikasi', 'dengan', 'begitu', 'kuat', 'dan', 'berani', 'ini', 'menunjukan', 'sebuah', 'harapan', 'alihalih', 'putus', 'asa', 'dan', 'terpuruk'];['beliau', 'membuat', 'rilis', 'di', 'youtube', 'pribadinya', 'bahwa', 'ia', 'positif', 'covid', 'bangga', 'untuk', 'pilihan', 'memberikan', 'klarifikasi', 'dengan', 'begitu', 'kuat', 'dan', 'berani', 'ini', 'menunjukan', 'sebuah', 'harapan', 'alihalih', 'putus', 'asa', 'dan', 'terpuruk'];['beliau', 'rilis', 'youtube', 'pribadinya', 'positif', 'covid', 'bangga', 'pilihan', 'klarifikasi', 'kuat', 'berani', 'menunjukan', 'harapan', 'alihalih', 'putus', 'asa', 'terpuruk'];beliau rilis youtube pribadinya positif covid bangga pilihan klarifikasi kuat berani menunjukan harapan alihalih putus asa terpuruk;beliau rilis youtube pribadi positif covid bangga pilih klarifikasi kuat berani tunjuk harap alihalih putus asa puruk
450;sanes na laukdaun. ke we lamun tos beres covid-19 na wkwk;0.0;sanes na laukdaun we lamun tos selesai covid na wkwk;sanes na laukdaun ke we lamun tos beres covid na wkwk;['sanes', 'na', 'laukdaun', 'ke', 'we', 'lamun', 'tos', 'beres', 'covid', 'na', 'wkwk'];['sanes', 'na', 'laukdaun', 'ke', 'we', 'lamun', 'tos', 'selesai', 'covid', 'na', 'wkwk'];['sanes', 'na', 'laukdaun', 'we', 'lamun', 'tos', 'selesai', 'covid', 'na', 'wkwk'];sanes na laukdaun we lamun tos selesai covid na wkwk;sanes na laukdaun we lamun tos selesai covid na wkwk
451;"Tak lama lagi juru bicara umumkan, ""...dan nominasi penghargaan Covid-19 berasal dari satu cluster, disebar diterima dari Kober.... adalah .........""Penonton terdiam melihat panggung berderet peti mayat berbungkus plastik transparan.";-1.0;juru bicara umum nominasi harga covid asal cluster sebar terima kober tonton diam panggung deret peti mayat bungkus plastik transparan;tak lama lagi juru bicara umumkan dan nominasi penghargaan covid berasal dari satu cluster disebar diterima dari kober adalah penonton terdiam melihat panggung berderet peti mayat berbungkus plastik transparan;['tak', 'lama', 'lagi', 'juru', 'bicara', 'umumkan', 'dan', 'nominasi', 'penghargaan', 'covid', 'berasal', 'dari', 'satu', 'cluster', 'disebar', 'diterima', 'dari', 'kober', 'adalah', 'penonton', 'terdiam', 'melihat', 'panggung', 'berderet', 'peti', 'mayat', 'berbungkus', 'plastik', 'transparan'];['tak', 'lama', 'lagi', 'juru', 'bicara', 'umumkan', 'dan', 'nominasi', 'penghargaan', 'covid', 'berasal', 'dari', 'satu', 'cluster', 'disebar', 'diterima', 'dari', 'kober', 'adalah', 'penonton', 'terdiam', 'melihat', 'panggung', 'berderet', 'peti', 'mayat', 'berbungkus', 'plastik', 'transparan'];['juru', 'bicara', 'umumkan', 'nominasi', 'penghargaan', 'covid', 'berasal', 'cluster', 'disebar', 'diterima', 'kober', 'penonton', 'terdiam', 'panggung', 'berderet', 'peti', 'mayat', 'berbungkus', 'plastik', 'transparan'];juru bicara umumkan nominasi penghargaan covid berasal cluster disebar diterima kober penonton terdiam panggung berderet peti mayat berbungkus plastik transparan;juru bicara umum nominasi harga covid asal cluster sebar terima kober tonton diam panggung deret peti mayat bungkus plastik transparan
452;Klo ngikutin twitnya di elisa..dia pernah loh iseng ngitung selisih antara data pemprov sama gugus covid..hasilnya pemrov yg meninggal 144 gugus covid 114.. Ya Allah kebayang sebenarnya bagaimana..;0.0;ngikutin twitnya elisadia loh iseng ngitung selisih data pemprov gugus covidhasilnya pemrov tinggal gugus covid iya allah bayang;klo ngikutin twitnya di elisadia pernah loh iseng ngitung selisih antara data pemprov sama gugus covidhasilnya pemrov yg meninggal gugus covid ya allah kebayang sebenarnya bagaimana;['klo', 'ngikutin', 'twitnya', 'di', 'elisadia', 'pernah', 'loh', 'iseng', 'ngitung', 'selisih', 'antara', 'data', 'pemprov', 'sama', 'gugus', 'covidhasilnya', 'pemrov', 'yg', 'meninggal', 'gugus', 'covid', 'ya', 'allah', 'kebayang', 'sebenarnya', 'bagaimana'];['kalau', 'ngikutin', 'twitnya', 'di', 'elisadia', 'pernah', 'loh', 'iseng', 'ngitung', 'selisih', 'antara', 'data', 'pemprov', 'sama', 'gugus', 'covidhasilnya', 'pemrov', 'yang', 'meninggal', 'gugus', 'covid', 'iya', 'allah', 'kebayang', 'sebenarnya', 'bagaimana'];['ngikutin', 'twitnya', 'elisadia', 'loh', 'iseng', 'ngitung', 'selisih', 'data', 'pemprov', 'gugus', 'covidhasilnya', 'pemrov', 'meninggal', 'gugus', 'covid', 'iya', 'allah', 'kebayang'];ngikutin twitnya elisadia loh iseng ngitung selisih data pemprov gugus covidhasilnya pemrov meninggal gugus covid iya allah kebayang;ngikutin twitnya elisadia loh iseng ngitung selisih data pemprov gugus covidhasilnya pemrov tinggal gugus covid iya allah bayang
453;Kirain PSPB ternyata PSBB, udah mikir covid dilawan pake pelajaran sejarah aja;0.0;prasangka pspb psbb mikir covid lawan pakai ajar sejarah;kirain pspb ternyata psbb udah mikir covid dilawan pake pelajaran sejarah aja;['kirain', 'pspb', 'ternyata', 'psbb', 'udah', 'mikir', 'covid', 'dilawan', 'pake', 'pelajaran', 'sejarah', 'aja'];['prasangka', 'pspb', 'ternyata', 'psbb', 'sudah', 'mikir', 'covid', 'dilawan', 'pakai', 'pelajaran', 'sejarah', 'saja'];['prasangka', 'pspb', 'psbb', 'mikir', 'covid', 'dilawan', 'pakai', 'pelajaran', 'sejarah'];prasangka pspb psbb mikir covid dilawan pakai pelajaran sejarah;prasangka pspb psbb mikir covid lawan pakai ajar sejarah
454;Putus Penyebaran Covid-19. Polsek Jatikalen memberikan Himbuan kepada warga masyarakat untuk lindungi diri sendiri dan keluarga dengan berada di rumah sajaTidak Mudik, Tidak Piknik dan Tidak Panik;1.0;putus sebar covid polsek jatikalen himbuan warga masyarakat lindung keluarga rumah sajatidak mudik piknik panik;putus penyebaran covid polsek jatikalen memberikan himbuan kepada warga masyarakat untuk lindungi diri sendiri dan keluarga dengan berada di rumah sajatidak mudik tidak piknik dan tidak panik;['putus', 'penyebaran', 'covid', 'polsek', 'jatikalen', 'memberikan', 'himbuan', 'kepada', 'warga', 'masyarakat', 'untuk', 'lindungi', 'diri', 'sendiri', 'dan', 'keluarga', 'dengan', 'berada', 'di', 'rumah', 'sajatidak', 'mudik', 'tidak', 'piknik', 'dan', 'tidak', 'panik'];['putus', 'penyebaran', 'covid', 'polsek', 'jatikalen', 'memberikan', 'himbuan', 'kepada', 'warga', 'masyarakat', 'untuk', 'lindungi', 'diri', 'sendiri', 'dan', 'keluarga', 'dengan', 'berada', 'di', 'rumah', 'sajatidak', 'mudik', 'tidak', 'piknik', 'dan', 'tidak', 'panik'];['putus', 'penyebaran', 'covid', 'polsek', 'jatikalen', 'himbuan', 'warga', 'masyarakat', 'lindungi', 'keluarga', 'rumah', 'sajatidak', 'mudik', 'piknik', 'panik'];putus penyebaran covid polsek jatikalen himbuan warga masyarakat lindungi keluarga rumah sajatidak mudik piknik panik;putus sebar covid polsek jatikalen himbuan warga masyarakat lindung keluarga rumah sajatidak mudik piknik panik
455;"Yaa Allaah,Bimbinglah kami dengan CahayaMU menujuMU, dan jadikanlah kami Berdiri tegak dalam penghambaan sejati di hadapanMU.Yaa Robb,Lindungi &amp; selamatkanlah kami dari Akhlah tercela& tipu daya Nafsu yg hina &amp; tercela.Smg Covid-19 ini segera Engkau angkat dr negeri ini.";1.0;iya allaahbimbinglah cahaya tuju jadi diri tegak hamba sejati hadapanmuyaa robblindungi amp selamat akh cela tipu daya nafsu hina amp tercelasmg covid engkau angkat negeri;yaa allaahbimbinglah kami dengan cahayamu menujumu dan jadikanlah kami berdiri tegak dalam penghambaan sejati di hadapanmuyaa robblindungi amp selamatkanlah kami dari akhlah tercela tipu daya nafsu yg hina amp tercelasmg covid ini segera engkau angkat dr negeri ini;['yaa', 'allaahbimbinglah', 'kami', 'dengan', 'cahayamu', 'menujumu', 'dan', 'jadikanlah', 'kami', 'berdiri', 'tegak', 'dalam', 'penghambaan', 'sejati', 'di', 'hadapanmuyaa', 'robblindungi', 'amp', 'selamatkanlah', 'kami', 'dari', 'akhlah', 'tercela', 'tipu', 'daya', 'nafsu', 'yg', 'hina', 'amp', 'tercelasmg', 'covid', 'ini', 'segera', 'engkau', 'angkat', 'dr', 'negeri', 'ini'];['iya', 'allaahbimbinglah', 'kami', 'dengan', 'cahayamu', 'menujumu', 'dan', 'jadikanlah', 'kami', 'berdiri', 'tegak', 'dalam', 'penghambaan', 'sejati', 'di', 'hadapanmuyaa', 'robblindungi', 'amp', 'selamatkanlah', 'kami', 'dari', 'akhlah', 'tercela', 'tipu', 'daya', 'nafsu', 'yang', 'hina', 'amp', 'tercelasmg', 'covid', 'ini', 'segera', 'engkau', 'angkat', 'dari', 'negeri', 'ini'];['iya', 'allaahbimbinglah', 'cahayamu', 'menujumu', 'jadikanlah', 'berdiri', 'tegak', 'penghambaan', 'sejati', 'hadapanmuyaa', 'robblindungi', 'amp', 'selamatkanlah', 'akhlah', 'tercela', 'tipu', 'daya', 'nafsu', 'hina', 'amp', 'tercelasmg', 'covid', 'engkau', 'angkat', 'negeri'];iya allaahbimbinglah cahayamu menujumu jadikanlah berdiri tegak penghambaan sejati hadapanmuyaa robblindungi amp selamatkanlah akhlah tercela tipu daya nafsu hina amp tercelasmg covid engkau angkat negeri;iya allaahbimbinglah cahaya tuju jadi diri tegak hamba sejati hadapanmuyaa robblindungi amp selamat akh cela tipu daya nafsu hina amp tercelasmg covid engkau angkat negeri
456;Semoga virus covid 19 musnah dr negri ini amin;1.0;moga virus covid musnah negri moga;semoga virus covid musnah dr negri ini amin;['semoga', 'virus', 'covid', 'musnah', 'dr', 'negri', 'ini', 'amin'];['semoga', 'virus', 'covid', 'musnah', 'dari', 'negri', 'ini', 'semoga'];['semoga', 'virus', 'covid', 'musnah', 'negri', 'semoga'];semoga virus covid musnah negri semoga;moga virus covid musnah negri moga
457;Upaya pencegahan penyebaran virus Corona atau Covid-19 kembali dilakukan oleh Bandar Udara Internasional Sultan Aji Muhammad Sulaiman (SAMS) Sepinggan Balikpapan.Berita selengkapnya kunjungi;1.0;upaya cegah sebar virus corona covid bandar udara internasional sultan aji muhammad sulaiman sams pinggan balikpapanberita lengkap kunjung;upaya pencegahan penyebaran virus corona atau covid kembali dilakukan oleh bandar udara internasional sultan aji muhammad sulaiman sams sepinggan balikpapanberita selengkapnya kunjungi;['upaya', 'pencegahan', 'penyebaran', 'virus', 'corona', 'atau', 'covid', 'kembali', 'dilakukan', 'oleh', 'bandar', 'udara', 'internasional', 'sultan', 'aji', 'muhammad', 'sulaiman', 'sams', 'sepinggan', 'balikpapanberita', 'selengkapnya', 'kunjungi'];['upaya', 'pencegahan', 'penyebaran', 'virus', 'corona', 'atau', 'covid', 'kembali', 'dilakukan', 'oleh', 'bandar', 'udara', 'internasional', 'sultan', 'aji', 'muhammad', 'sulaiman', 'sams', 'sepinggan', 'balikpapanberita', 'selengkapnya', 'kunjungi'];['upaya', 'pencegahan', 'penyebaran', 'virus', 'corona', 'covid', 'bandar', 'udara', 'internasional', 'sultan', 'aji', 'muhammad', 'sulaiman', 'sams', 'sepinggan', 'balikpapanberita', 'selengkapnya', 'kunjungi'];upaya pencegahan penyebaran virus corona covid bandar udara internasional sultan aji muhammad sulaiman sams sepinggan balikpapanberita selengkapnya kunjungi;upaya cegah sebar virus corona covid bandar udara internasional sultan aji muhammad sulaiman sams pinggan balikpapanberita lengkap kunjung
458;Jumat Agung , selmat Ibadah di rumah masing2 tanpa mengurangi maknanya,semoga wabah covid-19 cepat selesai. amin;1.0;jumat agung selmat ibadah rumah kurang maknanyasemoga wabah covid cepat selesai moga;jumat agung selmat ibadah di rumah masing tanpa mengurangi maknanyasemoga wabah covid cepat selesai amin;['jumat', 'agung', 'selmat', 'ibadah', 'di', 'rumah', 'masing', 'tanpa', 'mengurangi', 'maknanyasemoga', 'wabah', 'covid', 'cepat', 'selesai', 'amin'];['jumat', 'agung', 'selmat', 'ibadah', 'di', 'rumah', 'masing', 'tanpa', 'mengurangi', 'maknanyasemoga', 'wabah', 'covid', 'cepat', 'selesai', 'semoga'];['jumat', 'agung', 'selmat', 'ibadah', 'rumah', 'mengurangi', 'maknanyasemoga', 'wabah', 'covid', 'cepat', 'selesai', 'semoga'];jumat agung selmat ibadah rumah mengurangi maknanyasemoga wabah covid cepat selesai semoga;jumat agung selmat ibadah rumah kurang maknanyasemoga wabah covid cepat selesai moga
459;Cegah covid-19 beserta jajaran Polsek Kuranji melakukan aksi peduli berupa pembagian masker gratis bagi pengguna jalan kegiatan ini dilakukan di depan Polsek Kuranji.Kamis (9/4) Febriputraguci;1.0;cegah covid serta jajar polsek ranji aksi peduli bagi masker gratis guna jalan giat polsek kuranjikamis febriputraguci;cegah covid beserta jajaran polsek kuranji melakukan aksi peduli berupa pembagian masker gratis bagi pengguna jalan kegiatan ini dilakukan di depan polsek kuranjikamis febriputraguci;['cegah', 'covid', 'beserta', 'jajaran', 'polsek', 'kuranji', 'melakukan', 'aksi', 'peduli', 'berupa', 'pembagian', 'masker', 'gratis', 'bagi', 'pengguna', 'jalan', 'kegiatan', 'ini', 'dilakukan', 'di', 'depan', 'polsek', 'kuranjikamis', 'febriputraguci'];['cegah', 'covid', 'beserta', 'jajaran', 'polsek', 'kuranji', 'melakukan', 'aksi', 'peduli', 'berupa', 'pembagian', 'masker', 'gratis', 'bagi', 'pengguna', 'jalan', 'kegiatan', 'ini', 'dilakukan', 'di', 'depan', 'polsek', 'kuranjikamis', 'febriputraguci'];['cegah', 'covid', 'beserta', 'jajaran', 'polsek', 'kuranji', 'aksi', 'peduli', 'pembagian', 'masker', 'gratis', 'pengguna', 'jalan', 'kegiatan', 'polsek', 'kuranjikamis', 'febriputraguci'];cegah covid beserta jajaran polsek kuranji aksi peduli pembagian masker gratis pengguna jalan kegiatan polsek kuranjikamis febriputraguci;cegah covid serta jajar polsek ranji aksi peduli bagi masker gratis guna jalan giat polsek kuranjikamis febriputraguci
460;pagi... kenapa ya di daerah sy (cipinang besar selatan) rt 7 rw 6 nya tdk prnh aware dgn warganya. Setiap ada bantuan tidak pernah transparansi & kejadian covid ini jg tidak ada tindakan semprot disinfektan, dbd jg banyak tp tidak ada fogging. Tp uang kas ttp jalan;0.0;pagi iya daerah cipinang selatan rw nya prnh aware warga bantu transparansi jadi covid jg tindak semprot disinfektan dbd jg fogging uang kas jalan;pagi kenapa ya di daerah sy cipinang besar selatan rw nya tdk prnh aware dgn warganya setiap ada bantuan tidak pernah transparansi kejadian covid ini jg tidak ada tindakan semprot disinfektan dbd jg banyak tp tidak ada fogging tp uang kas ttp jalan;['pagi', 'kenapa', 'ya', 'di', 'daerah', 'sy', 'cipinang', 'besar', 'selatan', 'rw', 'nya', 'tdk', 'prnh', 'aware', 'dgn', 'warganya', 'setiap', 'ada', 'bantuan', 'tidak', 'pernah', 'transparansi', 'kejadian', 'covid', 'ini', 'jg', 'tidak', 'ada', 'tindakan', 'semprot', 'disinfektan', 'dbd', 'jg', 'banyak', 'tp', 'tidak', 'ada', 'fogging', 'tp', 'uang', 'kas', 'ttp', 'jalan'];['pagi', 'kenapa', 'iya', 'di', 'daerah', 'saya', 'cipinang', 'besar', 'selatan', 'rw', 'nya', 'tidak', 'prnh', 'aware', 'dengan', 'warganya', 'setiap', 'ada', 'bantuan', 'tidak', 'pernah', 'transparansi', 'kejadian', 'covid', 'ini', 'jg', 'tidak', 'ada', 'tindakan', 'semprot', 'disinfektan', 'dbd', 'jg', 'banyak', 'tapi', 'tidak', 'ada', 'fogging', 'tapi', 'uang', 'kas', 'tetap', 'jalan'];['pagi', 'iya', 'daerah', 'cipinang', 'selatan', 'rw', 'nya', 'prnh', 'aware', 'warganya', 'bantuan', 'transparansi', 'kejadian', 'covid', 'jg', 'tindakan', 'semprot', 'disinfektan', 'dbd', 'jg', 'fogging', 'uang', 'kas', 'jalan'];pagi iya daerah cipinang selatan rw nya prnh aware warganya bantuan transparansi kejadian covid jg tindakan semprot disinfektan dbd jg fogging uang kas jalan;pagi iya daerah cipinang selatan rw nya prnh aware warga bantu transparansi jadi covid jg tindak semprot disinfektan dbd jg fogging uang kas jalan
461;Kementerian Agama Provinsi Papua Barat, Azis Hegemur mengatakan, Umat Islam diProvinsi Papua Barat diimbau agar tidak menolak pemakaman jenazah pasien positifterjangkit Covid-19. OPM;1.0;menteri agama provinsi papua barat azis hegemur umat islam provinsi papua barat imbau tolak makam jenazah pasien positifterjangkit covid opm;kementerian agama provinsi papua barat azis hegemur mengatakan umat islam diprovinsi papua barat diimbau agar tidak menolak pemakaman jenazah pasien positifterjangkit covid opm;['kementerian', 'agama', 'provinsi', 'papua', 'barat', 'azis', 'hegemur', 'mengatakan', 'umat', 'islam', 'diprovinsi', 'papua', 'barat', 'diimbau', 'agar', 'tidak', 'menolak', 'pemakaman', 'jenazah', 'pasien', 'positifterjangkit', 'covid', 'opm'];['kementerian', 'agama', 'provinsi', 'papua', 'barat', 'azis', 'hegemur', 'mengatakan', 'umat', 'islam', 'diprovinsi', 'papua', 'barat', 'diimbau', 'agar', 'tidak', 'menolak', 'pemakaman', 'jenazah', 'pasien', 'positifterjangkit', 'covid', 'opm'];['kementerian', 'agama', 'provinsi', 'papua', 'barat', 'azis', 'hegemur', 'umat', 'islam', 'diprovinsi', 'papua', 'barat', 'diimbau', 'menolak', 'pemakaman', 'jenazah', 'pasien', 'positifterjangkit', 'covid', 'opm'];kementerian agama provinsi papua barat azis hegemur umat islam diprovinsi papua barat diimbau menolak pemakaman jenazah pasien positifterjangkit covid opm;menteri agama provinsi papua barat azis hegemur umat islam provinsi papua barat imbau tolak makam jenazah pasien positifterjangkit covid opm
462;Hei guys, gw mau ngajak kalian untuk agar pandemik covid-19 ini lekas hilang. AamiinGimana??Kurangin dah tuh nongki2, halan2, atau segala aktivitas diluar ruangan. Yuk belajar utbk aja, tau sendirikan pesaing lo tuh buanyak banget. Yok ;1.0;hei guys ngajak pandemik covid lekas hilang aamiingimanakurangin nongki hal aktivitas luar ruang ayo ajar utbk tau sendiri saing lo buanyak banget yok;hei guys gw mau ngajak kalian untuk agar pandemik covid ini lekas hilang aamiingimanakurangin dah tuh nongki halan atau segala aktivitas diluar ruangan yuk belajar utbk aja tau sendirikan pesaing lo tuh buanyak banget yok;['hei', 'guys', 'gw', 'mau', 'ngajak', 'kalian', 'untuk', 'agar', 'pandemik', 'covid', 'ini', 'lekas', 'hilang', 'aamiingimanakurangin', 'dah', 'tuh', 'nongki', 'halan', 'atau', 'segala', 'aktivitas', 'diluar', 'ruangan', 'yuk', 'belajar', 'utbk', 'aja', 'tau', 'sendirikan', 'pesaing', 'lo', 'tuh', 'buanyak', 'banget', 'yok'];['hei', 'guys', 'saya', 'mau', 'ngajak', 'kalian', 'untuk', 'agar', 'pandemik', 'covid', 'ini', 'lekas', 'hilang', 'aamiingimanakurangin', 'sudah', 'itu', 'nongki', 'halan', 'atau', 'segala', 'aktivitas', 'diluar', 'ruangan', 'ayo', 'belajar', 'utbk', 'saja', 'tau', 'sendirikan', 'pesaing', 'lo', 'itu', 'buanyak', 'banget', 'yok'];['hei', 'guys', 'ngajak', 'pandemik', 'covid', 'lekas', 'hilang', 'aamiingimanakurangin', 'nongki', 'halan', 'aktivitas', 'diluar', 'ruangan', 'ayo', 'belajar', 'utbk', 'tau', 'sendirikan', 'pesaing', 'lo', 'buanyak', 'banget', 'yok'];hei guys ngajak pandemik covid lekas hilang aamiingimanakurangin nongki halan aktivitas diluar ruangan ayo belajar utbk tau sendirikan pesaing lo buanyak banget yok;hei guys ngajak pandemik covid lekas hilang aamiingimanakurangin nongki hal aktivitas luar ruang ayo ajar utbk tau sendiri saing lo buanyak banget yok
463;JANGAN ADA DUSTA DIANTARA KITA: Kisah Pilu Dokter Menangani Pasien Yang Ternyata Positif Covid-19  ;1.0;dusta kisah pilu dokter tangan pasien positif covid;jangan ada dusta diantara kita kisah pilu dokter menangani pasien yang ternyata positif covid;['jangan', 'ada', 'dusta', 'diantara', 'kita', 'kisah', 'pilu', 'dokter', 'menangani', 'pasien', 'yang', 'ternyata', 'positif', 'covid'];['jangan', 'ada', 'dusta', 'diantara', 'kita', 'kisah', 'pilu', 'dokter', 'menangani', 'pasien', 'yang', 'ternyata', 'positif', 'covid'];['dusta', 'kisah', 'pilu', 'dokter', 'menangani', 'pasien', 'positif', 'covid'];dusta kisah pilu dokter menangani pasien positif covid;dusta kisah pilu dokter tangan pasien positif covid
464;Saya kuatir test Covid-19 belum menyeluruhTau2 nanti ada korban tergeletak mati suspek coronaNgeri;-1.0;khawatir test covid menyeluruhtau korban geletak mati suspek coronangeri;saya kuatir test covid belum menyeluruhtau nanti ada korban tergeletak mati suspek coronangeri;['saya', 'kuatir', 'test', 'covid', 'belum', 'menyeluruhtau', 'nanti', 'ada', 'korban', 'tergeletak', 'mati', 'suspek', 'coronangeri'];['saya', 'khawatir', 'test', 'covid', 'belum', 'menyeluruhtau', 'nanti', 'ada', 'korban', 'tergeletak', 'mati', 'suspek', 'coronangeri'];['khawatir', 'test', 'covid', 'menyeluruhtau', 'korban', 'tergeletak', 'mati', 'suspek', 'coronangeri'];khawatir test covid menyeluruhtau korban tergeletak mati suspek coronangeri;khawatir test covid menyeluruhtau korban geletak mati suspek coronangeri
465;Ada yang kek gue saking fokus sama berita soal covid hari ini siap siap kerja padahalan tanggal merah;0.0;kayak saking fokus berita covid kerja padahal tanggal merah;ada yang kek gue saking fokus sama berita soal covid hari ini siap siap kerja padahalan tanggal merah;['ada', 'yang', 'kek', 'gue', 'saking', 'fokus', 'sama', 'berita', 'soal', 'covid', 'hari', 'ini', 'siap', 'siap', 'kerja', 'padahalan', 'tanggal', 'merah'];['ada', 'yang', 'kayak', 'saya', 'saking', 'fokus', 'sama', 'berita', 'soal', 'covid', 'hari', 'ini', 'siap', 'siap', 'kerja', 'padahalan', 'tanggal', 'merah'];['kayak', 'saking', 'fokus', 'berita', 'covid', 'kerja', 'padahalan', 'tanggal', 'merah'];kayak saking fokus berita covid kerja padahalan tanggal merah;kayak saking fokus berita covid kerja padahal tanggal merah
466;Berat Mbah, terlalu banyak kemungkinan: Sedang haid gak ndang mampet Jualan online gak payu-payu Lagi horny sing lanang mumet covid Sudah masak enak dapat berkatan yg lebih enak Sariawan Loro untu Keputihan Murus ilate kecakot Bengese anyar Masker kerlisut Dst...;0.0;berat mbah haid ndang mampet jual online payupayu horny sing lanang pusing covid masak enak berkat enak sariawan loro untu putih murus ilate kecakot bengese anyar masker kerlisut dst;berat mbah terlalu banyak kemungkinan sedang haid gak ndang mampet jualan online gak payupayu lagi horny sing lanang mumet covid sudah masak enak dapat berkatan yg lebih enak sariawan loro untu keputihan murus ilate kecakot bengese anyar masker kerlisut dst;['berat', 'mbah', 'terlalu', 'banyak', 'kemungkinan', 'sedang', 'haid', 'gak', 'ndang', 'mampet', 'jualan', 'online', 'gak', 'payupayu', 'lagi', 'horny', 'sing', 'lanang', 'mumet', 'covid', 'sudah', 'masak', 'enak', 'dapat', 'berkatan', 'yg', 'lebih', 'enak', 'sariawan', 'loro', 'untu', 'keputihan', 'murus', 'ilate', 'kecakot', 'bengese', 'anyar', 'masker', 'kerlisut', 'dst'];['berat', 'mbah', 'terlalu', 'banyak', 'kemungkinan', 'sedang', 'haid', 'tidak', 'ndang', 'mampet', 'jualan', 'online', 'tidak', 'payupayu', 'lagi', 'horny', 'sing', 'lanang', 'pusing', 'covid', 'sudah', 'masak', 'enak', 'dapat', 'berkatan', 'yang', 'lebih', 'enak', 'sariawan', 'loro', 'untu', 'keputihan', 'murus', 'ilate', 'kecakot', 'bengese', 'anyar', 'masker', 'kerlisut', 'dst'];['berat', 'mbah', 'haid', 'ndang', 'mampet', 'jualan', 'online', 'payupayu', 'horny', 'sing', 'lanang', 'pusing', 'covid', 'masak', 'enak', 'berkatan', 'enak', 'sariawan', 'loro', 'untu', 'keputihan', 'murus', 'ilate', 'kecakot', 'bengese', 'anyar', 'masker', 'kerlisut', 'dst'];berat mbah haid ndang mampet jualan online payupayu horny sing lanang pusing covid masak enak berkatan enak sariawan loro untu keputihan murus ilate kecakot bengese anyar masker kerlisut dst;berat mbah haid ndang mampet jual online payupayu horny sing lanang pusing covid masak enak berkat enak sariawan loro untu putih murus ilate kecakot bengese anyar masker kerlisut dst
467;Amalkan langkah-langkah pencegahan penularan COVID-19 sebagai amalan dalam kehidupan seharian kita.SHARING IS;0.0;amal langkahlangkah cegah tular covid amal hidup hari kitasharing is;amalkan langkahlangkah pencegahan penularan covid sebagai amalan dalam kehidupan seharian kitasharing is;['amalkan', 'langkahlangkah', 'pencegahan', 'penularan', 'covid', 'sebagai', 'amalan', 'dalam', 'kehidupan', 'seharian', 'kitasharing', 'is'];['amalkan', 'langkahlangkah', 'pencegahan', 'penularan', 'covid', 'sebagai', 'amalan', 'dalam', 'kehidupan', 'seharian', 'kitasharing', 'is'];['amalkan', 'langkahlangkah', 'pencegahan', 'penularan', 'covid', 'amalan', 'kehidupan', 'seharian', 'kitasharing', 'is'];amalkan langkahlangkah pencegahan penularan covid amalan kehidupan seharian kitasharing is;amal langkahlangkah cegah tular covid amal hidup hari kitasharing is
468;Bumi..Maafkan Kami..Yang Tak Pernah Sadar.. Bahwa Kau Juga Butuh Istirahat.;1.0;bumimaafkan kamiyang sadar kau butuh istirahat;bumimaafkan kamiyang tak pernah sadar bahwa kau juga butuh istirahat;['bumimaafkan', 'kamiyang', 'tak', 'pernah', 'sadar', 'bahwa', 'kau', 'juga', 'butuh', 'istirahat'];['bumimaafkan', 'kamiyang', 'tak', 'pernah', 'sadar', 'bahwa', 'kau', 'juga', 'butuh', 'istirahat'];['bumimaafkan', 'kamiyang', 'sadar', 'kau', 'butuh', 'istirahat'];bumimaafkan kamiyang sadar kau butuh istirahat;bumimaafkan kamiyang sadar kau butuh istirahat
469;Anggota Polsek Koba Himbau para pemuda Tidak Kumpul-kumpul dan segera pulang kerumahnya masing-masing untuk mencegah penyebaran COVID-19..  ;1.0;anggota polsek koba himbau pemuda kumpulkumpul pulang rumah masingmasing cegah sebar covid;anggota polsek koba himbau para pemuda tidak kumpulkumpul dan segera pulang kerumahnya masingmasing untuk mencegah penyebaran covid;['anggota', 'polsek', 'koba', 'himbau', 'para', 'pemuda', 'tidak', 'kumpulkumpul', 'dan', 'segera', 'pulang', 'kerumahnya', 'masingmasing', 'untuk', 'mencegah', 'penyebaran', 'covid'];['anggota', 'polsek', 'koba', 'himbau', 'para', 'pemuda', 'tidak', 'kumpulkumpul', 'dan', 'segera', 'pulang', 'kerumahnya', 'masingmasing', 'untuk', 'mencegah', 'penyebaran', 'covid'];['anggota', 'polsek', 'koba', 'himbau', 'pemuda', 'kumpulkumpul', 'pulang', 'kerumahnya', 'masingmasing', 'mencegah', 'penyebaran', 'covid'];anggota polsek koba himbau pemuda kumpulkumpul pulang kerumahnya masingmasing mencegah penyebaran covid;anggota polsek koba himbau pemuda kumpulkumpul pulang rumah masingmasing cegah sebar covid
470;Kopi pagi ini cukup nikmat.Kabar baiknya pemerintah Aceh menyalurkan bantuan pokok utk Masyarakat terdampak Covid-19 dgn kriteria bukan penerima PKH & BPNT. Alhamdulillah ;1.0;kopi pagi nikmatkabar baik perintah aceh salur bantu pokok masyarakat dampak covid kriteria terima pkh bpnt syukur;kopi pagi ini cukup nikmatkabar baiknya pemerintah aceh menyalurkan bantuan pokok utk masyarakat terdampak covid dgn kriteria bukan penerima pkh bpnt alhamdulillah;['kopi', 'pagi', 'ini', 'cukup', 'nikmatkabar', 'baiknya', 'pemerintah', 'aceh', 'menyalurkan', 'bantuan', 'pokok', 'utk', 'masyarakat', 'terdampak', 'covid', 'dgn', 'kriteria', 'bukan', 'penerima', 'pkh', 'bpnt', 'alhamdulillah'];['kopi', 'pagi', 'ini', 'cukup', 'nikmatkabar', 'baiknya', 'pemerintah', 'aceh', 'menyalurkan', 'bantuan', 'pokok', 'untuk', 'masyarakat', 'terdampak', 'covid', 'dengan', 'kriteria', 'bukan', 'penerima', 'pkh', 'bpnt', 'syukur'];['kopi', 'pagi', 'nikmatkabar', 'baiknya', 'pemerintah', 'aceh', 'menyalurkan', 'bantuan', 'pokok', 'masyarakat', 'terdampak', 'covid', 'kriteria', 'penerima', 'pkh', 'bpnt', 'syukur'];kopi pagi nikmatkabar baiknya pemerintah aceh menyalurkan bantuan pokok masyarakat terdampak covid kriteria penerima pkh bpnt syukur;kopi pagi nikmatkabar baik perintah aceh salur bantu pokok masyarakat dampak covid kriteria terima pkh bpnt syukur
471;Sugeng ambal Warso... Yg buat ak n kita bahgia saat ini adalah covid segera teratasi dan semua bisa melakukan kegiatan seperti biasa...;1.0;sugeng ambal warso bahgia covid atas giat;sugeng ambal warso yg buat ak n kita bahgia saat ini adalah covid segera teratasi dan semua bisa melakukan kegiatan seperti biasa;['sugeng', 'ambal', 'warso', 'yg', 'buat', 'ak', 'n', 'kita', 'bahgia', 'saat', 'ini', 'adalah', 'covid', 'segera', 'teratasi', 'dan', 'semua', 'bisa', 'melakukan', 'kegiatan', 'seperti', 'biasa'];['sugeng', 'ambal', 'warso', 'yang', 'buat', 'aku', 'dan', 'kita', 'bahgia', 'saat', 'ini', 'adalah', 'covid', 'segera', 'teratasi', 'dan', 'semua', 'bisa', 'melakukan', 'kegiatan', 'seperti', 'biasa'];['sugeng', 'ambal', 'warso', 'bahgia', 'covid', 'teratasi', 'kegiatan'];sugeng ambal warso bahgia covid teratasi kegiatan;sugeng ambal warso bahgia covid atas giat
472;4. Langkah yg dapat di ambil pemerintah dalam mengatasi dampak Covid-19 terhadap Kerjasama InternasionalJawab :1. Pengumpulan data kesakitan dan kematian penduduk.2. Pemeriksaan klinis, fisik, laboratorium dan penegakan diagnosis;1.0;langkah ambil perintah atas dampak covid kerjasama internasionaljawab kumpul data sakit mati duduk periksa klinis fisik laboratorium tega diagnosis;langkah yg dapat di ambil pemerintah dalam mengatasi dampak covid terhadap kerjasama internasionaljawab pengumpulan data kesakitan dan kematian penduduk pemeriksaan klinis fisik laboratorium dan penegakan diagnosis;['langkah', 'yg', 'dapat', 'di', 'ambil', 'pemerintah', 'dalam', 'mengatasi', 'dampak', 'covid', 'terhadap', 'kerjasama', 'internasionaljawab', 'pengumpulan', 'data', 'kesakitan', 'dan', 'kematian', 'penduduk', 'pemeriksaan', 'klinis', 'fisik', 'laboratorium', 'dan', 'penegakan', 'diagnosis'];['langkah', 'yang', 'dapat', 'di', 'ambil', 'pemerintah', 'dalam', 'mengatasi', 'dampak', 'covid', 'terhadap', 'kerjasama', 'internasionaljawab', 'pengumpulan', 'data', 'kesakitan', 'dan', 'kematian', 'penduduk', 'pemeriksaan', 'klinis', 'fisik', 'laboratorium', 'dan', 'penegakan', 'diagnosis'];['langkah', 'ambil', 'pemerintah', 'mengatasi', 'dampak', 'covid', 'kerjasama', 'internasionaljawab', 'pengumpulan', 'data', 'kesakitan', 'kematian', 'penduduk', 'pemeriksaan', 'klinis', 'fisik', 'laboratorium', 'penegakan', 'diagnosis'];langkah ambil pemerintah mengatasi dampak covid kerjasama internasionaljawab pengumpulan data kesakitan kematian penduduk pemeriksaan klinis fisik laboratorium penegakan diagnosis;langkah ambil perintah atas dampak covid kerjasama internasionaljawab kumpul data sakit mati duduk periksa klinis fisik laboratorium tega diagnosis
473;Ini Tips Ilmuwan Cara Tingkatkan Kekebalan Tubuh, Mari Bersama Kita Lawan Covid-19 Sistem ketahanan tubuh adalah mekanisme yang efektif untuk menjaga tubuh dari serangan penyakit. - via;1.0;tips ilmuwan tingkat kebal tubuh mari lawan covid sistem tahan tubuh mekanisme efektif jaga tubuh serang sakit via;ini tips ilmuwan cara tingkatkan kekebalan tubuh mari bersama kita lawan covid sistem ketahanan tubuh adalah mekanisme yang efektif untuk menjaga tubuh dari serangan penyakit via;['ini', 'tips', 'ilmuwan', 'cara', 'tingkatkan', 'kekebalan', 'tubuh', 'mari', 'bersama', 'kita', 'lawan', 'covid', 'sistem', 'ketahanan', 'tubuh', 'adalah', 'mekanisme', 'yang', 'efektif', 'untuk', 'menjaga', 'tubuh', 'dari', 'serangan', 'penyakit', 'via'];['ini', 'tips', 'ilmuwan', 'cara', 'tingkatkan', 'kekebalan', 'tubuh', 'mari', 'bersama', 'kita', 'lawan', 'covid', 'sistem', 'ketahanan', 'tubuh', 'adalah', 'mekanisme', 'yang', 'efektif', 'untuk', 'menjaga', 'tubuh', 'dari', 'serangan', 'penyakit', 'via'];['tips', 'ilmuwan', 'tingkatkan', 'kekebalan', 'tubuh', 'mari', 'lawan', 'covid', 'sistem', 'ketahanan', 'tubuh', 'mekanisme', 'efektif', 'menjaga', 'tubuh', 'serangan', 'penyakit', 'via'];tips ilmuwan tingkatkan kekebalan tubuh mari lawan covid sistem ketahanan tubuh mekanisme efektif menjaga tubuh serangan penyakit via;tips ilmuwan tingkat kebal tubuh mari lawan covid sistem tahan tubuh mekanisme efektif jaga tubuh serang sakit via
474;Semoga diberikan kesehatan jasmani n rohani, ya dok. Dan semoga kita semua selalu dalam Lindungan ALLAH SWT agar terhindar dari fitnah dajjal. AamiinMulut senantiasa selalu berdzikir, insyaALLAH bs mjdi tameng virus covid-19 selain ikhtiar.;1.0;moga sehat jasmani rohani iya dok moga lindung allah swt hindar fitnah dajjal aamiinmulut senantiasa berdzikir insyaallah mjdi tameng virus covid ikhtiar;semoga diberikan kesehatan jasmani n rohani ya dok dan semoga kita semua selalu dalam lindungan allah swt agar terhindar dari fitnah dajjal aamiinmulut senantiasa selalu berdzikir insyaallah bs mjdi tameng virus covid selain ikhtiar;['semoga', 'diberikan', 'kesehatan', 'jasmani', 'n', 'rohani', 'ya', 'dok', 'dan', 'semoga', 'kita', 'semua', 'selalu', 'dalam', 'lindungan', 'allah', 'swt', 'agar', 'terhindar', 'dari', 'fitnah', 'dajjal', 'aamiinmulut', 'senantiasa', 'selalu', 'berdzikir', 'insyaallah', 'bs', 'mjdi', 'tameng', 'virus', 'covid', 'selain', 'ikhtiar'];['semoga', 'diberikan', 'kesehatan', 'jasmani', 'dan', 'rohani', 'iya', 'dok', 'dan', 'semoga', 'kita', 'semua', 'selalu', 'dalam', 'lindungan', 'allah', 'swt', 'agar', 'terhindar', 'dari', 'fitnah', 'dajjal', 'aamiinmulut', 'senantiasa', 'selalu', 'berdzikir', 'insyaallah', 'bisa', 'mjdi', 'tameng', 'virus', 'covid', 'selain', 'ikhtiar'];['semoga', 'kesehatan', 'jasmani', 'rohani', 'iya', 'dok', 'semoga', 'lindungan', 'allah', 'swt', 'terhindar', 'fitnah', 'dajjal', 'aamiinmulut', 'senantiasa', 'berdzikir', 'insyaallah', 'mjdi', 'tameng', 'virus', 'covid', 'ikhtiar'];semoga kesehatan jasmani rohani iya dok semoga lindungan allah swt terhindar fitnah dajjal aamiinmulut senantiasa berdzikir insyaallah mjdi tameng virus covid ikhtiar;moga sehat jasmani rohani iya dok moga lindung allah swt hindar fitnah dajjal aamiinmulut senantiasa berdzikir insyaallah mjdi tameng virus covid ikhtiar
475;Semoga segera diberi kesembuhan  jgn coba2 lg menulis corona tentara Allah. Virus tdk mengenal sara. Marilah berdoa spy wabah ini segera berakhir. Amiiin ;1.0;moga sembuh coba lg tulis corona tentara allah virus kenal sara mari doa spy wabah amiiin;semoga segera diberi kesembuhan jgn coba lg menulis corona tentara allah virus tdk mengenal sara marilah berdoa spy wabah ini segera berakhir amiiin;['semoga', 'segera', 'diberi', 'kesembuhan', 'jgn', 'coba', 'lg', 'menulis', 'corona', 'tentara', 'allah', 'virus', 'tdk', 'mengenal', 'sara', 'marilah', 'berdoa', 'spy', 'wabah', 'ini', 'segera', 'berakhir', 'amiiin'];['semoga', 'segera', 'diberi', 'kesembuhan', 'jangan', 'coba', 'lg', 'menulis', 'corona', 'tentara', 'allah', 'virus', 'tidak', 'mengenal', 'sara', 'marilah', 'berdoa', 'spy', 'wabah', 'ini', 'segera', 'berakhir', 'amiiin'];['semoga', 'kesembuhan', 'coba', 'lg', 'menulis', 'corona', 'tentara', 'allah', 'virus', 'mengenal', 'sara', 'marilah', 'berdoa', 'spy', 'wabah', 'amiiin'];semoga kesembuhan coba lg menulis corona tentara allah virus mengenal sara marilah berdoa spy wabah amiiin;moga sembuh coba lg tulis corona tentara allah virus kenal sara mari doa spy wabah amiiin
476;Disebabkan pandemik COVID-19, penjarakan sosial perlu menjadi norma baharu sekurang2nya untuk satu tempoh waktu tertentu.Untuk tahun ini, sekurang2nya perlu ada kawalan, pemantauan atau mungkin batalkan perhimpunan sama ada perhimpunan Ramadan, Aidilfitri atau Haji;-1.0;sebab pandemik covid penjara sosial norma baharu tempoh tertentuuntuk kawal pantau batal himpun himpun ramadan aidilfitri haji;disebabkan pandemik covid penjarakan sosial perlu menjadi norma baharu sekurangnya untuk satu tempoh waktu tertentuuntuk tahun ini sekurangnya perlu ada kawalan pemantauan atau mungkin batalkan perhimpunan sama ada perhimpunan ramadan aidilfitri atau haji;['disebabkan', 'pandemik', 'covid', 'penjarakan', 'sosial', 'perlu', 'menjadi', 'norma', 'baharu', 'sekurangnya', 'untuk', 'satu', 'tempoh', 'waktu', 'tertentuuntuk', 'tahun', 'ini', 'sekurangnya', 'perlu', 'ada', 'kawalan', 'pemantauan', 'atau', 'mungkin', 'batalkan', 'perhimpunan', 'sama', 'ada', 'perhimpunan', 'ramadan', 'aidilfitri', 'atau', 'haji'];['disebabkan', 'pandemik', 'covid', 'penjarakan', 'sosial', 'perlu', 'menjadi', 'norma', 'baharu', 'sekurangnya', 'untuk', 'satu', 'tempoh', 'waktu', 'tertentuuntuk', 'tahun', 'ini', 'sekurangnya', 'perlu', 'ada', 'kawalan', 'pemantauan', 'atau', 'mungkin', 'batalkan', 'perhimpunan', 'sama', 'ada', 'perhimpunan', 'ramadan', 'aidilfitri', 'atau', 'haji'];['disebabkan', 'pandemik', 'covid', 'penjarakan', 'sosial', 'norma', 'baharu', 'tempoh', 'tertentuuntuk', 'kawalan', 'pemantauan', 'batalkan', 'perhimpunan', 'perhimpunan', 'ramadan', 'aidilfitri', 'haji'];disebabkan pandemik covid penjarakan sosial norma baharu tempoh tertentuuntuk kawalan pemantauan batalkan perhimpunan perhimpunan ramadan aidilfitri haji;sebab pandemik covid penjara sosial norma baharu tempoh tertentuuntuk kawal pantau batal himpun himpun ramadan aidilfitri haji
477;Ini adalah wujud cinta kasih dan duka kami warga Maluku atas meninggalnya salah satu putra terbaik Maluku, Kaka tercinta Kami menyadari bahwa virus covid-19 ada dimana dan mengancam kami, tp ketakutan itu terkalahkan org rasa duka kami.Mohon jgn bully kami.;0.0;wujud cinta kasih duka warga malu tinggal salah putra baik malu kaka cinta sadar virus covid mana ancam takut kalah orang duka kamimohon bully;ini adalah wujud cinta kasih dan duka kami warga maluku atas meninggalnya salah satu putra terbaik maluku kaka tercinta kami menyadari bahwa virus covid ada dimana dan mengancam kami tp ketakutan itu terkalahkan org rasa duka kamimohon jgn bully kami;['ini', 'adalah', 'wujud', 'cinta', 'kasih', 'dan', 'duka', 'kami', 'warga', 'maluku', 'atas', 'meninggalnya', 'salah', 'satu', 'putra', 'terbaik', 'maluku', 'kaka', 'tercinta', 'kami', 'menyadari', 'bahwa', 'virus', 'covid', 'ada', 'dimana', 'dan', 'mengancam', 'kami', 'tp', 'ketakutan', 'itu', 'terkalahkan', 'org', 'rasa', 'duka', 'kamimohon', 'jgn', 'bully', 'kami'];['ini', 'adalah', 'wujud', 'cinta', 'kasih', 'dan', 'duka', 'kami', 'warga', 'maluku', 'atas', 'meninggalnya', 'salah', 'satu', 'putra', 'terbaik', 'maluku', 'kaka', 'tercinta', 'kami', 'menyadari', 'bahwa', 'virus', 'covid', 'ada', 'dimana', 'dan', 'mengancam', 'kami', 'tapi', 'ketakutan', 'itu', 'terkalahkan', 'orang', 'rasa', 'duka', 'kamimohon', 'jangan', 'bully', 'kami'];['wujud', 'cinta', 'kasih', 'duka', 'warga', 'maluku', 'meninggalnya', 'salah', 'putra', 'terbaik', 'maluku', 'kaka', 'tercinta', 'menyadari', 'virus', 'covid', 'dimana', 'mengancam', 'ketakutan', 'terkalahkan', 'orang', 'duka', 'kamimohon', 'bully'];wujud cinta kasih duka warga maluku meninggalnya salah putra terbaik maluku kaka tercinta menyadari virus covid dimana mengancam ketakutan terkalahkan orang duka kamimohon bully;wujud cinta kasih duka warga malu tinggal salah putra baik malu kaka cinta sadar virus covid mana ancam takut kalah orang duka kamimohon bully
478;Covid-19 memiliki arti kata Co yakni corona, Vi yakni virus dan D yakni disease atau penyakit. Kemudian ditambahkan angka 19, yakni 2019 mewakili tahun. Smg puas dgn jwban ini halo Luna ;0.0;covid milik arti co corona vi virus d disease sakit angka wakil moga puas jwban halo luna;covid memiliki arti kata co yakni corona vi yakni virus dan d yakni disease atau penyakit kemudian ditambahkan angka yakni mewakili tahun smg puas dgn jwban ini halo luna;['covid', 'memiliki', 'arti', 'kata', 'co', 'yakni', 'corona', 'vi', 'yakni', 'virus', 'dan', 'd', 'yakni', 'disease', 'atau', 'penyakit', 'kemudian', 'ditambahkan', 'angka', 'yakni', 'mewakili', 'tahun', 'smg', 'puas', 'dgn', 'jwban', 'ini', 'halo', 'luna'];['covid', 'memiliki', 'arti', 'kata', 'co', 'yakni', 'corona', 'vi', 'yakni', 'virus', 'dan', 'd', 'yakni', 'disease', 'atau', 'penyakit', 'kemudian', 'ditambahkan', 'angka', 'yakni', 'mewakili', 'tahun', 'semoga', 'puas', 'dengan', 'jwban', 'ini', 'halo', 'luna'];['covid', 'memiliki', 'arti', 'co', 'corona', 'vi', 'virus', 'd', 'disease', 'penyakit', 'angka', 'mewakili', 'semoga', 'puas', 'jwban', 'halo', 'luna'];covid memiliki arti co corona vi virus d disease penyakit angka mewakili semoga puas jwban halo luna;covid milik arti co corona vi virus d disease sakit angka wakil moga puas jwban halo luna
479;Ini adalah contoh beberapa kondisi penerapan alat pengaman di Apotek agar meminimalisir penularan COVID-19. Bagaimana kondisi di apotek anda? Silahkan share dan tag medsos kami dengan hashtag;0.0;contoh kondisi terap alat kam apotek meminimalisir tular covid kondisi apotek silah share tag medsos hashtag;ini adalah contoh beberapa kondisi penerapan alat pengaman di apotek agar meminimalisir penularan covid bagaimana kondisi di apotek anda silahkan share dan tag medsos kami dengan hashtag;['ini', 'adalah', 'contoh', 'beberapa', 'kondisi', 'penerapan', 'alat', 'pengaman', 'di', 'apotek', 'agar', 'meminimalisir', 'penularan', 'covid', 'bagaimana', 'kondisi', 'di', 'apotek', 'anda', 'silahkan', 'share', 'dan', 'tag', 'medsos', 'kami', 'dengan', 'hashtag'];['ini', 'adalah', 'contoh', 'beberapa', 'kondisi', 'penerapan', 'alat', 'pengaman', 'di', 'apotek', 'agar', 'meminimalisir', 'penularan', 'covid', 'bagaimana', 'kondisi', 'di', 'apotek', 'anda', 'silahkan', 'share', 'dan', 'tag', 'medsos', 'kami', 'dengan', 'hashtag'];['contoh', 'kondisi', 'penerapan', 'alat', 'pengaman', 'apotek', 'meminimalisir', 'penularan', 'covid', 'kondisi', 'apotek', 'silahkan', 'share', 'tag', 'medsos', 'hashtag'];contoh kondisi penerapan alat pengaman apotek meminimalisir penularan covid kondisi apotek silahkan share tag medsos hashtag;contoh kondisi terap alat kam apotek meminimalisir tular covid kondisi apotek silah share tag medsos hashtag
480;Menunggu sampai wabah COVID-19 mereda. Sabar ya, karena keselamatan orang banyak lebih penting dari segalanya;1.0;tunggu wabah covid reda sabar iya selamat orang;menunggu sampai wabah covid mereda sabar ya karena keselamatan orang banyak lebih penting dari segalanya;['menunggu', 'sampai', 'wabah', 'covid', 'mereda', 'sabar', 'ya', 'karena', 'keselamatan', 'orang', 'banyak', 'lebih', 'penting', 'dari', 'segalanya'];['menunggu', 'sampai', 'wabah', 'covid', 'mereda', 'sabar', 'iya', 'karena', 'keselamatan', 'orang', 'banyak', 'lebih', 'penting', 'dari', 'segalanya'];['menunggu', 'wabah', 'covid', 'mereda', 'sabar', 'iya', 'keselamatan', 'orang'];menunggu wabah covid mereda sabar iya keselamatan orang;tunggu wabah covid reda sabar iya selamat orang
481;"Para koruptor &amp; kejahatan lain dibebaskan alasan krn pandemi covid-19";-1.0;koruptor amp jahat bebas alas pandemi covid;para koruptor amp kejahatan lain dibebaskan alasan krn pandemi covid;['para', 'koruptor', 'amp', 'kejahatan', 'lain', 'dibebaskan', 'alasan', 'krn', 'pandemi', 'covid'];['para', 'koruptor', 'amp', 'kejahatan', 'lain', 'dibebaskan', 'alasan', 'karena', 'pandemi', 'covid'];['koruptor', 'amp', 'kejahatan', 'dibebaskan', 'alasan', 'pandemi', 'covid'];koruptor amp kejahatan dibebaskan alasan pandemi covid;koruptor amp jahat bebas alas pandemi covid
482;7. Jgn lgi ada rasa angkuh, sombong, & mrasa besar serba bisa.Bukankh Virus Corona yg kecil & tk tmpak mata itu tlah mndidik kita, bahwa tdk ada yg mampu mncegahnya jka Covid-19 ingin dtang mmpir?, dan Covid-19 tdk mngenal status sosial miskin aau kaya, tua atau muda pmbesar;1.0;angkuh sombong mrasa serba bisabukankh virus corona tingkat tmpak mata tlah mndidik mncegahnya jka covid dtang mmpir covid mngenal status sosial miskin aau kaya tua muda pmbesar;jgn lgi ada rasa angkuh sombong mrasa besar serba bisabukankh virus corona yg kecil tk tmpak mata itu tlah mndidik kita bahwa tdk ada yg mampu mncegahnya jka covid ingin dtang mmpir dan covid tdk mngenal status sosial miskin aau kaya tua atau muda pmbesar;['jgn', 'lgi', 'ada', 'rasa', 'angkuh', 'sombong', 'mrasa', 'besar', 'serba', 'bisabukankh', 'virus', 'corona', 'yg', 'kecil', 'tk', 'tmpak', 'mata', 'itu', 'tlah', 'mndidik', 'kita', 'bahwa', 'tdk', 'ada', 'yg', 'mampu', 'mncegahnya', 'jka', 'covid', 'ingin', 'dtang', 'mmpir', 'dan', 'covid', 'tdk', 'mngenal', 'status', 'sosial', 'miskin', 'aau', 'kaya', 'tua', 'atau', 'muda', 'pmbesar'];['jangan', 'lagi', 'ada', 'rasa', 'angkuh', 'sombong', 'mrasa', 'besar', 'serba', 'bisabukankh', 'virus', 'corona', 'yang', 'kecil', 'tingkat', 'tmpak', 'mata', 'itu', 'tlah', 'mndidik', 'kita', 'bahwa', 'tidak', 'ada', 'yang', 'mampu', 'mncegahnya', 'jka', 'covid', 'ingin', 'dtang', 'mmpir', 'dan', 'covid', 'tidak', 'mngenal', 'status', 'sosial', 'miskin', 'aau', 'kaya', 'tua', 'atau', 'muda', 'pmbesar'];['angkuh', 'sombong', 'mrasa', 'serba', 'bisabukankh', 'virus', 'corona', 'tingkat', 'tmpak', 'mata', 'tlah', 'mndidik', 'mncegahnya', 'jka', 'covid', 'dtang', 'mmpir', 'covid', 'mngenal', 'status', 'sosial', 'miskin', 'aau', 'kaya', 'tua', 'muda', 'pmbesar'];angkuh sombong mrasa serba bisabukankh virus corona tingkat tmpak mata tlah mndidik mncegahnya jka covid dtang mmpir covid mngenal status sosial miskin aau kaya tua muda pmbesar;angkuh sombong mrasa serba bisabukankh virus corona tingkat tmpak mata tlah mndidik mncegahnya jka covid dtang mmpir covid mngenal status sosial miskin aau kaya tua muda pmbesar
483;Pandemi corona mengancam nasib media lokal  ;-1.0;pandemi corona ancam nasib media lokal;pandemi corona mengancam nasib media lokal;['pandemi', 'corona', 'mengancam', 'nasib', 'media', 'lokal'];['pandemi', 'corona', 'mengancam', 'nasib', 'media', 'lokal'];['pandemi', 'corona', 'mengancam', 'nasib', 'media', 'lokal'];pandemi corona mengancam nasib media lokal;pandemi corona ancam nasib media lokal
484;Baru dapet info kalo di gang sebelah rumah di Lumajang udah ada yg positif Covid-19, semoga seluruh keluarga disana aman ;1.0;info gang belah rumah lumajang positif covid moga keluarga sana aman;baru dapet info kalo di gang sebelah rumah di lumajang udah ada yg positif covid semoga seluruh keluarga disana aman;['baru', 'dapet', 'info', 'kalo', 'di', 'gang', 'sebelah', 'rumah', 'di', 'lumajang', 'udah', 'ada', 'yg', 'positif', 'covid', 'semoga', 'seluruh', 'keluarga', 'disana', 'aman'];['baru', 'mendapat', 'info', 'kalau', 'di', 'gang', 'sebelah', 'rumah', 'di', 'lumajang', 'sudah', 'ada', 'yang', 'positif', 'covid', 'semoga', 'seluruh', 'keluarga', 'disana', 'aman'];['info', 'gang', 'sebelah', 'rumah', 'lumajang', 'positif', 'covid', 'semoga', 'keluarga', 'disana', 'aman'];info gang sebelah rumah lumajang positif covid semoga keluarga disana aman;info gang belah rumah lumajang positif covid moga keluarga sana aman
485;Tapi anis ni tak main tiktok dan alhamdulillah tak kena covid;0.0;anis main tiktok syukur kena covid;tapi anis ni tak main tiktok dan alhamdulillah tak kena covid;['tapi', 'anis', 'ni', 'tak', 'main', 'tiktok', 'dan', 'alhamdulillah', 'tak', 'kena', 'covid'];['tapi', 'anis', 'ini', 'tak', 'main', 'tiktok', 'dan', 'syukur', 'tak', 'kena', 'covid'];['anis', 'main', 'tiktok', 'syukur', 'kena', 'covid'];anis main tiktok syukur kena covid;anis main tiktok syukur kena covid
486;Sebagai bentuk dukungan terhadap tim medis yang tengah berjuang menghadapi dan merawatpasien Covid-19. FPI kembali menyalurkan sejumlah bantuan berupa APD serta makanan dan minuman bernutrisi untuk para Tim Medis.;1.0;bentuk dukung tim medis juang hadap merawatpasien covid fpi salur bantu apd makan minum nutrisi tim medis;sebagai bentuk dukungan terhadap tim medis yang tengah berjuang menghadapi dan merawatpasien covid fpi kembali menyalurkan sejumlah bantuan berupa apd serta makanan dan minuman bernutrisi untuk para tim medis;['sebagai', 'bentuk', 'dukungan', 'terhadap', 'tim', 'medis', 'yang', 'tengah', 'berjuang', 'menghadapi', 'dan', 'merawatpasien', 'covid', 'fpi', 'kembali', 'menyalurkan', 'sejumlah', 'bantuan', 'berupa', 'apd', 'serta', 'makanan', 'dan', 'minuman', 'bernutrisi', 'untuk', 'para', 'tim', 'medis'];['sebagai', 'bentuk', 'dukungan', 'terhadap', 'tim', 'medis', 'yang', 'tengah', 'berjuang', 'menghadapi', 'dan', 'merawatpasien', 'covid', 'fpi', 'kembali', 'menyalurkan', 'sejumlah', 'bantuan', 'berupa', 'apd', 'serta', 'makanan', 'dan', 'minuman', 'bernutrisi', 'untuk', 'para', 'tim', 'medis'];['bentuk', 'dukungan', 'tim', 'medis', 'berjuang', 'menghadapi', 'merawatpasien', 'covid', 'fpi', 'menyalurkan', 'bantuan', 'apd', 'makanan', 'minuman', 'bernutrisi', 'tim', 'medis'];bentuk dukungan tim medis berjuang menghadapi merawatpasien covid fpi menyalurkan bantuan apd makanan minuman bernutrisi tim medis;bentuk dukung tim medis juang hadap merawatpasien covid fpi salur bantu apd makan minum nutrisi tim medis
487;Kasihan ibu korban covid 19.Yg memohon kepada wargaVideo : 2;0.0;kasihan korban covid mohon wargavideo;kasihan ibu korban covid yg memohon kepada wargavideo;['kasihan', 'ibu', 'korban', 'covid', 'yg', 'memohon', 'kepada', 'wargavideo'];['kasihan', 'ibu', 'korban', 'covid', 'yang', 'memohon', 'kepada', 'wargavideo'];['kasihan', 'korban', 'covid', 'memohon', 'wargavideo'];kasihan korban covid memohon wargavideo;kasihan korban covid mohon wargavideo
488;Dan terjadi lagi, penolakan warga terhadap jenazah perawat yang menangani COVID-19 di RSUP Kariadi, Semarang!Lokasi: Suwakul, Ungaran.Video : 1;-1.0;tolak warga jenazah awat tangan covid rsup kariadi semaranglokasi suwakul ungaranvideo;dan terjadi lagi penolakan warga terhadap jenazah perawat yang menangani covid di rsup kariadi semaranglokasi suwakul ungaranvideo;['dan', 'terjadi', 'lagi', 'penolakan', 'warga', 'terhadap', 'jenazah', 'perawat', 'yang', 'menangani', 'covid', 'di', 'rsup', 'kariadi', 'semaranglokasi', 'suwakul', 'ungaranvideo'];['dan', 'terjadi', 'lagi', 'penolakan', 'warga', 'terhadap', 'jenazah', 'perawat', 'yang', 'menangani', 'covid', 'di', 'rsup', 'kariadi', 'semaranglokasi', 'suwakul', 'ungaranvideo'];['penolakan', 'warga', 'jenazah', 'perawat', 'menangani', 'covid', 'rsup', 'kariadi', 'semaranglokasi', 'suwakul', 'ungaranvideo'];penolakan warga jenazah perawat menangani covid rsup kariadi semaranglokasi suwakul ungaranvideo;tolak warga jenazah awat tangan covid rsup kariadi semaranglokasi suwakul ungaranvideo
489;2. Dampak Covid-19 terhadap Kerjasama InternasionalJawab:1. Adanya kapasitas perawatan kesehatan yang cukup 2. Harus terintegrasi antara kebijakan pada bidang kesehatan dan ekonomi makro3. kerja sama internasional maupun kemitraan lintas batas;1.0;dampak covid kerjasama internasionaljawab kapasitas awat sehat integrasi bijak bidang sehat ekonomi makro kerja internasional mitra lintas batas;dampak covid terhadap kerjasama internasionaljawab adanya kapasitas perawatan kesehatan yang cukup harus terintegrasi antara kebijakan pada bidang kesehatan dan ekonomi makro kerja sama internasional maupun kemitraan lintas batas;['dampak', 'covid', 'terhadap', 'kerjasama', 'internasionaljawab', 'adanya', 'kapasitas', 'perawatan', 'kesehatan', 'yang', 'cukup', 'harus', 'terintegrasi', 'antara', 'kebijakan', 'pada', 'bidang', 'kesehatan', 'dan', 'ekonomi', 'makro', 'kerja', 'sama', 'internasional', 'maupun', 'kemitraan', 'lintas', 'batas'];['dampak', 'covid', 'terhadap', 'kerjasama', 'internasionaljawab', 'adanya', 'kapasitas', 'perawatan', 'kesehatan', 'yang', 'cukup', 'harus', 'terintegrasi', 'antara', 'kebijakan', 'pada', 'bidang', 'kesehatan', 'dan', 'ekonomi', 'makro', 'kerja', 'sama', 'internasional', 'maupun', 'kemitraan', 'lintas', 'batas'];['dampak', 'covid', 'kerjasama', 'internasionaljawab', 'kapasitas', 'perawatan', 'kesehatan', 'terintegrasi', 'kebijakan', 'bidang', 'kesehatan', 'ekonomi', 'makro', 'kerja', 'internasional', 'kemitraan', 'lintas', 'batas'];dampak covid kerjasama internasionaljawab kapasitas perawatan kesehatan terintegrasi kebijakan bidang kesehatan ekonomi makro kerja internasional kemitraan lintas batas;dampak covid kerjasama internasionaljawab kapasitas awat sehat integrasi bijak bidang sehat ekonomi makro kerja internasional mitra lintas batas
490;KITA PUTUS DULU YAuntuk memutuskan mata rantai COVID-19 tak cukup dgn jaga jarak saja, gunakan MASKER jika keluar rumahlindungi dirimu, karena mungkin saja seseorang disekitar kita terjangkit COVID-19;1.0;putus yauntuk putus mata rantai covid jaga jarak masker rumahlindungi diri sekitar jangkit covid;kita putus dulu yauntuk memutuskan mata rantai covid tak cukup dgn jaga jarak saja gunakan masker jika keluar rumahlindungi dirimu karena mungkin saja seseorang disekitar kita terjangkit covid;['kita', 'putus', 'dulu', 'yauntuk', 'memutuskan', 'mata', 'rantai', 'covid', 'tak', 'cukup', 'dgn', 'jaga', 'jarak', 'saja', 'gunakan', 'masker', 'jika', 'keluar', 'rumahlindungi', 'dirimu', 'karena', 'mungkin', 'saja', 'seseorang', 'disekitar', 'kita', 'terjangkit', 'covid'];['kita', 'putus', 'dulu', 'yauntuk', 'memutuskan', 'mata', 'rantai', 'covid', 'tak', 'cukup', 'dengan', 'jaga', 'jarak', 'saja', 'gunakan', 'masker', 'jika', 'keluar', 'rumahlindungi', 'dirimu', 'karena', 'mungkin', 'saja', 'seseorang', 'disekitar', 'kita', 'terjangkit', 'covid'];['putus', 'yauntuk', 'memutuskan', 'mata', 'rantai', 'covid', 'jaga', 'jarak', 'masker', 'rumahlindungi', 'dirimu', 'disekitar', 'terjangkit', 'covid'];putus yauntuk memutuskan mata rantai covid jaga jarak masker rumahlindungi dirimu disekitar terjangkit covid;putus yauntuk putus mata rantai covid jaga jarak masker rumahlindungi diri sekitar jangkit covid
491;Kenapa harus banget ngikutin berita covid ?Karna di ruang isolasi itu ga enak banget Astagfirullah cukup sekali dan semoga virus ini segera lenyap dari bumi;-1.0;banget ngikutin berita covid ruang isolasi enak banget astagfirullah moga virus lenyap bumi;kenapa harus banget ngikutin berita covid karna di ruang isolasi itu ga enak banget astagfirullah cukup sekali dan semoga virus ini segera lenyap dari bumi;['kenapa', 'harus', 'banget', 'ngikutin', 'berita', 'covid', 'karna', 'di', 'ruang', 'isolasi', 'itu', 'ga', 'enak', 'banget', 'astagfirullah', 'cukup', 'sekali', 'dan', 'semoga', 'virus', 'ini', 'segera', 'lenyap', 'dari', 'bumi'];['kenapa', 'harus', 'banget', 'ngikutin', 'berita', 'covid', 'karena', 'di', 'ruang', 'isolasi', 'itu', 'tidak', 'enak', 'banget', 'astagfirullah', 'cukup', 'sekali', 'dan', 'semoga', 'virus', 'ini', 'segera', 'lenyap', 'dari', 'bumi'];['banget', 'ngikutin', 'berita', 'covid', 'ruang', 'isolasi', 'enak', 'banget', 'astagfirullah', 'semoga', 'virus', 'lenyap', 'bumi'];banget ngikutin berita covid ruang isolasi enak banget astagfirullah semoga virus lenyap bumi;banget ngikutin berita covid ruang isolasi enak banget astagfirullah moga virus lenyap bumi
492;Bali terkini (April 2020), efek global Covid-19. Simak selengkapnya pada video saya,Link youtube:;0.0;bal kini april efek global covid simak lengkap video sayalink youtube;bali terkini april efek global covid simak selengkapnya pada video sayalink youtube;['bali', 'terkini', 'april', 'efek', 'global', 'covid', 'simak', 'selengkapnya', 'pada', 'video', 'sayalink', 'youtube'];['bali', 'terkini', 'april', 'efek', 'global', 'covid', 'simak', 'selengkapnya', 'pada', 'video', 'sayalink', 'youtube'];['bali', 'terkini', 'april', 'efek', 'global', 'covid', 'simak', 'selengkapnya', 'video', 'sayalink', 'youtube'];bali terkini april efek global covid simak selengkapnya video sayalink youtube;bal kini april efek global covid simak lengkap video sayalink youtube
493;Satu hari dia (Covid-19),akan pulang ke tempat asalnya... Tapi smp waktu itu kita harus terus bersabar dan berdoa moga semuanya dipermudahkan - Ustaz Fawwaz;0.0;covidakan pulang asal smp sabar doa moga mudah ustaz fawwaz;satu hari dia covidakan pulang ke tempat asalnya tapi smp waktu itu kita harus terus bersabar dan berdoa moga semuanya dipermudahkan ustaz fawwaz;['satu', 'hari', 'dia', 'covidakan', 'pulang', 'ke', 'tempat', 'asalnya', 'tapi', 'smp', 'waktu', 'itu', 'kita', 'harus', 'terus', 'bersabar', 'dan', 'berdoa', 'moga', 'semuanya', 'dipermudahkan', 'ustaz', 'fawwaz'];['satu', 'hari', 'dia', 'covidakan', 'pulang', 'ke', 'tempat', 'asalnya', 'tapi', 'smp', 'waktu', 'itu', 'kita', 'harus', 'terus', 'bersabar', 'dan', 'berdoa', 'semoga', 'semuanya', 'dipermudahkan', 'ustaz', 'fawwaz'];['covidakan', 'pulang', 'asalnya', 'smp', 'bersabar', 'berdoa', 'semoga', 'dipermudahkan', 'ustaz', 'fawwaz'];covidakan pulang asalnya smp bersabar berdoa semoga dipermudahkan ustaz fawwaz;covidakan pulang asal smp sabar doa moga mudah ustaz fawwaz
494;[HMS Itenas Peduli]Pandemi Covid-19 menghadirkan berbagai keprihatinan sosial di seluruh Indonesia. Sudah saatnya kita keluarga besar HMS Itenas Bandung turun tangan memberikan bantuan kemanusiaan. Ayo Berdonasi untuk Dukung Perlengkapan Medis Tenaga Kesehatan COVID-19!;1.0;hms itenas pedulipandemi covid hadir prihatin sosial indonesia keluarga hms itenas bandung turun tangan bantu manusia ayo donasi dukung lengkap medis tenaga sehat covid;hms itenas pedulipandemi covid menghadirkan berbagai keprihatinan sosial di seluruh indonesia sudah saatnya kita keluarga besar hms itenas bandung turun tangan memberikan bantuan kemanusiaan ayo berdonasi untuk dukung perlengkapan medis tenaga kesehatan covid;['hms', 'itenas', 'pedulipandemi', 'covid', 'menghadirkan', 'berbagai', 'keprihatinan', 'sosial', 'di', 'seluruh', 'indonesia', 'sudah', 'saatnya', 'kita', 'keluarga', 'besar', 'hms', 'itenas', 'bandung', 'turun', 'tangan', 'memberikan', 'bantuan', 'kemanusiaan', 'ayo', 'berdonasi', 'untuk', 'dukung', 'perlengkapan', 'medis', 'tenaga', 'kesehatan', 'covid'];['hms', 'itenas', 'pedulipandemi', 'covid', 'menghadirkan', 'berbagai', 'keprihatinan', 'sosial', 'di', 'seluruh', 'indonesia', 'sudah', 'saatnya', 'kita', 'keluarga', 'besar', 'hms', 'itenas', 'bandung', 'turun', 'tangan', 'memberikan', 'bantuan', 'kemanusiaan', 'ayo', 'berdonasi', 'untuk', 'dukung', 'perlengkapan', 'medis', 'tenaga', 'kesehatan', 'covid'];['hms', 'itenas', 'pedulipandemi', 'covid', 'menghadirkan', 'keprihatinan', 'sosial', 'indonesia', 'keluarga', 'hms', 'itenas', 'bandung', 'turun', 'tangan', 'bantuan', 'kemanusiaan', 'ayo', 'berdonasi', 'dukung', 'perlengkapan', 'medis', 'tenaga', 'kesehatan', 'covid'];hms itenas pedulipandemi covid menghadirkan keprihatinan sosial indonesia keluarga hms itenas bandung turun tangan bantuan kemanusiaan ayo berdonasi dukung perlengkapan medis tenaga kesehatan covid;hms itenas pedulipandemi covid hadir prihatin sosial indonesia keluarga hms itenas bandung turun tangan bantu manusia ayo donasi dukung lengkap medis tenaga sehat covid
495;kemenkeuri Tak bisa dipungkiri, aktivitas perekonomian yang kian tertekan akibat Covid-19 membuat banyak orang harus kehilangan pekerjaan/penghasilan. Pemerintah telah menyusun strategi untuk;1.0;kemenkeuri dipungkiri aktivitas ekonomi kian tekan akibat covid orang hilang pekerjaanpenghasilan perintah susun strategi;kemenkeuri tak bisa dipungkiri aktivitas perekonomian yang kian tertekan akibat covid membuat banyak orang harus kehilangan pekerjaanpenghasilan pemerintah telah menyusun strategi untuk;['kemenkeuri', 'tak', 'bisa', 'dipungkiri', 'aktivitas', 'perekonomian', 'yang', 'kian', 'tertekan', 'akibat', 'covid', 'membuat', 'banyak', 'orang', 'harus', 'kehilangan', 'pekerjaanpenghasilan', 'pemerintah', 'telah', 'menyusun', 'strategi', 'untuk'];['kemenkeuri', 'tak', 'bisa', 'dipungkiri', 'aktivitas', 'perekonomian', 'yang', 'kian', 'tertekan', 'akibat', 'covid', 'membuat', 'banyak', 'orang', 'harus', 'kehilangan', 'pekerjaanpenghasilan', 'pemerintah', 'telah', 'menyusun', 'strategi', 'untuk'];['kemenkeuri', 'dipungkiri', 'aktivitas', 'perekonomian', 'kian', 'tertekan', 'akibat', 'covid', 'orang', 'kehilangan', 'pekerjaanpenghasilan', 'pemerintah', 'menyusun', 'strategi'];kemenkeuri dipungkiri aktivitas perekonomian kian tertekan akibat covid orang kehilangan pekerjaanpenghasilan pemerintah menyusun strategi;kemenkeuri dipungkiri aktivitas ekonomi kian tekan akibat covid orang hilang pekerjaanpenghasilan perintah susun strategi
496;Kamis malam Se-Dunia Mengetuk pintu langit dan munajat doa ..Memohon pada Sang Khaliq..Merayu Sang Maha mendengar..Meminta Sang Maha AdilUntuk keselamatan Dunia dari wabah Covid-19NU ku selalu ada , tetap ada dan terus ada ;1.0;kamis malam dunia ketuk pintu langit munajat doa mohon sang khaliqmerayu sang maha mendengarmeminta sang maha adiluntuk selamat dunia wabah covidnu ku;kamis malam sedunia mengetuk pintu langit dan munajat doa memohon pada sang khaliqmerayu sang maha mendengarmeminta sang maha adiluntuk keselamatan dunia dari wabah covidnu ku selalu ada tetap ada dan terus ada;['kamis', 'malam', 'sedunia', 'mengetuk', 'pintu', 'langit', 'dan', 'munajat', 'doa', 'memohon', 'pada', 'sang', 'khaliqmerayu', 'sang', 'maha', 'mendengarmeminta', 'sang', 'maha', 'adiluntuk', 'keselamatan', 'dunia', 'dari', 'wabah', 'covidnu', 'ku', 'selalu', 'ada', 'tetap', 'ada', 'dan', 'terus', 'ada'];['kamis', 'malam', 'sedunia', 'mengetuk', 'pintu', 'langit', 'dan', 'munajat', 'doa', 'memohon', 'pada', 'sang', 'khaliqmerayu', 'sang', 'maha', 'mendengarmeminta', 'sang', 'maha', 'adiluntuk', 'keselamatan', 'dunia', 'dari', 'wabah', 'covidnu', 'ku', 'selalu', 'ada', 'tetap', 'ada', 'dan', 'terus', 'ada'];['kamis', 'malam', 'sedunia', 'mengetuk', 'pintu', 'langit', 'munajat', 'doa', 'memohon', 'sang', 'khaliqmerayu', 'sang', 'maha', 'mendengarmeminta', 'sang', 'maha', 'adiluntuk', 'keselamatan', 'dunia', 'wabah', 'covidnu', 'ku'];kamis malam sedunia mengetuk pintu langit munajat doa memohon sang khaliqmerayu sang maha mendengarmeminta sang maha adiluntuk keselamatan dunia wabah covidnu ku;kamis malam dunia ketuk pintu langit munajat doa mohon sang khaliqmerayu sang maha mendengarmeminta sang maha adiluntuk selamat dunia wabah covidnu ku
497;Hari ini hari jumaat.Anda rindu solat jumaat?Mudah2an Covid-19 ini berlalu pergi. Mudah2an peperangan ini kita menang. ;1.0;jumaatanda rindu solat jumaatmudahan covid pergi mudah peperangan menang;hari ini hari jumaatanda rindu solat jumaatmudahan covid ini berlalu pergi mudahan peperangan ini kita menang;['hari', 'ini', 'hari', 'jumaatanda', 'rindu', 'solat', 'jumaatmudahan', 'covid', 'ini', 'berlalu', 'pergi', 'mudahan', 'peperangan', 'ini', 'kita', 'menang'];['hari', 'ini', 'hari', 'jumaatanda', 'rindu', 'solat', 'jumaatmudahan', 'covid', 'ini', 'berlalu', 'pergi', 'mudahan', 'peperangan', 'ini', 'kita', 'menang'];['jumaatanda', 'rindu', 'solat', 'jumaatmudahan', 'covid', 'pergi', 'mudahan', 'peperangan', 'menang'];jumaatanda rindu solat jumaatmudahan covid pergi mudahan peperangan menang;jumaatanda rindu solat jumaatmudahan covid pergi mudah peperangan menang
498;Dua warga Kabupaten Lampung Utara yang dinyatakan positif terpapar Covid-19 dikarantina di komplek Islamic Center Kotabumi...Menurut Plt Bupati Budi Utomo yang juga Ketua Tim Gugus Tugas Penanggulangan ;1.0;warga kabupaten lampung utara nyata positif papar covid karantina komplek islamic center kotabumimenurut plt bupati budi utomo ketua tim gugus tugas tanggulang;dua warga kabupaten lampung utara yang dinyatakan positif terpapar covid dikarantina di komplek islamic center kotabumimenurut plt bupati budi utomo yang juga ketua tim gugus tugas penanggulangan;['dua', 'warga', 'kabupaten', 'lampung', 'utara', 'yang', 'dinyatakan', 'positif', 'terpapar', 'covid', 'dikarantina', 'di', 'komplek', 'islamic', 'center', 'kotabumimenurut', 'plt', 'bupati', 'budi', 'utomo', 'yang', 'juga', 'ketua', 'tim', 'gugus', 'tugas', 'penanggulangan'];['dua', 'warga', 'kabupaten', 'lampung', 'utara', 'yang', 'dinyatakan', 'positif', 'terpapar', 'covid', 'dikarantina', 'di', 'komplek', 'islamic', 'center', 'kotabumimenurut', 'plt', 'bupati', 'budi', 'utomo', 'yang', 'juga', 'ketua', 'tim', 'gugus', 'tugas', 'penanggulangan'];['warga', 'kabupaten', 'lampung', 'utara', 'dinyatakan', 'positif', 'terpapar', 'covid', 'dikarantina', 'komplek', 'islamic', 'center', 'kotabumimenurut', 'plt', 'bupati', 'budi', 'utomo', 'ketua', 'tim', 'gugus', 'tugas', 'penanggulangan'];warga kabupaten lampung utara dinyatakan positif terpapar covid dikarantina komplek islamic center kotabumimenurut plt bupati budi utomo ketua tim gugus tugas penanggulangan;warga kabupaten lampung utara nyata positif papar covid karantina komplek islamic center kotabumimenurut plt bupati budi utomo ketua tim gugus tugas tanggulang
499;Presiden Tidak ada langkah serius hadapi pandemi Covid-19,akan menjadi bom waktu bagi semua orang indonesia tidak diyerima di dunia internasional .  ;-1.0;presiden langkah serius hadap pandemi covidakan bom orang indonesia diyerima dunia internasional;presiden tidak ada langkah serius hadapi pandemi covidakan menjadi bom waktu bagi semua orang indonesia tidak diyerima di dunia internasional;['presiden', 'tidak', 'ada', 'langkah', 'serius', 'hadapi', 'pandemi', 'covidakan', 'menjadi', 'bom', 'waktu', 'bagi', 'semua', 'orang', 'indonesia', 'tidak', 'diyerima', 'di', 'dunia', 'internasional'];['presiden', 'tidak', 'ada', 'langkah', 'serius', 'hadapi', 'pandemi', 'covidakan', 'menjadi', 'bom', 'waktu', 'bagi', 'semua', 'orang', 'indonesia', 'tidak', 'diyerima', 'di', 'dunia', 'internasional'];['presiden', 'langkah', 'serius', 'hadapi', 'pandemi', 'covidakan', 'bom', 'orang', 'indonesia', 'diyerima', 'dunia', 'internasional'];presiden langkah serius hadapi pandemi covidakan bom orang indonesia diyerima dunia internasional;presiden langkah serius hadap pandemi covidakan bom orang indonesia diyerima dunia internasional
500;Bagi anda Korban PHK atau dirumahkan akibat penyebaran virus COVID-19, yuk daftarkan diri anda untuk mendapatkan Kartu PRA KERJA.Mudah koq...Daftar aja di website :;1.0;korban phk rumah akibat sebar virus covid ayo daftar kartu pra kerjamudah koqdaftar website;bagi anda korban phk atau dirumahkan akibat penyebaran virus covid yuk daftarkan diri anda untuk mendapatkan kartu pra kerjamudah koqdaftar aja di website;['bagi', 'anda', 'korban', 'phk', 'atau', 'dirumahkan', 'akibat', 'penyebaran', 'virus', 'covid', 'yuk', 'daftarkan', 'diri', 'anda', 'untuk', 'mendapatkan', 'kartu', 'pra', 'kerjamudah', 'koqdaftar', 'aja', 'di', 'website'];['bagi', 'anda', 'korban', 'phk', 'atau', 'dirumahkan', 'akibat', 'penyebaran', 'virus', 'covid', 'ayo', 'daftarkan', 'diri', 'anda', 'untuk', 'mendapatkan', 'kartu', 'pra', 'kerjamudah', 'koqdaftar', 'saja', 'di', 'website'];['korban', 'phk', 'dirumahkan', 'akibat', 'penyebaran', 'virus', 'covid', 'ayo', 'daftarkan', 'kartu', 'pra', 'kerjamudah', 'koqdaftar', 'website'];korban phk dirumahkan akibat penyebaran virus covid ayo daftarkan kartu pra kerjamudah koqdaftar website;korban phk rumah akibat sebar virus covid ayo daftar kartu pra kerjamudah koqdaftar website
501;bersama, bersatu lawan penyebaran virus Corona Covid-19, Jaga kesehatan, jauhi kerumunan, cuci tangan pakai sabun serta tetap ...Infolingga...;1.0;satu lawan sebar virus corona covid jaga sehat jauh kerumun cuci tangan pakai sabun infolingga;bersama bersatu lawan penyebaran virus corona covid jaga kesehatan jauhi kerumunan cuci tangan pakai sabun serta tetap infolingga;['bersama', 'bersatu', 'lawan', 'penyebaran', 'virus', 'corona', 'covid', 'jaga', 'kesehatan', 'jauhi', 'kerumunan', 'cuci', 'tangan', 'pakai', 'sabun', 'serta', 'tetap', 'infolingga'];['bersama', 'bersatu', 'lawan', 'penyebaran', 'virus', 'corona', 'covid', 'jaga', 'kesehatan', 'jauhi', 'kerumunan', 'cuci', 'tangan', 'pakai', 'sabun', 'serta', 'tetap', 'infolingga'];['bersatu', 'lawan', 'penyebaran', 'virus', 'corona', 'covid', 'jaga', 'kesehatan', 'jauhi', 'kerumunan', 'cuci', 'tangan', 'pakai', 'sabun', 'infolingga'];bersatu lawan penyebaran virus corona covid jaga kesehatan jauhi kerumunan cuci tangan pakai sabun infolingga;satu lawan sebar virus corona covid jaga sehat jauh kerumun cuci tangan pakai sabun infolingga
502;Kapolrestabes Semarang Bersama Forkopimda Kota Semarang Memberikan Himbauan Kepada Masyarakat untuk Memakai Masker, Jaga Kebersihan dan Tetap di rumah guna memutus mata rantai penyebaran virus corona atau covid 19....;1.0;kapolrestabes semarang forkopimda kota semarang himbauan masyarakat pakai masker jaga bersih rumah putus mata rantai sebar virus corona covid;kapolrestabes semarang bersama forkopimda kota semarang memberikan himbauan kepada masyarakat untuk memakai masker jaga kebersihan dan tetap di rumah guna memutus mata rantai penyebaran virus corona atau covid;['kapolrestabes', 'semarang', 'bersama', 'forkopimda', 'kota', 'semarang', 'memberikan', 'himbauan', 'kepada', 'masyarakat', 'untuk', 'memakai', 'masker', 'jaga', 'kebersihan', 'dan', 'tetap', 'di', 'rumah', 'guna', 'memutus', 'mata', 'rantai', 'penyebaran', 'virus', 'corona', 'atau', 'covid'];['kapolrestabes', 'semarang', 'bersama', 'forkopimda', 'kota', 'semarang', 'memberikan', 'himbauan', 'kepada', 'masyarakat', 'untuk', 'memakai', 'masker', 'jaga', 'kebersihan', 'dan', 'tetap', 'di', 'rumah', 'guna', 'memutus', 'mata', 'rantai', 'penyebaran', 'virus', 'corona', 'atau', 'covid'];['kapolrestabes', 'semarang', 'forkopimda', 'kota', 'semarang', 'himbauan', 'masyarakat', 'memakai', 'masker', 'jaga', 'kebersihan', 'rumah', 'memutus', 'mata', 'rantai', 'penyebaran', 'virus', 'corona', 'covid'];kapolrestabes semarang forkopimda kota semarang himbauan masyarakat memakai masker jaga kebersihan rumah memutus mata rantai penyebaran virus corona covid;kapolrestabes semarang forkopimda kota semarang himbauan masyarakat pakai masker jaga bersih rumah putus mata rantai sebar virus corona covid
503;Gpp nyai mendingan gitu hibur diri daripada keluar rumah, tetap sehat nyai semoga Alloh melindungi dan menjauhkan wabah covid utk kita semua aamiin ;1.0;nyai baik gitu hibur rumah sehat nyai moga alloh lindung jauh wabah covid moga;gpp nyai mendingan gitu hibur diri daripada keluar rumah tetap sehat nyai semoga alloh melindungi dan menjauhkan wabah covid utk kita semua aamiin;['gpp', 'nyai', 'mendingan', 'gitu', 'hibur', 'diri', 'daripada', 'keluar', 'rumah', 'tetap', 'sehat', 'nyai', 'semoga', 'alloh', 'melindungi', 'dan', 'menjauhkan', 'wabah', 'covid', 'utk', 'kita', 'semua', 'aamiin'];['baik', 'nyai', 'baiknya', 'gitu', 'hibur', 'diri', 'daripada', 'keluar', 'rumah', 'tetap', 'sehat', 'nyai', 'semoga', 'alloh', 'melindungi', 'dan', 'menjauhkan', 'wabah', 'covid', 'untuk', 'kita', 'semua', 'semoga'];['nyai', 'baiknya', 'gitu', 'hibur', 'rumah', 'sehat', 'nyai', 'semoga', 'alloh', 'melindungi', 'menjauhkan', 'wabah', 'covid', 'semoga'];nyai baiknya gitu hibur rumah sehat nyai semoga alloh melindungi menjauhkan wabah covid semoga;nyai baik gitu hibur rumah sehat nyai moga alloh lindung jauh wabah covid moga
504;Tak Kenal Lelah, Tim Gugus Tugas Covid 19 Kembali Semprot Pemukiman Padat Penduduk di Belawan -;1.0;kenal lelah tim gugus tugas covid semprot mukim padat duduk belawan;tak kenal lelah tim gugus tugas covid kembali semprot pemukiman padat penduduk di belawan;['tak', 'kenal', 'lelah', 'tim', 'gugus', 'tugas', 'covid', 'kembali', 'semprot', 'pemukiman', 'padat', 'penduduk', 'di', 'belawan'];['tak', 'kenal', 'lelah', 'tim', 'gugus', 'tugas', 'covid', 'kembali', 'semprot', 'pemukiman', 'padat', 'penduduk', 'di', 'belawan'];['kenal', 'lelah', 'tim', 'gugus', 'tugas', 'covid', 'semprot', 'pemukiman', 'padat', 'penduduk', 'belawan'];kenal lelah tim gugus tugas covid semprot pemukiman padat penduduk belawan;kenal lelah tim gugus tugas covid semprot mukim padat duduk belawan
505;Berapa banyak bahan kempen dia mahu padam da...Daripada release, padam... release, padam macam ni... lebih baik dok dendiam wat keje yg org tk nampak, takyah wat kempen langsung. Save wang kerajaan, boleh masuk tabung Covid-19 tolong rakyat.;0.0;bahan kempen mahu padam dadaripada release padam release padam dok dendiam wat keje orang tingkat nampak takyah wat kempen langsung save wang raja masuk tabung covid tolong rakyat;berapa banyak bahan kempen dia mahu padam dadaripada release padam release padam macam ni lebih baik dok dendiam wat keje yg org tk nampak takyah wat kempen langsung save wang kerajaan boleh masuk tabung covid tolong rakyat;['berapa', 'banyak', 'bahan', 'kempen', 'dia', 'mahu', 'padam', 'dadaripada', 'release', 'padam', 'release', 'padam', 'macam', 'ni', 'lebih', 'baik', 'dok', 'dendiam', 'wat', 'keje', 'yg', 'org', 'tk', 'nampak', 'takyah', 'wat', 'kempen', 'langsung', 'save', 'wang', 'kerajaan', 'boleh', 'masuk', 'tabung', 'covid', 'tolong', 'rakyat'];['berapa', 'banyak', 'bahan', 'kempen', 'dia', 'mahu', 'padam', 'dadaripada', 'release', 'padam', 'release', 'padam', 'macam', 'ini', 'lebih', 'baik', 'dok', 'dendiam', 'wat', 'keje', 'yang', 'orang', 'tingkat', 'nampak', 'takyah', 'wat', 'kempen', 'langsung', 'save', 'wang', 'kerajaan', 'boleh', 'masuk', 'tabung', 'covid', 'tolong', 'rakyat'];['bahan', 'kempen', 'mahu', 'padam', 'dadaripada', 'release', 'padam', 'release', 'padam', 'dok', 'dendiam', 'wat', 'keje', 'orang', 'tingkat', 'nampak', 'takyah', 'wat', 'kempen', 'langsung', 'save', 'wang', 'kerajaan', 'masuk', 'tabung', 'covid', 'tolong', 'rakyat'];bahan kempen mahu padam dadaripada release padam release padam dok dendiam wat keje orang tingkat nampak takyah wat kempen langsung save wang kerajaan masuk tabung covid tolong rakyat;bahan kempen mahu padam dadaripada release padam release padam dok dendiam wat keje orang tingkat nampak takyah wat kempen langsung save wang raja masuk tabung covid tolong rakyat
506;Surabaya  Babinsa Koramil Tenggilis mejoyo terus berupaya melaksanakan sosialisasi kepada warga masyarakatnya untuk meredam mewabahnya virus corona atau Covid 19.Kali ini Serma Siswono dan Sertu Supri Warsoyo ;1.0;surabaya babinsa koramil tenggilis mejoyo upaya laksana sosialisasi warga masyarakat redam wabah virus corona covid kali serma siswono sertu supri warsoyo;surabaya babinsa koramil tenggilis mejoyo terus berupaya melaksanakan sosialisasi kepada warga masyarakatnya untuk meredam mewabahnya virus corona atau covid kali ini serma siswono dan sertu supri warsoyo;['surabaya', 'babinsa', 'koramil', 'tenggilis', 'mejoyo', 'terus', 'berupaya', 'melaksanakan', 'sosialisasi', 'kepada', 'warga', 'masyarakatnya', 'untuk', 'meredam', 'mewabahnya', 'virus', 'corona', 'atau', 'covid', 'kali', 'ini', 'serma', 'siswono', 'dan', 'sertu', 'supri', 'warsoyo'];['surabaya', 'babinsa', 'koramil', 'tenggilis', 'mejoyo', 'terus', 'berupaya', 'melaksanakan', 'sosialisasi', 'kepada', 'warga', 'masyarakatnya', 'untuk', 'meredam', 'mewabahnya', 'virus', 'corona', 'atau', 'covid', 'kali', 'ini', 'serma', 'siswono', 'dan', 'sertu', 'supri', 'warsoyo'];['surabaya', 'babinsa', 'koramil', 'tenggilis', 'mejoyo', 'berupaya', 'melaksanakan', 'sosialisasi', 'warga', 'masyarakatnya', 'meredam', 'mewabahnya', 'virus', 'corona', 'covid', 'kali', 'serma', 'siswono', 'sertu', 'supri', 'warsoyo'];surabaya babinsa koramil tenggilis mejoyo berupaya melaksanakan sosialisasi warga masyarakatnya meredam mewabahnya virus corona covid kali serma siswono sertu supri warsoyo;surabaya babinsa koramil tenggilis mejoyo upaya laksana sosialisasi warga masyarakat redam wabah virus corona covid kali serma siswono sertu supri warsoyo
507;Pakai masker, mainkan yoyo mu . Potret ini di sd vita school. Dilakukan sebelum pandemi covid-19 . Tp budaya menggunakan masker sudah dilakukan .Contact Us :Cak Dolan : 085850080188Twitter :;1.0;pakai masker main yoyo mu potret sd vita school pandemi covid budaya masker contact us cak dolan twitter;pakai masker mainkan yoyo mu potret ini di sd vita school dilakukan sebelum pandemi covid tp budaya menggunakan masker sudah dilakukan contact us cak dolan twitter;['pakai', 'masker', 'mainkan', 'yoyo', 'mu', 'potret', 'ini', 'di', 'sd', 'vita', 'school', 'dilakukan', 'sebelum', 'pandemi', 'covid', 'tp', 'budaya', 'menggunakan', 'masker', 'sudah', 'dilakukan', 'contact', 'us', 'cak', 'dolan', 'twitter'];['pakai', 'masker', 'mainkan', 'yoyo', 'mu', 'potret', 'ini', 'di', 'sd', 'vita', 'school', 'dilakukan', 'sebelum', 'pandemi', 'covid', 'tapi', 'budaya', 'menggunakan', 'masker', 'sudah', 'dilakukan', 'contact', 'us', 'cak', 'dolan', 'twitter'];['pakai', 'masker', 'mainkan', 'yoyo', 'mu', 'potret', 'sd', 'vita', 'school', 'pandemi', 'covid', 'budaya', 'masker', 'contact', 'us', 'cak', 'dolan', 'twitter'];pakai masker mainkan yoyo mu potret sd vita school pandemi covid budaya masker contact us cak dolan twitter;pakai masker main yoyo mu potret sd vita school pandemi covid budaya masker contact us cak dolan twitter
508;Cegah Virus Corona Covid-19, Srikandi Polres Pasuruan Bagikan Masker ke Masyarakat.. ;1.0;cegah virus corona covid srikandi polres pasuruan bagi masker masyarakat;cegah virus corona covid srikandi polres pasuruan bagikan masker ke masyarakat;['cegah', 'virus', 'corona', 'covid', 'srikandi', 'polres', 'pasuruan', 'bagikan', 'masker', 'ke', 'masyarakat'];['cegah', 'virus', 'corona', 'covid', 'srikandi', 'polres', 'pasuruan', 'bagikan', 'masker', 'ke', 'masyarakat'];['cegah', 'virus', 'corona', 'covid', 'srikandi', 'polres', 'pasuruan', 'bagikan', 'masker', 'masyarakat'];cegah virus corona covid srikandi polres pasuruan bagikan masker masyarakat;cegah virus corona covid srikandi polres pasuruan bagi masker masyarakat
509;AWALNYA rezim jkw MEREMEHKAN/ MENUTUPI demi amankan turis, proyek2x, investor, TKA dari negara cina komunis ? tapi saat indonesia DISERANG penguasa gagap tidak bisa mencegah, mengendalikan & lindungi rakyat dari tertular & kematian;-1.0;rezim jkw remeh tutup aman turis proyekx investor tka negara cina komunis indonesia serang kuasa gagap cegah kendali lindung rakyat tular mati;awalnya rezim jkw meremehkan menutupi demi amankan turis proyekx investor tka dari negara cina komunis tapi saat indonesia diserang penguasa gagap tidak bisa mencegah mengendalikan lindungi rakyat dari tertular kematian;['awalnya', 'rezim', 'jkw', 'meremehkan', 'menutupi', 'demi', 'amankan', 'turis', 'proyekx', 'investor', 'tka', 'dari', 'negara', 'cina', 'komunis', 'tapi', 'saat', 'indonesia', 'diserang', 'penguasa', 'gagap', 'tidak', 'bisa', 'mencegah', 'mengendalikan', 'lindungi', 'rakyat', 'dari', 'tertular', 'kematian'];['awalnya', 'rezim', 'jkw', 'meremehkan', 'menutupi', 'demi', 'amankan', 'turis', 'proyekx', 'investor', 'tka', 'dari', 'negara', 'cina', 'komunis', 'tapi', 'saat', 'indonesia', 'diserang', 'penguasa', 'gagap', 'tidak', 'bisa', 'mencegah', 'mengendalikan', 'lindungi', 'rakyat', 'dari', 'tertular', 'kematian'];['rezim', 'jkw', 'meremehkan', 'menutupi', 'amankan', 'turis', 'proyekx', 'investor', 'tka', 'negara', 'cina', 'komunis', 'indonesia', 'diserang', 'penguasa', 'gagap', 'mencegah', 'mengendalikan', 'lindungi', 'rakyat', 'tertular', 'kematian'];rezim jkw meremehkan menutupi amankan turis proyekx investor tka negara cina komunis indonesia diserang penguasa gagap mencegah mengendalikan lindungi rakyat tertular kematian;rezim jkw remeh tutup aman turis proyekx investor tka negara cina komunis indonesia serang kuasa gagap cegah kendali lindung rakyat tular mati
510;Indonesia tegaskan perlunya DK PBB tunjukkan kesatuan dlm atasi dampak COVID-19 thdp perdamaian & keamanan internasional. Perlu kerja sama global, solidaritas &menghindari diskriminasi serta stigmatisasi. ;1.0;indonesia tegas dk pbb tunjuk satu atas dampak covid thdp damai aman internasional kerja global solidaritas hindar diskriminasi stigmatisasi;indonesia tegaskan perlunya dk pbb tunjukkan kesatuan dlm atasi dampak covid thdp perdamaian keamanan internasional perlu kerja sama global solidaritas menghindari diskriminasi serta stigmatisasi;['indonesia', 'tegaskan', 'perlunya', 'dk', 'pbb', 'tunjukkan', 'kesatuan', 'dlm', 'atasi', 'dampak', 'covid', 'thdp', 'perdamaian', 'keamanan', 'internasional', 'perlu', 'kerja', 'sama', 'global', 'solidaritas', 'menghindari', 'diskriminasi', 'serta', 'stigmatisasi'];['indonesia', 'tegaskan', 'perlunya', 'dk', 'pbb', 'tunjukkan', 'kesatuan', 'dalam', 'atasi', 'dampak', 'covid', 'thdp', 'perdamaian', 'keamanan', 'internasional', 'perlu', 'kerja', 'sama', 'global', 'solidaritas', 'menghindari', 'diskriminasi', 'serta', 'stigmatisasi'];['indonesia', 'tegaskan', 'dk', 'pbb', 'tunjukkan', 'kesatuan', 'atasi', 'dampak', 'covid', 'thdp', 'perdamaian', 'keamanan', 'internasional', 'kerja', 'global', 'solidaritas', 'menghindari', 'diskriminasi', 'stigmatisasi'];indonesia tegaskan dk pbb tunjukkan kesatuan atasi dampak covid thdp perdamaian keamanan internasional kerja global solidaritas menghindari diskriminasi stigmatisasi;indonesia tegas dk pbb tunjuk satu atas dampak covid thdp damai aman internasional kerja global solidaritas hindar diskriminasi stigmatisasi
511;Entah entah covid ni syaitan. Yela , sebelum dia kena kurung dia kurung kita dulu . hahahahahahahahahh;-1.0;covid syaitan yela kena kurung kurung hahahahahahahahahh;entah entah covid ni syaitan yela sebelum dia kena kurung dia kurung kita dulu hahahahahahahahahh;['entah', 'entah', 'covid', 'ni', 'syaitan', 'yela', 'sebelum', 'dia', 'kena', 'kurung', 'dia', 'kurung', 'kita', 'dulu', 'hahahahahahahahahh'];['entah', 'entah', 'covid', 'ini', 'syaitan', 'yela', 'sebelum', 'dia', 'kena', 'kurung', 'dia', 'kurung', 'kita', 'dulu', 'hahahahahahahahahh'];['covid', 'syaitan', 'yela', 'kena', 'kurung', 'kurung', 'hahahahahahahahahh'];covid syaitan yela kena kurung kurung hahahahahahahahahh;covid syaitan yela kena kurung kurung hahahahahahahahahh
512;DPRD Kota Makassar info_dprd_kotamakassar , Pemerintah Makassar Realokasi (refocusing) Anggaran sebesar 190 Milyar, untuk penanganan dampak Pandemi COVID-19 di Kota Makassar. Ketua DPRD kota makassar;1.0;dprd kota makassar infodprdkotamakassar perintah makassar realokasi refocusing anggar milyar tangan dampak pandemi covid kota makassar ketua dprd kota makassar;dprd kota makassar infodprdkotamakassar pemerintah makassar realokasi refocusing anggaran sebesar milyar untuk penanganan dampak pandemi covid di kota makassar ketua dprd kota makassar;['dprd', 'kota', 'makassar', 'infodprdkotamakassar', 'pemerintah', 'makassar', 'realokasi', 'refocusing', 'anggaran', 'sebesar', 'milyar', 'untuk', 'penanganan', 'dampak', 'pandemi', 'covid', 'di', 'kota', 'makassar', 'ketua', 'dprd', 'kota', 'makassar'];['dprd', 'kota', 'makassar', 'infodprdkotamakassar', 'pemerintah', 'makassar', 'realokasi', 'refocusing', 'anggaran', 'sebesar', 'milyar', 'untuk', 'penanganan', 'dampak', 'pandemi', 'covid', 'di', 'kota', 'makassar', 'ketua', 'dprd', 'kota', 'makassar'];['dprd', 'kota', 'makassar', 'infodprdkotamakassar', 'pemerintah', 'makassar', 'realokasi', 'refocusing', 'anggaran', 'milyar', 'penanganan', 'dampak', 'pandemi', 'covid', 'kota', 'makassar', 'ketua', 'dprd', 'kota', 'makassar'];dprd kota makassar infodprdkotamakassar pemerintah makassar realokasi refocusing anggaran milyar penanganan dampak pandemi covid kota makassar ketua dprd kota makassar;dprd kota makassar infodprdkotamakassar perintah makassar realokasi refocusing anggar milyar tangan dampak pandemi covid kota makassar ketua dprd kota makassar
513;Covid-19 Membuka Jalan Perdamaian Israel-Palestina;1.0;covid buka jalan damai israelpalestina;covid membuka jalan perdamaian israelpalestina;['covid', 'membuka', 'jalan', 'perdamaian', 'israelpalestina'];['covid', 'membuka', 'jalan', 'perdamaian', 'israelpalestina'];['covid', 'membuka', 'jalan', 'perdamaian', 'israelpalestina'];covid membuka jalan perdamaian israelpalestina;covid buka jalan damai israelpalestina
514;Kata dia nih untuk mencegah virus Covid 19 harus rajin Mandi,, Perasaan gw semua yg meninggal jg rajin mandi,,,Bangun Tidur Si Torus Mandi,,Tidak Lupa Menggosok Biji,,,;-1.0;cegah virus covid rajin mandi asa tinggal jg rajin mandibangun tidur sih torus manditidak lupa gosok biji;kata dia nih untuk mencegah virus covid harus rajin mandi perasaan gw semua yg meninggal jg rajin mandibangun tidur si torus manditidak lupa menggosok biji;['kata', 'dia', 'nih', 'untuk', 'mencegah', 'virus', 'covid', 'harus', 'rajin', 'mandi', 'perasaan', 'gw', 'semua', 'yg', 'meninggal', 'jg', 'rajin', 'mandibangun', 'tidur', 'si', 'torus', 'manditidak', 'lupa', 'menggosok', 'biji'];['kata', 'dia', 'ini', 'untuk', 'mencegah', 'virus', 'covid', 'harus', 'rajin', 'mandi', 'perasaan', 'saya', 'semua', 'yang', 'meninggal', 'jg', 'rajin', 'mandibangun', 'tidur', 'sih', 'torus', 'manditidak', 'lupa', 'menggosok', 'biji'];['mencegah', 'virus', 'covid', 'rajin', 'mandi', 'perasaan', 'meninggal', 'jg', 'rajin', 'mandibangun', 'tidur', 'sih', 'torus', 'manditidak', 'lupa', 'menggosok', 'biji'];mencegah virus covid rajin mandi perasaan meninggal jg rajin mandibangun tidur sih torus manditidak lupa menggosok biji;cegah virus covid rajin mandi asa tinggal jg rajin mandibangun tidur sih torus manditidak lupa gosok biji
515;Covid-19 akan pergi... InsyaAllah kerana masih ada manusia yang rukuk pada Allah, masih ada bayi yang menyusu dan masih ada burung dan haiwan lain yang mencari makanan untuk terus hidup  - Ustaz Fawwaz;1.0;covid pergi insyaallah rana manusia rukuk allah bayi susu burung haiwan cari makan hidup ustaz fawwaz;covid akan pergi insyaallah kerana masih ada manusia yang rukuk pada allah masih ada bayi yang menyusu dan masih ada burung dan haiwan lain yang mencari makanan untuk terus hidup ustaz fawwaz;['covid', 'akan', 'pergi', 'insyaallah', 'kerana', 'masih', 'ada', 'manusia', 'yang', 'rukuk', 'pada', 'allah', 'masih', 'ada', 'bayi', 'yang', 'menyusu', 'dan', 'masih', 'ada', 'burung', 'dan', 'haiwan', 'lain', 'yang', 'mencari', 'makanan', 'untuk', 'terus', 'hidup', 'ustaz', 'fawwaz'];['covid', 'akan', 'pergi', 'insyaallah', 'kerana', 'masih', 'ada', 'manusia', 'yang', 'rukuk', 'pada', 'allah', 'masih', 'ada', 'bayi', 'yang', 'menyusu', 'dan', 'masih', 'ada', 'burung', 'dan', 'haiwan', 'lain', 'yang', 'mencari', 'makanan', 'untuk', 'terus', 'hidup', 'ustaz', 'fawwaz'];['covid', 'pergi', 'insyaallah', 'kerana', 'manusia', 'rukuk', 'allah', 'bayi', 'menyusu', 'burung', 'haiwan', 'mencari', 'makanan', 'hidup', 'ustaz', 'fawwaz'];covid pergi insyaallah kerana manusia rukuk allah bayi menyusu burung haiwan mencari makanan hidup ustaz fawwaz;covid pergi insyaallah rana manusia rukuk allah bayi susu burung haiwan cari makan hidup ustaz fawwaz
516;Udah siap Maret gegara si Covid ini batal semua play list film Gw;0.0;maret gegara sih covid batal play list film;udah siap maret gegara si covid ini batal semua play list film gw;['udah', 'siap', 'maret', 'gegara', 'si', 'covid', 'ini', 'batal', 'semua', 'play', 'list', 'film', 'gw'];['sudah', 'siap', 'maret', 'gegara', 'sih', 'covid', 'ini', 'batal', 'semua', 'play', 'list', 'film', 'saya'];['maret', 'gegara', 'sih', 'covid', 'batal', 'play', 'list', 'film'];maret gegara sih covid batal play list film;maret gegara sih covid batal play list film
517;Siapkan Rp30 Miliar Lebih untuk Penanganan Covid-19, DPRD Minta Pemkot Cilegon Transparan;0.0;siap rupiah miliar tangan covid dprd pemkot cilegon transparan;siapkan rp miliar lebih untuk penanganan covid dprd minta pemkot cilegon transparan;['siapkan', 'rp', 'miliar', 'lebih', 'untuk', 'penanganan', 'covid', 'dprd', 'minta', 'pemkot', 'cilegon', 'transparan'];['siapkan', 'rupiah', 'miliar', 'lebih', 'untuk', 'penanganan', 'covid', 'dprd', 'minta', 'pemkot', 'cilegon', 'transparan'];['siapkan', 'rupiah', 'miliar', 'penanganan', 'covid', 'dprd', 'pemkot', 'cilegon', 'transparan'];siapkan rupiah miliar penanganan covid dprd pemkot cilegon transparan;siap rupiah miliar tangan covid dprd pemkot cilegon transparan
518;Kaur pemerintahan Desa Hidayat Himbau Warga menunda Mudik untuk cegah covid 19  ;1.0;kaur perintah desa hidayat himbau warga tunda mudik cegah covid;kaur pemerintahan desa hidayat himbau warga menunda mudik untuk cegah covid;['kaur', 'pemerintahan', 'desa', 'hidayat', 'himbau', 'warga', 'menunda', 'mudik', 'untuk', 'cegah', 'covid'];['kaur', 'pemerintahan', 'desa', 'hidayat', 'himbau', 'warga', 'menunda', 'mudik', 'untuk', 'cegah', 'covid'];['kaur', 'pemerintahan', 'desa', 'hidayat', 'himbau', 'warga', 'menunda', 'mudik', 'cegah', 'covid'];kaur pemerintahan desa hidayat himbau warga menunda mudik cegah covid;kaur perintah desa hidayat himbau warga tunda mudik cegah covid
519;Cepat pergi Corona covid 19, aku rindu aktivitas seperti biasa. Bisa pergi kemanapun tanpa ngerasa cemas. ;1.0;cepat pergi corona covid rindu aktivitas pergi mana ngerasa cemas;cepat pergi corona covid aku rindu aktivitas seperti biasa bisa pergi kemanapun tanpa ngerasa cemas;['cepat', 'pergi', 'corona', 'covid', 'aku', 'rindu', 'aktivitas', 'seperti', 'biasa', 'bisa', 'pergi', 'kemanapun', 'tanpa', 'ngerasa', 'cemas'];['cepat', 'pergi', 'corona', 'covid', 'aku', 'rindu', 'aktivitas', 'seperti', 'biasa', 'bisa', 'pergi', 'kemanapun', 'tanpa', 'ngerasa', 'cemas'];['cepat', 'pergi', 'corona', 'covid', 'rindu', 'aktivitas', 'pergi', 'kemanapun', 'ngerasa', 'cemas'];cepat pergi corona covid rindu aktivitas pergi kemanapun ngerasa cemas;cepat pergi corona covid rindu aktivitas pergi mana ngerasa cemas
520;Enjoy bgt, tmnnya pada asik & matkul nya pun ga serumit yg dibayangkan, cuma ya ada 1/2 matkul yg nyebelin naudzubillah di semster ini grgr covid wkwk;0.0;santai banget tmnnya asyik materi nya rumit bayang iya materi nyebelin naudzubillah semester grgr covid wkwk;enjoy bgt tmnnya pada asik matkul nya pun ga serumit yg dibayangkan cuma ya ada matkul yg nyebelin naudzubillah di semster ini grgr covid wkwk;['enjoy', 'bgt', 'tmnnya', 'pada', 'asik', 'matkul', 'nya', 'pun', 'ga', 'serumit', 'yg', 'dibayangkan', 'cuma', 'ya', 'ada', 'matkul', 'yg', 'nyebelin', 'naudzubillah', 'di', 'semster', 'ini', 'grgr', 'covid', 'wkwk'];['santai', 'banget', 'tmnnya', 'pada', 'asyik', 'materi', 'nya', 'pun', 'tidak', 'serumit', 'yang', 'dibayangkan', 'cuma', 'iya', 'ada', 'materi', 'yang', 'nyebelin', 'naudzubillah', 'di', 'semester', 'ini', 'grgr', 'covid', 'wkwk'];['santai', 'banget', 'tmnnya', 'asyik', 'materi', 'nya', 'serumit', 'dibayangkan', 'iya', 'materi', 'nyebelin', 'naudzubillah', 'semester', 'grgr', 'covid', 'wkwk'];santai banget tmnnya asyik materi nya serumit dibayangkan iya materi nyebelin naudzubillah semester grgr covid wkwk;santai banget tmnnya asyik materi nya rumit bayang iya materi nyebelin naudzubillah semester grgr covid wkwk
521; Cuba lah kena Covid 19 baru tau kebal ke tak;-1.0;cuba kena covid tau kebal;cuba lah kena covid baru tau kebal ke tak;['cuba', 'lah', 'kena', 'covid', 'baru', 'tau', 'kebal', 'ke', 'tak'];['cuba', 'lah', 'kena', 'covid', 'baru', 'tau', 'kebal', 'ke', 'tak'];['cuba', 'kena', 'covid', 'tau', 'kebal'];cuba kena covid tau kebal;cuba kena covid tau kebal
522;Tapi tingkat kematian untuk yg tidak merokok karena covid-19, lima kali lebih tinggi.;-1.0;tingkat mati rokok covid kali;tapi tingkat kematian untuk yg tidak merokok karena covid lima kali lebih tinggi;['tapi', 'tingkat', 'kematian', 'untuk', 'yg', 'tidak', 'merokok', 'karena', 'covid', 'lima', 'kali', 'lebih', 'tinggi'];['tapi', 'tingkat', 'kematian', 'untuk', 'yang', 'tidak', 'merokok', 'karena', 'covid', 'lima', 'kali', 'lebih', 'tinggi'];['tingkat', 'kematian', 'merokok', 'covid', 'kali'];tingkat kematian merokok covid kali;tingkat mati rokok covid kali
523;semoga wabah covid-19 ini cepat berakhir. biar kehidupan bisa kembali berjalan normal  jaga kesehatan;1.0;moga wabah covid cepat biar hidup jalan normal jaga sehat;semoga wabah covid ini cepat berakhir biar kehidupan bisa kembali berjalan normal jaga kesehatan;['semoga', 'wabah', 'covid', 'ini', 'cepat', 'berakhir', 'biar', 'kehidupan', 'bisa', 'kembali', 'berjalan', 'normal', 'jaga', 'kesehatan'];['semoga', 'wabah', 'covid', 'ini', 'cepat', 'berakhir', 'biar', 'kehidupan', 'bisa', 'kembali', 'berjalan', 'normal', 'jaga', 'kesehatan'];['semoga', 'wabah', 'covid', 'cepat', 'biar', 'kehidupan', 'berjalan', 'normal', 'jaga', 'kesehatan'];semoga wabah covid cepat biar kehidupan berjalan normal jaga kesehatan;moga wabah covid cepat biar hidup jalan normal jaga sehat
524;tak pulak kena covid huhu oh lupa muda and tiada penyakit;0.0;pulak kena covid huhu oh lupa muda tiada sakit;tak pulak kena covid huhu oh lupa muda and tiada penyakit;['tak', 'pulak', 'kena', 'covid', 'huhu', 'oh', 'lupa', 'muda', 'and', 'tiada', 'penyakit'];['tak', 'pulak', 'kena', 'covid', 'huhu', 'oh', 'lupa', 'muda', 'dan', 'tiada', 'penyakit'];['pulak', 'kena', 'covid', 'huhu', 'oh', 'lupa', 'muda', 'tiada', 'penyakit'];pulak kena covid huhu oh lupa muda tiada penyakit;pulak kena covid huhu oh lupa muda tiada sakit
525;orang2 yg nolak jenazah PDP atau positif Covid-19 bukan cuma ga punya otak karena goblobanget, tapi juga ga punya hati wtf aku benci banget kasian begooooo;-1.0;orang nolak jenazah pdp positif covid otak goblobanget hati wtf benci banget kasihan begooooo;orang yg nolak jenazah pdp atau positif covid bukan cuma ga punya otak karena goblobanget tapi juga ga punya hati wtf aku benci banget kasian begooooo;['orang', 'yg', 'nolak', 'jenazah', 'pdp', 'atau', 'positif', 'covid', 'bukan', 'cuma', 'ga', 'punya', 'otak', 'karena', 'goblobanget', 'tapi', 'juga', 'ga', 'punya', 'hati', 'wtf', 'aku', 'benci', 'banget', 'kasian', 'begooooo'];['orang', 'yang', 'nolak', 'jenazah', 'pdp', 'atau', 'positif', 'covid', 'bukan', 'cuma', 'tidak', 'punya', 'otak', 'karena', 'goblobanget', 'tapi', 'juga', 'tidak', 'punya', 'hati', 'wtf', 'aku', 'benci', 'banget', 'kasihan', 'begooooo'];['orang', 'nolak', 'jenazah', 'pdp', 'positif', 'covid', 'otak', 'goblobanget', 'hati', 'wtf', 'benci', 'banget', 'kasihan', 'begooooo'];orang nolak jenazah pdp positif covid otak goblobanget hati wtf benci banget kasihan begooooo;orang nolak jenazah pdp positif covid otak goblobanget hati wtf benci banget kasihan begooooo
526;Temas yok covid var;0.0;temas yok covid var;temas yok covid var;['temas', 'yok', 'covid', 'var'];['temas', 'yok', 'covid', 'var'];['temas', 'yok', 'covid', 'var'];temas yok covid var;temas yok covid var
527;Ikut Roger Roger Labuanfm pagi ini bersama MEJ (PA) Zico Bin Sual, Pegawai Pertahanan Awam Daerah WP Labuan dengan topik Tugas Dan Cabaran APM Dalam Menangani COVId-19 pukul 9.30 pagi.;1.0;roger roger labuanfm pagi mej zico bin sual pegawai tahan awam daerah wp labu topik tugas cabar apm tangan covid pagi;ikut roger roger labuanfm pagi ini bersama mej pa zico bin sual pegawai pertahanan awam daerah wp labuan dengan topik tugas dan cabaran apm dalam menangani covid pukul pagi;['ikut', 'roger', 'roger', 'labuanfm', 'pagi', 'ini', 'bersama', 'mej', 'pa', 'zico', 'bin', 'sual', 'pegawai', 'pertahanan', 'awam', 'daerah', 'wp', 'labuan', 'dengan', 'topik', 'tugas', 'dan', 'cabaran', 'apm', 'dalam', 'menangani', 'covid', 'pukul', 'pagi'];['ikut', 'roger', 'roger', 'labuanfm', 'pagi', 'ini', 'bersama', 'mej', 'pak', 'zico', 'bin', 'sual', 'pegawai', 'pertahanan', 'awam', 'daerah', 'wp', 'labuan', 'dengan', 'topik', 'tugas', 'dan', 'cabaran', 'apm', 'dalam', 'menangani', 'covid', 'pukul', 'pagi'];['roger', 'roger', 'labuanfm', 'pagi', 'mej', 'zico', 'bin', 'sual', 'pegawai', 'pertahanan', 'awam', 'daerah', 'wp', 'labuan', 'topik', 'tugas', 'cabaran', 'apm', 'menangani', 'covid', 'pagi'];roger roger labuanfm pagi mej zico bin sual pegawai pertahanan awam daerah wp labuan topik tugas cabaran apm menangani covid pagi;roger roger labuanfm pagi mej zico bin sual pegawai tahan awam daerah wp labu topik tugas cabar apm tangan covid pagi
528;Tak beriya pun nak raya ke apa, rasanya memang tak fikir langsung kot. Hmmm cuma harap semua cepat sembuh and covid-19 ni cepat cepat hilang;1.0;iya nak raya fikir langsung kot hmmm harap cepat sembuh covid cepat cepat hilang;tak beriya pun nak raya ke apa rasanya memang tak fikir langsung kot hmmm cuma harap semua cepat sembuh and covid ni cepat cepat hilang;['tak', 'beriya', 'pun', 'nak', 'raya', 'ke', 'apa', 'rasanya', 'memang', 'tak', 'fikir', 'langsung', 'kot', 'hmmm', 'cuma', 'harap', 'semua', 'cepat', 'sembuh', 'and', 'covid', 'ni', 'cepat', 'cepat', 'hilang'];['tak', 'beriya', 'pun', 'nak', 'raya', 'ke', 'apa', 'rasanya', 'memang', 'tak', 'fikir', 'langsung', 'kot', 'hmmm', 'cuma', 'harap', 'semua', 'cepat', 'sembuh', 'dan', 'covid', 'ini', 'cepat', 'cepat', 'hilang'];['beriya', 'nak', 'raya', 'fikir', 'langsung', 'kot', 'hmmm', 'harap', 'cepat', 'sembuh', 'covid', 'cepat', 'cepat', 'hilang'];beriya nak raya fikir langsung kot hmmm harap cepat sembuh covid cepat cepat hilang;iya nak raya fikir langsung kot hmmm harap cepat sembuh covid cepat cepat hilang
529;.Kalau yg pernah terinfeksi covidDiberikan stempel apalagi dgn RFID Sebuah diskriminasi, Potensi kambuh..Masalah kesehatanAtau paru2 rusak..Asal jgn kayak bourne identity chip*stay safe & healthy;0.0;infeksi coviddiberikan stempel rfid diskriminasi potensi kambuhmasalah kesehatanatau paru rusakasal kayak bourne identity chipstay safe healthy;kalau yg pernah terinfeksi coviddiberikan stempel apalagi dgn rfid sebuah diskriminasi potensi kambuhmasalah kesehatanatau paru rusakasal jgn kayak bourne identity chipstay safe healthy;['kalau', 'yg', 'pernah', 'terinfeksi', 'coviddiberikan', 'stempel', 'apalagi', 'dgn', 'rfid', 'sebuah', 'diskriminasi', 'potensi', 'kambuhmasalah', 'kesehatanatau', 'paru', 'rusakasal', 'jgn', 'kayak', 'bourne', 'identity', 'chipstay', 'safe', 'healthy'];['kalau', 'yang', 'pernah', 'terinfeksi', 'coviddiberikan', 'stempel', 'apalagi', 'dengan', 'rfid', 'sebuah', 'diskriminasi', 'potensi', 'kambuhmasalah', 'kesehatanatau', 'paru', 'rusakasal', 'jangan', 'kayak', 'bourne', 'identity', 'chipstay', 'safe', 'healthy'];['terinfeksi', 'coviddiberikan', 'stempel', 'rfid', 'diskriminasi', 'potensi', 'kambuhmasalah', 'kesehatanatau', 'paru', 'rusakasal', 'kayak', 'bourne', 'identity', 'chipstay', 'safe', 'healthy'];terinfeksi coviddiberikan stempel rfid diskriminasi potensi kambuhmasalah kesehatanatau paru rusakasal kayak bourne identity chipstay safe healthy;infeksi coviddiberikan stempel rfid diskriminasi potensi kambuhmasalah kesehatanatau paru rusakasal kayak bourne identity chipstay safe healthy
530;Makasih ya semoga semua WNI cerdas dlm bersikap dg Covid-19 ini;1.0;makasih iya moga wni cerdas sikap covid;makasih ya semoga semua wni cerdas dlm bersikap dg covid ini;['makasih', 'ya', 'semoga', 'semua', 'wni', 'cerdas', 'dlm', 'bersikap', 'dg', 'covid', 'ini'];['makasih', 'iya', 'semoga', 'semua', 'wni', 'cerdas', 'dalam', 'bersikap', 'dengan', 'covid', 'ini'];['makasih', 'iya', 'semoga', 'wni', 'cerdas', 'bersikap', 'covid'];makasih iya semoga wni cerdas bersikap covid;makasih iya moga wni cerdas sikap covid
531;"Ada 15 menyuruh Covid-19 segera akan pergi ; 2. Jangan lagi berpakaian minim lagi ketat mengumbar aurat. Bukankah Covid-19 telah mendidik kita berpakaian serba tertutup?, dan memang kan semua agama Samawi memuliakan pakaian yang rapih, bersih dan sopan.";1.0;suruh covid pergi pakai minim ketat umbar aurat covid didik pakai serba tutup agama samawi mulia pakai rapih bersih sopan;ada menyuruh covid segera akan pergi jangan lagi berpakaian minim lagi ketat mengumbar aurat bukankah covid telah mendidik kita berpakaian serba tertutup dan memang kan semua agama samawi memuliakan pakaian yang rapih bersih dan sopan;['ada', 'menyuruh', 'covid', 'segera', 'akan', 'pergi', 'jangan', 'lagi', 'berpakaian', 'minim', 'lagi', 'ketat', 'mengumbar', 'aurat', 'bukankah', 'covid', 'telah', 'mendidik', 'kita', 'berpakaian', 'serba', 'tertutup', 'dan', 'memang', 'kan', 'semua', 'agama', 'samawi', 'memuliakan', 'pakaian', 'yang', 'rapih', 'bersih', 'dan', 'sopan'];['ada', 'menyuruh', 'covid', 'segera', 'akan', 'pergi', 'jangan', 'lagi', 'berpakaian', 'minim', 'lagi', 'ketat', 'mengumbar', 'aurat', 'bukankah', 'covid', 'telah', 'mendidik', 'kita', 'berpakaian', 'serba', 'tertutup', 'dan', 'memang', 'kan', 'semua', 'agama', 'samawi', 'memuliakan', 'pakaian', 'yang', 'rapih', 'bersih', 'dan', 'sopan'];['menyuruh', 'covid', 'pergi', 'berpakaian', 'minim', 'ketat', 'mengumbar', 'aurat', 'covid', 'mendidik', 'berpakaian', 'serba', 'tertutup', 'agama', 'samawi', 'memuliakan', 'pakaian', 'rapih', 'bersih', 'sopan'];menyuruh covid pergi berpakaian minim ketat mengumbar aurat covid mendidik berpakaian serba tertutup agama samawi memuliakan pakaian rapih bersih sopan;suruh covid pergi pakai minim ketat umbar aurat covid didik pakai serba tutup agama samawi mulia pakai rapih bersih sopan
532;New post (Bahas Kesiapan Daerah Tangani Covid-19, Walikota Parepare Vidcon Kemendagri) has been published on Baca Pesan -;1.0;new post bahas kesiap daerah tangan covid walikota parepare vidcon kemendagri has been published on baca pesan;new post bahas kesiapan daerah tangani covid walikota parepare vidcon kemendagri has been published on baca pesan;['new', 'post', 'bahas', 'kesiapan', 'daerah', 'tangani', 'covid', 'walikota', 'parepare', 'vidcon', 'kemendagri', 'has', 'been', 'published', 'on', 'baca', 'pesan'];['new', 'post', 'bahas', 'kesiapan', 'daerah', 'tangani', 'covid', 'walikota', 'parepare', 'vidcon', 'kemendagri', 'has', 'been', 'published', 'on', 'baca', 'pesan'];['new', 'post', 'bahas', 'kesiapan', 'daerah', 'tangani', 'covid', 'walikota', 'parepare', 'vidcon', 'kemendagri', 'has', 'been', 'published', 'on', 'baca', 'pesan'];new post bahas kesiapan daerah tangani covid walikota parepare vidcon kemendagri has been published on baca pesan;new post bahas kesiap daerah tangan covid walikota parepare vidcon kemendagri has been published on baca pesan
533; hadiah kau masih tersangkut sebab covid 19  ;-1.0;hadiah kau sangkut covid;hadiah kau masih tersangkut sebab covid;['hadiah', 'kau', 'masih', 'tersangkut', 'sebab', 'covid'];['hadiah', 'kau', 'masih', 'tersangkut', 'sebab', 'covid'];['hadiah', 'kau', 'tersangkut', 'covid'];hadiah kau tersangkut covid;hadiah kau sangkut covid
534;Sinar Mas Land benar-benar all out membantu memerangi virus corona (covid-19) di Indonesia.;1.0;sinar mas land benarbenar all out bantu rang virus corona covid indonesia;sinar mas land benarbenar all out membantu memerangi virus corona covid di indonesia;['sinar', 'mas', 'land', 'benarbenar', 'all', 'out', 'membantu', 'memerangi', 'virus', 'corona', 'covid', 'di', 'indonesia'];['sinar', 'mas', 'land', 'benarbenar', 'all', 'out', 'membantu', 'memerangi', 'virus', 'corona', 'covid', 'di', 'indonesia'];['sinar', 'mas', 'land', 'benarbenar', 'all', 'out', 'membantu', 'memerangi', 'virus', 'corona', 'covid', 'indonesia'];sinar mas land benarbenar all out membantu memerangi virus corona covid indonesia;sinar mas land benarbenar all out bantu rang virus corona covid indonesia
535;Operasi Keselamatan Tinombala Covid 19 Polres Touna. ;1.0;operasi selamat tinombala covid polres touna;operasi keselamatan tinombala covid polres touna;['operasi', 'keselamatan', 'tinombala', 'covid', 'polres', 'touna'];['operasi', 'keselamatan', 'tinombala', 'covid', 'polres', 'touna'];['operasi', 'keselamatan', 'tinombala', 'covid', 'polres', 'touna'];operasi keselamatan tinombala covid polres touna;operasi selamat tinombala covid polres touna
536;covid to penghuni bumi 'emang ngapasi kalo ada gue? ZHOMBONG AMAT;-1.0;covid to huni bumi ngapasi zhombong;covid to penghuni bumi emang ngapasi kalo ada gue zhombong amat;['covid', 'to', 'penghuni', 'bumi', 'emang', 'ngapasi', 'kalo', 'ada', 'gue', 'zhombong', 'amat'];['covid', 'to', 'penghuni', 'bumi', 'memang', 'ngapasi', 'kalau', 'ada', 'saya', 'zhombong', 'amat'];['covid', 'to', 'penghuni', 'bumi', 'ngapasi', 'zhombong'];covid to penghuni bumi ngapasi zhombong;covid to huni bumi ngapasi zhombong
537;Malminga kah ini?? jangan keluar rumah bahaya covid-19 waspada ok!!;1.0;malminga kah rumah bahaya covid waspada ok;malminga kah ini jangan keluar rumah bahaya covid waspada ok;['malminga', 'kah', 'ini', 'jangan', 'keluar', 'rumah', 'bahaya', 'covid', 'waspada', 'ok'];['malminga', 'kah', 'ini', 'jangan', 'keluar', 'rumah', 'bahaya', 'covid', 'waspada', 'ok'];['malminga', 'kah', 'rumah', 'bahaya', 'covid', 'waspada', 'ok'];malminga kah rumah bahaya covid waspada ok;malminga kah rumah bahaya covid waspada ok
538;Dan erupsi anak krakatau sementara ini berhasil menggeser perhatian dari covid-19 ;-1.0;erupsi anak krakatau hasil geser perhati covid;dan erupsi anak krakatau sementara ini berhasil menggeser perhatian dari covid;['dan', 'erupsi', 'anak', 'krakatau', 'sementara', 'ini', 'berhasil', 'menggeser', 'perhatian', 'dari', 'covid'];['dan', 'erupsi', 'anak', 'krakatau', 'sementara', 'ini', 'berhasil', 'menggeser', 'perhatian', 'dari', 'covid'];['erupsi', 'anak', 'krakatau', 'berhasil', 'menggeser', 'perhatian', 'covid'];erupsi anak krakatau berhasil menggeser perhatian covid;erupsi anak krakatau hasil geser perhati covid
539;Relawan Kec Pajarakan Kab Probolinggo Prov Jatim Siap melakukan pencegahan penyebaran wabah Covid-19.;1.0;rawan kec pajarakan kab probolinggo prov jatim cegah sebar wabah covid;relawan kec pajarakan kab probolinggo prov jatim siap melakukan pencegahan penyebaran wabah covid;['relawan', 'kec', 'pajarakan', 'kab', 'probolinggo', 'prov', 'jatim', 'siap', 'melakukan', 'pencegahan', 'penyebaran', 'wabah', 'covid'];['relawan', 'kec', 'pajarakan', 'kab', 'probolinggo', 'prov', 'jatim', 'siap', 'melakukan', 'pencegahan', 'penyebaran', 'wabah', 'covid'];['relawan', 'kec', 'pajarakan', 'kab', 'probolinggo', 'prov', 'jatim', 'pencegahan', 'penyebaran', 'wabah', 'covid'];relawan kec pajarakan kab probolinggo prov jatim pencegahan penyebaran wabah covid;rawan kec pajarakan kab probolinggo prov jatim cegah sebar wabah covid
540;Ini bau2nya dg meningkat jumlah positif covid-19 bisa sampai akhir tahun pembatasan sosialnya;-1.0;bau tingkat positif covid batas sosial;ini baunya dg meningkat jumlah positif covid bisa sampai akhir tahun pembatasan sosialnya;['ini', 'baunya', 'dg', 'meningkat', 'jumlah', 'positif', 'covid', 'bisa', 'sampai', 'akhir', 'tahun', 'pembatasan', 'sosialnya'];['ini', 'baunya', 'dengan', 'meningkat', 'jumlah', 'positif', 'covid', 'bisa', 'sampai', 'akhir', 'tahun', 'pembatasan', 'sosialnya'];['baunya', 'meningkat', 'positif', 'covid', 'pembatasan', 'sosialnya'];baunya meningkat positif covid pembatasan sosialnya;bau tingkat positif covid batas sosial
541;Mari kita sama-sama memutuskan rantai Covid-19 dengan cara Pyhsical Distancing dan Social Distancing... ;1.0;mari samasama putus rantai covid pyhsical distancing social distancing;mari kita samasama memutuskan rantai covid dengan cara pyhsical distancing dan social distancing;['mari', 'kita', 'samasama', 'memutuskan', 'rantai', 'covid', 'dengan', 'cara', 'pyhsical', 'distancing', 'dan', 'social', 'distancing'];['mari', 'kita', 'samasama', 'memutuskan', 'rantai', 'covid', 'dengan', 'cara', 'pyhsical', 'distancing', 'dan', 'social', 'distancing'];['mari', 'samasama', 'memutuskan', 'rantai', 'covid', 'pyhsical', 'distancing', 'social', 'distancing'];mari samasama memutuskan rantai covid pyhsical distancing social distancing;mari samasama putus rantai covid pyhsical distancing social distancing
542;Malam admin, mau nanya, untuk pengiriman barang dari luar negeri/ USA masih bisakah terkait adanya Covid-19?;0.0;malam admin nanya kirim barang negeri usa kait covid;malam admin mau nanya untuk pengiriman barang dari luar negeri usa masih bisakah terkait adanya covid;['malam', 'admin', 'mau', 'nanya', 'untuk', 'pengiriman', 'barang', 'dari', 'luar', 'negeri', 'usa', 'masih', 'bisakah', 'terkait', 'adanya', 'covid'];['malam', 'admin', 'mau', 'nanya', 'untuk', 'pengiriman', 'barang', 'dari', 'luar', 'negeri', 'usa', 'masih', 'bisakah', 'terkait', 'adanya', 'covid'];['malam', 'admin', 'nanya', 'pengiriman', 'barang', 'negeri', 'usa', 'terkait', 'covid'];malam admin nanya pengiriman barang negeri usa terkait covid;malam admin nanya kirim barang negeri usa kait covid
543;Yg patut digaris bawahi bukan hanya bertambahnya yg terinfeksi covid-19... tetapi perbandingan antara yg sembuh dan wafat.Lebih banyak yg wafat..adSemoga pendemi ini cepat berlalu;1.0;patut gar bawah tambah infeksi covid banding sembuh wafatlebih wafatadsemoga demi cepat;yg patut digaris bawahi bukan hanya bertambahnya yg terinfeksi covid tetapi perbandingan antara yg sembuh dan wafatlebih banyak yg wafatadsemoga pendemi ini cepat berlalu;['yg', 'patut', 'digaris', 'bawahi', 'bukan', 'hanya', 'bertambahnya', 'yg', 'terinfeksi', 'covid', 'tetapi', 'perbandingan', 'antara', 'yg', 'sembuh', 'dan', 'wafatlebih', 'banyak', 'yg', 'wafatadsemoga', 'pendemi', 'ini', 'cepat', 'berlalu'];['yang', 'patut', 'digaris', 'bawahi', 'bukan', 'hanya', 'bertambahnya', 'yang', 'terinfeksi', 'covid', 'tetapi', 'perbandingan', 'antara', 'yang', 'sembuh', 'dan', 'wafatlebih', 'banyak', 'yang', 'wafatadsemoga', 'pendemi', 'ini', 'cepat', 'berlalu'];['patut', 'digaris', 'bawahi', 'bertambahnya', 'terinfeksi', 'covid', 'perbandingan', 'sembuh', 'wafatlebih', 'wafatadsemoga', 'pendemi', 'cepat'];patut digaris bawahi bertambahnya terinfeksi covid perbandingan sembuh wafatlebih wafatadsemoga pendemi cepat;patut gar bawah tambah infeksi covid banding sembuh wafatlebih wafatadsemoga demi cepat
544;Aku sm adik2 yg lain ga ikut ke rs... gatau ini siapa yg jaga, malah setau aku ga boleh ada yg jaga biar ga rawan covid thankyou ci!;0.0;adik rs gatau jaga tau jaga biar rawan covid thankyou ci;aku sm adik yg lain ga ikut ke rs gatau ini siapa yg jaga malah setau aku ga boleh ada yg jaga biar ga rawan covid thankyou ci;['aku', 'sm', 'adik', 'yg', 'lain', 'ga', 'ikut', 'ke', 'rs', 'gatau', 'ini', 'siapa', 'yg', 'jaga', 'malah', 'setau', 'aku', 'ga', 'boleh', 'ada', 'yg', 'jaga', 'biar', 'ga', 'rawan', 'covid', 'thankyou', 'ci'];['aku', 'sama', 'adik', 'yang', 'lain', 'tidak', 'ikut', 'ke', 'rs', 'gatau', 'ini', 'siapa', 'yang', 'jaga', 'malah', 'setau', 'aku', 'tidak', 'boleh', 'ada', 'yang', 'jaga', 'biar', 'tidak', 'rawan', 'covid', 'thankyou', 'ci'];['adik', 'rs', 'gatau', 'jaga', 'setau', 'jaga', 'biar', 'rawan', 'covid', 'thankyou', 'ci'];adik rs gatau jaga setau jaga biar rawan covid thankyou ci;adik rs gatau jaga tau jaga biar rawan covid thankyou ci
545;"Mari "" ki bersama Polri Jaga kamtibmas dan Cegah penyebaran Virus Covid - 19 dengan Tetap di Rumah, jangan mudik";1.0;mari ki polri jaga kamtibmas cegah sebar virus covid rumah mudik;mari ki bersama polri jaga kamtibmas dan cegah penyebaran virus covid dengan tetap di rumah jangan mudik;['mari', 'ki', 'bersama', 'polri', 'jaga', 'kamtibmas', 'dan', 'cegah', 'penyebaran', 'virus', 'covid', 'dengan', 'tetap', 'di', 'rumah', 'jangan', 'mudik'];['mari', 'ki', 'bersama', 'polri', 'jaga', 'kamtibmas', 'dan', 'cegah', 'penyebaran', 'virus', 'covid', 'dengan', 'tetap', 'di', 'rumah', 'jangan', 'mudik'];['mari', 'ki', 'polri', 'jaga', 'kamtibmas', 'cegah', 'penyebaran', 'virus', 'covid', 'rumah', 'mudik'];mari ki polri jaga kamtibmas cegah penyebaran virus covid rumah mudik;mari ki polri jaga kamtibmas cegah sebar virus covid rumah mudik
546;Polisi Amankan Tiga Orang Yang Diduga Provokator Penolakan Pemakaman Jenazah Perawat Korban Covid-19;1.0;polisi aman orang duga provokator tolak makam jenazah awat korban covid;polisi amankan tiga orang yang diduga provokator penolakan pemakaman jenazah perawat korban covid;['polisi', 'amankan', 'tiga', 'orang', 'yang', 'diduga', 'provokator', 'penolakan', 'pemakaman', 'jenazah', 'perawat', 'korban', 'covid'];['polisi', 'amankan', 'tiga', 'orang', 'yang', 'diduga', 'provokator', 'penolakan', 'pemakaman', 'jenazah', 'perawat', 'korban', 'covid'];['polisi', 'amankan', 'orang', 'diduga', 'provokator', 'penolakan', 'pemakaman', 'jenazah', 'perawat', 'korban', 'covid'];polisi amankan orang diduga provokator penolakan pemakaman jenazah perawat korban covid;polisi aman orang duga provokator tolak makam jenazah awat korban covid
547;ada poin di mana dia memang menggampangkan covid di bln februari. gw gemes jg wkt itu. tp skrg smua jg ga bisa liat masalah dgn lbh waras.;-1.0;poin gampang covid februari gemes jg smua jg lihat waras;ada poin di mana dia memang menggampangkan covid di bln februari gw gemes jg wkt itu tp skrg smua jg ga bisa liat masalah dgn lbh waras;['ada', 'poin', 'di', 'mana', 'dia', 'memang', 'menggampangkan', 'covid', 'di', 'bln', 'februari', 'gw', 'gemes', 'jg', 'wkt', 'itu', 'tp', 'skrg', 'smua', 'jg', 'ga', 'bisa', 'liat', 'masalah', 'dgn', 'lbh', 'waras'];['ada', 'poin', 'di', 'mana', 'dia', 'memang', 'menggampangkan', 'covid', 'di', 'bulan', 'februari', 'saya', 'gemes', 'jg', 'waktu', 'itu', 'tapi', 'sekarang', 'smua', 'jg', 'tidak', 'bisa', 'lihat', 'masalah', 'dengan', 'lebih', 'waras'];['poin', 'menggampangkan', 'covid', 'februari', 'gemes', 'jg', 'smua', 'jg', 'lihat', 'waras'];poin menggampangkan covid februari gemes jg smua jg lihat waras;poin gampang covid februari gemes jg smua jg lihat waras
548;Jom nak pergi mana covid covid ni duduk rumah moha. ni ke sana ke sini ke sana ke sini;1.0;jom nak pergi covid covid duduk rumah moha;jom nak pergi mana covid covid ni duduk rumah moha ni ke sana ke sini ke sana ke sini;['jom', 'nak', 'pergi', 'mana', 'covid', 'covid', 'ni', 'duduk', 'rumah', 'moha', 'ni', 'ke', 'sana', 'ke', 'sini', 'ke', 'sana', 'ke', 'sini'];['jom', 'nak', 'pergi', 'mana', 'covid', 'covid', 'ini', 'duduk', 'rumah', 'moha', 'ini', 'ke', 'sana', 'ke', 'sini', 'ke', 'sana', 'ke', 'sini'];['jom', 'nak', 'pergi', 'covid', 'covid', 'duduk', 'rumah', 'moha'];jom nak pergi covid covid duduk rumah moha;jom nak pergi covid covid duduk rumah moha
549;Nah itu dia, Pimpinan daerah (Gubernur/Walikota/Bupati) adalah Ketua Gugus Tugas Penanggulangan Covid-19 di daerah masing-masing.;0.0;pimpin daerah gubernurwalikotabupati ketua gugus tugas tanggulang covid daerah masingmasing;nah itu dia pimpinan daerah gubernurwalikotabupati adalah ketua gugus tugas penanggulangan covid di daerah masingmasing;['nah', 'itu', 'dia', 'pimpinan', 'daerah', 'gubernurwalikotabupati', 'adalah', 'ketua', 'gugus', 'tugas', 'penanggulangan', 'covid', 'di', 'daerah', 'masingmasing'];['nah', 'itu', 'dia', 'pimpinan', 'daerah', 'gubernurwalikotabupati', 'adalah', 'ketua', 'gugus', 'tugas', 'penanggulangan', 'covid', 'di', 'daerah', 'masingmasing'];['pimpinan', 'daerah', 'gubernurwalikotabupati', 'ketua', 'gugus', 'tugas', 'penanggulangan', 'covid', 'daerah', 'masingmasing'];pimpinan daerah gubernurwalikotabupati ketua gugus tugas penanggulangan covid daerah masingmasing;pimpin daerah gubernurwalikotabupati ketua gugus tugas tanggulang covid daerah masingmasing
550;Satu Warga Kuningan Dirujuk ke RS Darurat Covid-19 Citra Ibu, Dijemput Petugas Pakai APD Lengkap;1.0;warga kuningan rujuk rs darurat covid citra jemput tugas pakai apd lengkap;satu warga kuningan dirujuk ke rs darurat covid citra ibu dijemput petugas pakai apd lengkap;['satu', 'warga', 'kuningan', 'dirujuk', 'ke', 'rs', 'darurat', 'covid', 'citra', 'ibu', 'dijemput', 'petugas', 'pakai', 'apd', 'lengkap'];['satu', 'warga', 'kuningan', 'dirujuk', 'ke', 'rs', 'darurat', 'covid', 'citra', 'ibu', 'dijemput', 'petugas', 'pakai', 'apd', 'lengkap'];['warga', 'kuningan', 'dirujuk', 'rs', 'darurat', 'covid', 'citra', 'dijemput', 'petugas', 'pakai', 'apd', 'lengkap'];warga kuningan dirujuk rs darurat covid citra dijemput petugas pakai apd lengkap;warga kuningan rujuk rs darurat covid citra jemput tugas pakai apd lengkap
551;Mengapa Menolak Jenazah Covid-19;-1.0;tolak jenazah covid;mengapa menolak jenazah covid;['mengapa', 'menolak', 'jenazah', 'covid'];['mengapa', 'menolak', 'jenazah', 'covid'];['menolak', 'jenazah', 'covid'];menolak jenazah covid;tolak jenazah covid
552;Pasien positif COVID-19 bertambah 2 orang lagi. Kini total kasus positif Corona di Jambi menjadi 4 orang.;0.0;pasien positif covid tambah orang total positif corona jambi orang;pasien positif covid bertambah orang lagi kini total kasus positif corona di jambi menjadi orang;['pasien', 'positif', 'covid', 'bertambah', 'orang', 'lagi', 'kini', 'total', 'kasus', 'positif', 'corona', 'di', 'jambi', 'menjadi', 'orang'];['pasien', 'positif', 'covid', 'bertambah', 'orang', 'lagi', 'kini', 'total', 'kasus', 'positif', 'corona', 'di', 'jambi', 'menjadi', 'orang'];['pasien', 'positif', 'covid', 'bertambah', 'orang', 'total', 'positif', 'corona', 'jambi', 'orang'];pasien positif covid bertambah orang total positif corona jambi orang;pasien positif covid tambah orang total positif corona jambi orang
553;Covid Teknesi !;0.0;covid teknesi;covid teknesi;['covid', 'teknesi'];['covid', 'teknesi'];['covid', 'teknesi'];covid teknesi;covid teknesi
554;Hai Cay, berhubung penerbangan kamu bukan termasuk dalam penerbangan berdampak Covid-19, kamu bisa temukan informasi mengenai refund kamu di sini;0.0;hai cay hubung terbang terbang dampak covid temu informasi refund;hai cay berhubung penerbangan kamu bukan termasuk dalam penerbangan berdampak covid kamu bisa temukan informasi mengenai refund kamu di sini;['hai', 'cay', 'berhubung', 'penerbangan', 'kamu', 'bukan', 'termasuk', 'dalam', 'penerbangan', 'berdampak', 'covid', 'kamu', 'bisa', 'temukan', 'informasi', 'mengenai', 'refund', 'kamu', 'di', 'sini'];['hai', 'cay', 'berhubung', 'penerbangan', 'kamu', 'bukan', 'termasuk', 'dalam', 'penerbangan', 'berdampak', 'covid', 'kamu', 'bisa', 'temukan', 'informasi', 'mengenai', 'refund', 'kamu', 'di', 'sini'];['hai', 'cay', 'berhubung', 'penerbangan', 'penerbangan', 'berdampak', 'covid', 'temukan', 'informasi', 'refund'];hai cay berhubung penerbangan penerbangan berdampak covid temukan informasi refund;hai cay hubung terbang terbang dampak covid temu informasi refund
555;FKG Unhas gelar pekan solidaritas peduli COVID-19;1.0;fkg unhas gelar pekan solidaritas peduli covid;fkg unhas gelar pekan solidaritas peduli covid;['fkg', 'unhas', 'gelar', 'pekan', 'solidaritas', 'peduli', 'covid'];['fkg', 'unhas', 'gelar', 'pekan', 'solidaritas', 'peduli', 'covid'];['fkg', 'unhas', 'gelar', 'pekan', 'solidaritas', 'peduli', 'covid'];fkg unhas gelar pekan solidaritas peduli covid;fkg unhas gelar pekan solidaritas peduli covid
556;Penyebaran COVID-19 di Makassar telah melalui trasmisi lokal;0.0;sebar covid makassar trasmisi lokal;penyebaran covid di makassar telah melalui trasmisi lokal;['penyebaran', 'covid', 'di', 'makassar', 'telah', 'melalui', 'trasmisi', 'lokal'];['penyebaran', 'covid', 'di', 'makassar', 'telah', 'melalui', 'trasmisi', 'lokal'];['penyebaran', 'covid', 'makassar', 'trasmisi', 'lokal'];penyebaran covid makassar trasmisi lokal;sebar covid makassar trasmisi lokal
557;Gue punya alergi yang efeknya itu buat gue bersin, batuk dan mata gue berair. Saat pandemi COVID-19 ini, kebetulan alergi gue kumat. Dan apa ? Gue usaha buat nahan supaya ga batuk dan bersin saat lagi belanja kebutuhan kost diluar ruangan.;1.0;alergi efek bersin batuk mata air pandemi covid alergi kumat usaha nahan batuk bersin belanja butuh kost luar ruang;gue punya alergi yang efeknya itu buat gue bersin batuk dan mata gue berair saat pandemi covid ini kebetulan alergi gue kumat dan apa gue usaha buat nahan supaya ga batuk dan bersin saat lagi belanja kebutuhan kost diluar ruangan;['gue', 'punya', 'alergi', 'yang', 'efeknya', 'itu', 'buat', 'gue', 'bersin', 'batuk', 'dan', 'mata', 'gue', 'berair', 'saat', 'pandemi', 'covid', 'ini', 'kebetulan', 'alergi', 'gue', 'kumat', 'dan', 'apa', 'gue', 'usaha', 'buat', 'nahan', 'supaya', 'ga', 'batuk', 'dan', 'bersin', 'saat', 'lagi', 'belanja', 'kebutuhan', 'kost', 'diluar', 'ruangan'];['saya', 'punya', 'alergi', 'yang', 'efeknya', 'itu', 'buat', 'saya', 'bersin', 'batuk', 'dan', 'mata', 'saya', 'berair', 'saat', 'pandemi', 'covid', 'ini', 'kebetulan', 'alergi', 'saya', 'kumat', 'dan', 'apa', 'saya', 'usaha', 'buat', 'nahan', 'supaya', 'tidak', 'batuk', 'dan', 'bersin', 'saat', 'lagi', 'belanja', 'kebutuhan', 'kost', 'diluar', 'ruangan'];['alergi', 'efeknya', 'bersin', 'batuk', 'mata', 'berair', 'pandemi', 'covid', 'alergi', 'kumat', 'usaha', 'nahan', 'batuk', 'bersin', 'belanja', 'kebutuhan', 'kost', 'diluar', 'ruangan'];alergi efeknya bersin batuk mata berair pandemi covid alergi kumat usaha nahan batuk bersin belanja kebutuhan kost diluar ruangan;alergi efek bersin batuk mata air pandemi covid alergi kumat usaha nahan batuk bersin belanja butuh kost luar ruang
558;haiya nk gi shensiong tapi takut  bukan pasal covid tapi pasal hais;0.0;haiya nk gi shensiong takut pasal covid pasal hais;haiya nk gi shensiong tapi takut bukan pasal covid tapi pasal hais;['haiya', 'nk', 'gi', 'shensiong', 'tapi', 'takut', 'bukan', 'pasal', 'covid', 'tapi', 'pasal', 'hais'];['haiya', 'nk', 'gi', 'shensiong', 'tapi', 'takut', 'bukan', 'pasal', 'covid', 'tapi', 'pasal', 'hais'];['haiya', 'nk', 'gi', 'shensiong', 'takut', 'pasal', 'covid', 'pasal', 'hais'];haiya nk gi shensiong takut pasal covid pasal hais;haiya nk gi shensiong takut pasal covid pasal hais
559;Bisa nggak sih, stop share hall yang menakutkan dan memuakkan tentang COVID-19. It's okey. Itu informasi penting emang, tapi jujur. Buat orang yang parnoan kaya gue, ini hal yang mengganggu banget. Gue kepikiran terus.;-1.0;nggak sih stop share hall takut muak covid its okey informasi jujur orang parnoan kaya ganggu banget pikir;bisa nggak sih stop share hall yang menakutkan dan memuakkan tentang covid its okey itu informasi penting emang tapi jujur buat orang yang parnoan kaya gue ini hal yang mengganggu banget gue kepikiran terus;['bisa', 'nggak', 'sih', 'stop', 'share', 'hall', 'yang', 'menakutkan', 'dan', 'memuakkan', 'tentang', 'covid', 'its', 'okey', 'itu', 'informasi', 'penting', 'emang', 'tapi', 'jujur', 'buat', 'orang', 'yang', 'parnoan', 'kaya', 'gue', 'ini', 'hal', 'yang', 'mengganggu', 'banget', 'gue', 'kepikiran', 'terus'];['bisa', 'nggak', 'sih', 'stop', 'share', 'hall', 'yang', 'menakutkan', 'dan', 'memuakkan', 'tentang', 'covid', 'its', 'okey', 'itu', 'informasi', 'penting', 'memang', 'tapi', 'jujur', 'buat', 'orang', 'yang', 'parnoan', 'kaya', 'saya', 'ini', 'hal', 'yang', 'mengganggu', 'banget', 'saya', 'kepikiran', 'terus'];['nggak', 'sih', 'stop', 'share', 'hall', 'menakutkan', 'memuakkan', 'covid', 'its', 'okey', 'informasi', 'jujur', 'orang', 'parnoan', 'kaya', 'mengganggu', 'banget', 'kepikiran'];nggak sih stop share hall menakutkan memuakkan covid its okey informasi jujur orang parnoan kaya mengganggu banget kepikiran;nggak sih stop share hall takut muak covid its okey informasi jujur orang parnoan kaya ganggu banget pikir
560;Update kasus Covid 19 hari ini bertambah 330 kasus baru positif sehingga totalnya menjadi 3842 kasus. Achmad Yurianto menambahkan bahwa pertambahan itu menandakan banyak warga yang belum disiplin.;0.0;update covid tambah positif total achmad yurianto tambah tanda warga disiplin;update kasus covid hari ini bertambah kasus baru positif sehingga totalnya menjadi kasus achmad yurianto menambahkan bahwa pertambahan itu menandakan banyak warga yang belum disiplin;['update', 'kasus', 'covid', 'hari', 'ini', 'bertambah', 'kasus', 'baru', 'positif', 'sehingga', 'totalnya', 'menjadi', 'kasus', 'achmad', 'yurianto', 'menambahkan', 'bahwa', 'pertambahan', 'itu', 'menandakan', 'banyak', 'warga', 'yang', 'belum', 'disiplin'];['update', 'kasus', 'covid', 'hari', 'ini', 'bertambah', 'kasus', 'baru', 'positif', 'sehingga', 'totalnya', 'menjadi', 'kasus', 'achmad', 'yurianto', 'menambahkan', 'bahwa', 'pertambahan', 'itu', 'menandakan', 'banyak', 'warga', 'yang', 'belum', 'disiplin'];['update', 'covid', 'bertambah', 'positif', 'totalnya', 'achmad', 'yurianto', 'pertambahan', 'menandakan', 'warga', 'disiplin'];update covid bertambah positif totalnya achmad yurianto pertambahan menandakan warga disiplin;update covid tambah positif total achmad yurianto tambah tanda warga disiplin
561;Beli tong besarIsi sepenuh yang mungkinSimpanLpas Covid-19 beransur pulih, confirmed harga minyak naik balik.. By that time duit hang dah selamat, while orang lain tengah huha huha bising harga minyak melambung sambil menyalahkan kerajaan tak kawal kenaikan harga.Believe me!;0.0;beli tong besarisi sepenuh mungkinsimpanlpas covid beransur pulih confirmed harga minyak by that time duit hang selamat while orang huha huha bising harga minyak lambung salah raja kawal naik hargabelieve;beli tong besarisi sepenuh yang mungkinsimpanlpas covid beransur pulih confirmed harga minyak naik balik by that time duit hang dah selamat while orang lain tengah huha huha bising harga minyak melambung sambil menyalahkan kerajaan tak kawal kenaikan hargabelieve me;['beli', 'tong', 'besarisi', 'sepenuh', 'yang', 'mungkinsimpanlpas', 'covid', 'beransur', 'pulih', 'confirmed', 'harga', 'minyak', 'naik', 'balik', 'by', 'that', 'time', 'duit', 'hang', 'dah', 'selamat', 'while', 'orang', 'lain', 'tengah', 'huha', 'huha', 'bising', 'harga', 'minyak', 'melambung', 'sambil', 'menyalahkan', 'kerajaan', 'tak', 'kawal', 'kenaikan', 'hargabelieve', 'me'];['beli', 'tong', 'besarisi', 'sepenuh', 'yang', 'mungkinsimpanlpas', 'covid', 'beransur', 'pulih', 'confirmed', 'harga', 'minyak', 'naik', 'balik', 'by', 'that', 'time', 'duit', 'hang', 'sudah', 'selamat', 'while', 'orang', 'lain', 'tengah', 'huha', 'huha', 'bising', 'harga', 'minyak', 'melambung', 'sambil', 'menyalahkan', 'kerajaan', 'tak', 'kawal', 'kenaikan', 'hargabelieve', 'saya'];['beli', 'tong', 'besarisi', 'sepenuh', 'mungkinsimpanlpas', 'covid', 'beransur', 'pulih', 'confirmed', 'harga', 'minyak', 'by', 'that', 'time', 'duit', 'hang', 'selamat', 'while', 'orang', 'huha', 'huha', 'bising', 'harga', 'minyak', 'melambung', 'menyalahkan', 'kerajaan', 'kawal', 'kenaikan', 'hargabelieve'];beli tong besarisi sepenuh mungkinsimpanlpas covid beransur pulih confirmed harga minyak by that time duit hang selamat while orang huha huha bising harga minyak melambung menyalahkan kerajaan kawal kenaikan hargabelieve;beli tong besarisi sepenuh mungkinsimpanlpas covid beransur pulih confirmed harga minyak by that time duit hang selamat while orang huha huha bising harga minyak lambung salah raja kawal naik hargabelieve
562;jadi pas itu aku malakin masku, karena covid kan gak bisa pergi jauh buat beli kado.barusan diajak ke indoapril, dia nyuruh aku ambil apa yang aku mau. berasa ditantang, so ya aku ambil ini semua. pas ditotal nominalnya sesuai sama apa yang aku palakin WKWKWKWKWK;-1.0;cocok malakin mas covid pergi beli kadobarusan ajak indoapril nyuruh ambil asa tantang so iya ambil cocok total nominal sesuai palakin wkwkwkwkwk;jadi pas itu aku malakin masku karena covid kan gak bisa pergi jauh buat beli kadobarusan diajak ke indoapril dia nyuruh aku ambil apa yang aku mau berasa ditantang so ya aku ambil ini semua pas ditotal nominalnya sesuai sama apa yang aku palakin wkwkwkwkwk;['jadi', 'pas', 'itu', 'aku', 'malakin', 'masku', 'karena', 'covid', 'kan', 'gak', 'bisa', 'pergi', 'jauh', 'buat', 'beli', 'kadobarusan', 'diajak', 'ke', 'indoapril', 'dia', 'nyuruh', 'aku', 'ambil', 'apa', 'yang', 'aku', 'mau', 'berasa', 'ditantang', 'so', 'ya', 'aku', 'ambil', 'ini', 'semua', 'pas', 'ditotal', 'nominalnya', 'sesuai', 'sama', 'apa', 'yang', 'aku', 'palakin', 'wkwkwkwkwk'];['jadi', 'cocok', 'itu', 'aku', 'malakin', 'masku', 'karena', 'covid', 'kan', 'tidak', 'bisa', 'pergi', 'jauh', 'buat', 'beli', 'kadobarusan', 'diajak', 'ke', 'indoapril', 'dia', 'nyuruh', 'aku', 'ambil', 'apa', 'yang', 'aku', 'mau', 'berasa', 'ditantang', 'so', 'iya', 'aku', 'ambil', 'ini', 'semua', 'cocok', 'ditotal', 'nominalnya', 'sesuai', 'sama', 'apa', 'yang', 'aku', 'palakin', 'wkwkwkwkwk'];['cocok', 'malakin', 'masku', 'covid', 'pergi', 'beli', 'kadobarusan', 'diajak', 'indoapril', 'nyuruh', 'ambil', 'berasa', 'ditantang', 'so', 'iya', 'ambil', 'cocok', 'ditotal', 'nominalnya', 'sesuai', 'palakin', 'wkwkwkwkwk'];cocok malakin masku covid pergi beli kadobarusan diajak indoapril nyuruh ambil berasa ditantang so iya ambil cocok ditotal nominalnya sesuai palakin wkwkwkwkwk;cocok malakin mas covid pergi beli kadobarusan ajak indoapril nyuruh ambil asa tantang so iya ambil cocok total nominal sesuai palakin wkwkwkwkwk
563;bukan lebay gimana gimana sih sama covid-19 ini, cuma sekarang lagi tinggal sama keluarga bkn di apart, jadi kalau w kena trus mati ya gak papa kalau mati sendirilah kalau ke keluarga? udah mati aja masih nyusahin w :;-1.0;lebay sih covid tinggal keluarga apart w kena mati iya papa mati sendiri keluarga mati susah w;bukan lebay gimana gimana sih sama covid ini cuma sekarang lagi tinggal sama keluarga bkn di apart jadi kalau w kena trus mati ya gak papa kalau mati sendirilah kalau ke keluarga udah mati aja masih nyusahin w;['bukan', 'lebay', 'gimana', 'gimana', 'sih', 'sama', 'covid', 'ini', 'cuma', 'sekarang', 'lagi', 'tinggal', 'sama', 'keluarga', 'bkn', 'di', 'apart', 'jadi', 'kalau', 'w', 'kena', 'trus', 'mati', 'ya', 'gak', 'papa', 'kalau', 'mati', 'sendirilah', 'kalau', 'ke', 'keluarga', 'udah', 'mati', 'aja', 'masih', 'nyusahin', 'w'];['bukan', 'lebay', 'bagaimana', 'bagaimana', 'sih', 'sama', 'covid', 'ini', 'cuma', 'sekarang', 'lagi', 'tinggal', 'sama', 'keluarga', 'bukan', 'di', 'apart', 'jadi', 'kalau', 'w', 'kena', 'terus', 'mati', 'iya', 'tidak', 'papa', 'kalau', 'mati', 'sendirilah', 'kalau', 'ke', 'keluarga', 'sudah', 'mati', 'saja', 'masih', 'menyusahkan', 'w'];['lebay', 'sih', 'covid', 'tinggal', 'keluarga', 'apart', 'w', 'kena', 'mati', 'iya', 'papa', 'mati', 'sendirilah', 'keluarga', 'mati', 'menyusahkan', 'w'];lebay sih covid tinggal keluarga apart w kena mati iya papa mati sendirilah keluarga mati menyusahkan w;lebay sih covid tinggal keluarga apart w kena mati iya papa mati sendiri keluarga mati susah w
564;Update sebaran Covid-19 di Kabupaten Bojonegoro per tanggal 11 April 2020 pukul 15.00 WIB.;0.0;update sebar covid kabupaten bojonegoro tanggal april wib;update sebaran covid di kabupaten bojonegoro per tanggal april pukul wib;['update', 'sebaran', 'covid', 'di', 'kabupaten', 'bojonegoro', 'per', 'tanggal', 'april', 'pukul', 'wib'];['update', 'sebaran', 'covid', 'di', 'kabupaten', 'bojonegoro', 'per', 'tanggal', 'april', 'pukul', 'wib'];['update', 'sebaran', 'covid', 'kabupaten', 'bojonegoro', 'tanggal', 'april', 'wib'];update sebaran covid kabupaten bojonegoro tanggal april wib;update sebar covid kabupaten bojonegoro tanggal april wib
565;Penanganan Covid-19, Warga Berkukuh Tolak Islamic Center Kotabumi Jadi Tempat Isolasi;-1.0;tangan covid warga kukuh tolak islamic center kotabumi isolasi;penanganan covid warga berkukuh tolak islamic center kotabumi jadi tempat isolasi;['penanganan', 'covid', 'warga', 'berkukuh', 'tolak', 'islamic', 'center', 'kotabumi', 'jadi', 'tempat', 'isolasi'];['penanganan', 'covid', 'warga', 'berkukuh', 'tolak', 'islamic', 'center', 'kotabumi', 'jadi', 'tempat', 'isolasi'];['penanganan', 'covid', 'warga', 'berkukuh', 'tolak', 'islamic', 'center', 'kotabumi', 'isolasi'];penanganan covid warga berkukuh tolak islamic center kotabumi isolasi;tangan covid warga kukuh tolak islamic center kotabumi isolasi
566;Covid-19 dtg rumah.;-1.0;covid dtg rumah;covid dtg rumah;['covid', 'dtg', 'rumah'];['covid', 'dtg', 'rumah'];['covid', 'dtg', 'rumah'];covid dtg rumah;covid dtg rumah
567;Knp sebagian marah kepada LBP krn di tengah wabah Covid 19, LBP justru terkesan tdk serius melawan wabah Covid 19 dengan membela kedatangan TKA China di saat aturan sdh melarang, selain itu jg terkesan memaksakan pindah IKN di saat negara justru kumpulkan sumbangan tuk covid 19;0.0;marah lbp wabah covid lbp kes serius lawan wabah covid bela datang tka china atur larang jg kes paksa pindah ikn negara kumpul sumbang tuk covid;knp sebagian marah kepada lbp krn di tengah wabah covid lbp justru terkesan tdk serius melawan wabah covid dengan membela kedatangan tka china di saat aturan sdh melarang selain itu jg terkesan memaksakan pindah ikn di saat negara justru kumpulkan sumbangan tuk covid;['knp', 'sebagian', 'marah', 'kepada', 'lbp', 'krn', 'di', 'tengah', 'wabah', 'covid', 'lbp', 'justru', 'terkesan', 'tdk', 'serius', 'melawan', 'wabah', 'covid', 'dengan', 'membela', 'kedatangan', 'tka', 'china', 'di', 'saat', 'aturan', 'sdh', 'melarang', 'selain', 'itu', 'jg', 'terkesan', 'memaksakan', 'pindah', 'ikn', 'di', 'saat', 'negara', 'justru', 'kumpulkan', 'sumbangan', 'tuk', 'covid'];['mengapa', 'sebagian', 'marah', 'kepada', 'lbp', 'karena', 'di', 'tengah', 'wabah', 'covid', 'lbp', 'justru', 'terkesan', 'tidak', 'serius', 'melawan', 'wabah', 'covid', 'dengan', 'membela', 'kedatangan', 'tka', 'china', 'di', 'saat', 'aturan', 'sudah', 'melarang', 'selain', 'itu', 'jg', 'terkesan', 'memaksakan', 'pindah', 'ikn', 'di', 'saat', 'negara', 'justru', 'kumpulkan', 'sumbangan', 'tuk', 'covid'];['marah', 'lbp', 'wabah', 'covid', 'lbp', 'terkesan', 'serius', 'melawan', 'wabah', 'covid', 'membela', 'kedatangan', 'tka', 'china', 'aturan', 'melarang', 'jg', 'terkesan', 'memaksakan', 'pindah', 'ikn', 'negara', 'kumpulkan', 'sumbangan', 'tuk', 'covid'];marah lbp wabah covid lbp terkesan serius melawan wabah covid membela kedatangan tka china aturan melarang jg terkesan memaksakan pindah ikn negara kumpulkan sumbangan tuk covid;marah lbp wabah covid lbp kes serius lawan wabah covid bela datang tka china atur larang jg kes paksa pindah ikn negara kumpul sumbang tuk covid
568;min ini kenapa pamnya mati ya?Kp. Setu bintara jaya rt/rw 08/02010507008034Ada aja lagi covid 19 gini pake mati segala. Ini gimana coba mau cuci tangan segala macem kalo air mati?;-1.0;min pamnya mati yakp setu bintara jaya rtrw covid gin pakai mati coba cuci tangan air mati;min ini kenapa pamnya mati yakp setu bintara jaya rtrw ada aja lagi covid gini pake mati segala ini gimana coba mau cuci tangan segala macem kalo air mati;['min', 'ini', 'kenapa', 'pamnya', 'mati', 'yakp', 'setu', 'bintara', 'jaya', 'rtrw', 'ada', 'aja', 'lagi', 'covid', 'gini', 'pake', 'mati', 'segala', 'ini', 'gimana', 'coba', 'mau', 'cuci', 'tangan', 'segala', 'macem', 'kalo', 'air', 'mati'];['min', 'ini', 'kenapa', 'pamnya', 'mati', 'yakp', 'setu', 'bintara', 'jaya', 'rtrw', 'ada', 'saja', 'lagi', 'covid', 'gini', 'pakai', 'mati', 'segala', 'ini', 'bagaimana', 'coba', 'mau', 'cuci', 'tangan', 'segala', 'seperti', 'kalau', 'air', 'mati'];['min', 'pamnya', 'mati', 'yakp', 'setu', 'bintara', 'jaya', 'rtrw', 'covid', 'gini', 'pakai', 'mati', 'coba', 'cuci', 'tangan', 'air', 'mati'];min pamnya mati yakp setu bintara jaya rtrw covid gini pakai mati coba cuci tangan air mati;min pamnya mati yakp setu bintara jaya rtrw covid gin pakai mati coba cuci tangan air mati
569;Dari dulu juga pak Jokowi suka suka membagikan rejeki ke masyarakat yang membutuhkan, gausah menprovokasi seakan akan itu tidak baik, kalau lu gasuka yagausah komentar, cukup diam saja, daripada mmperkeruh suasana, afau lu jadi relawan covid sana..;1.0;jokowi suka suka bagi rejeki masyarakat butuh gausah menprovokasi akan gasuka yagausah komentar diam mmperkeruh suasana afau rawan covid;dari dulu juga pak jokowi suka suka membagikan rejeki ke masyarakat yang membutuhkan gausah menprovokasi seakan akan itu tidak baik kalau lu gasuka yagausah komentar cukup diam saja daripada mmperkeruh suasana afau lu jadi relawan covid sana;['dari', 'dulu', 'juga', 'pak', 'jokowi', 'suka', 'suka', 'membagikan', 'rejeki', 'ke', 'masyarakat', 'yang', 'membutuhkan', 'gausah', 'menprovokasi', 'seakan', 'akan', 'itu', 'tidak', 'baik', 'kalau', 'lu', 'gasuka', 'yagausah', 'komentar', 'cukup', 'diam', 'saja', 'daripada', 'mmperkeruh', 'suasana', 'afau', 'lu', 'jadi', 'relawan', 'covid', 'sana'];['dari', 'dulu', 'juga', 'pak', 'jokowi', 'suka', 'suka', 'membagikan', 'rejeki', 'ke', 'masyarakat', 'yang', 'membutuhkan', 'gausah', 'menprovokasi', 'seakan', 'akan', 'itu', 'tidak', 'baik', 'kalau', 'kamu', 'gasuka', 'yagausah', 'komentar', 'cukup', 'diam', 'saja', 'daripada', 'mmperkeruh', 'suasana', 'afau', 'kamu', 'jadi', 'relawan', 'covid', 'sana'];['jokowi', 'suka', 'suka', 'membagikan', 'rejeki', 'masyarakat', 'membutuhkan', 'gausah', 'menprovokasi', 'seakan', 'gasuka', 'yagausah', 'komentar', 'diam', 'mmperkeruh', 'suasana', 'afau', 'relawan', 'covid'];jokowi suka suka membagikan rejeki masyarakat membutuhkan gausah menprovokasi seakan gasuka yagausah komentar diam mmperkeruh suasana afau relawan covid;jokowi suka suka bagi rejeki masyarakat butuh gausah menprovokasi akan gasuka yagausah komentar diam mmperkeruh suasana afau rawan covid
570;PMI Muba Buka Pendaftaran Relawan Kemanusiaan Hadapi Covid-19;1.0;pmi muba buka daftar rawan manusia hadap covid;pmi muba buka pendaftaran relawan kemanusiaan hadapi covid;['pmi', 'muba', 'buka', 'pendaftaran', 'relawan', 'kemanusiaan', 'hadapi', 'covid'];['pmi', 'muba', 'buka', 'pendaftaran', 'relawan', 'kemanusiaan', 'hadapi', 'covid'];['pmi', 'muba', 'buka', 'pendaftaran', 'relawan', 'kemanusiaan', 'hadapi', 'covid'];pmi muba buka pendaftaran relawan kemanusiaan hadapi covid;pmi muba buka daftar rawan manusia hadap covid
571;Selamatkan Indonesia, dengan selalu kenakan masker saat keluar rumah. Mari jadikan masker sbg kebutuhan pokok saat ini. Semoga Pandemi Virus Corona Covid-19 segera berlalu.;1.0;selamat indonesia kena masker rumah mari jadi masker butuh pokok moga pandemi virus corona covid;selamatkan indonesia dengan selalu kenakan masker saat keluar rumah mari jadikan masker sbg kebutuhan pokok saat ini semoga pandemi virus corona covid segera berlalu;['selamatkan', 'indonesia', 'dengan', 'selalu', 'kenakan', 'masker', 'saat', 'keluar', 'rumah', 'mari', 'jadikan', 'masker', 'sbg', 'kebutuhan', 'pokok', 'saat', 'ini', 'semoga', 'pandemi', 'virus', 'corona', 'covid', 'segera', 'berlalu'];['selamatkan', 'indonesia', 'dengan', 'selalu', 'kenakan', 'masker', 'saat', 'keluar', 'rumah', 'mari', 'jadikan', 'masker', 'sebagai', 'kebutuhan', 'pokok', 'saat', 'ini', 'semoga', 'pandemi', 'virus', 'corona', 'covid', 'segera', 'berlalu'];['selamatkan', 'indonesia', 'kenakan', 'masker', 'rumah', 'mari', 'jadikan', 'masker', 'kebutuhan', 'pokok', 'semoga', 'pandemi', 'virus', 'corona', 'covid'];selamatkan indonesia kenakan masker rumah mari jadikan masker kebutuhan pokok semoga pandemi virus corona covid;selamat indonesia kena masker rumah mari jadi masker butuh pokok moga pandemi virus corona covid
572;semoga secepetnya ini virus covid-19 ngilang, dan kita semua bisa beraktifitas dengan normal kembali.;1.0;moga secepetnya virus covid ngilang beraktifitas normal;semoga secepetnya ini virus covid ngilang dan kita semua bisa beraktifitas dengan normal kembali;['semoga', 'secepetnya', 'ini', 'virus', 'covid', 'ngilang', 'dan', 'kita', 'semua', 'bisa', 'beraktifitas', 'dengan', 'normal', 'kembali'];['semoga', 'secepetnya', 'ini', 'virus', 'covid', 'ngilang', 'dan', 'kita', 'semua', 'bisa', 'beraktifitas', 'dengan', 'normal', 'kembali'];['semoga', 'secepetnya', 'virus', 'covid', 'ngilang', 'beraktifitas', 'normal'];semoga secepetnya virus covid ngilang beraktifitas normal;moga secepetnya virus covid ngilang beraktifitas normal
573;Waktu ngelebelin status peserta test covid . Merah aku isi pdi. Biru aku isi demokrat atau pan ya?;0.0;ngelebelin status serta test covid merah isi pdi biru isi demokrat pan iya;waktu ngelebelin status peserta test covid merah aku isi pdi biru aku isi demokrat atau pan ya;['waktu', 'ngelebelin', 'status', 'peserta', 'test', 'covid', 'merah', 'aku', 'isi', 'pdi', 'biru', 'aku', 'isi', 'demokrat', 'atau', 'pan', 'ya'];['waktu', 'ngelebelin', 'status', 'peserta', 'test', 'covid', 'merah', 'aku', 'isi', 'pdi', 'biru', 'aku', 'isi', 'demokrat', 'atau', 'pan', 'iya'];['ngelebelin', 'status', 'peserta', 'test', 'covid', 'merah', 'isi', 'pdi', 'biru', 'isi', 'demokrat', 'pan', 'iya'];ngelebelin status peserta test covid merah isi pdi biru isi demokrat pan iya;ngelebelin status serta test covid merah isi pdi biru isi demokrat pan iya
574;Lama2 eneg juga liat driver ojol ini. Makin ngelunjak. Emangnya cuma kalian apa yg terdampak covid 19 ini. Semua tau!!! Gimana ne mentri yg punya? Urus dong diver2nya. Koq negara yg jd repot dibuat;-1.0;eneg lihat driver ojol ngelunjak emang dampak covid tau ne menteri urus divernya koq negara jadi repot;lama eneg juga liat driver ojol ini makin ngelunjak emangnya cuma kalian apa yg terdampak covid ini semua tau gimana ne mentri yg punya urus dong divernya koq negara yg jd repot dibuat;['lama', 'eneg', 'juga', 'liat', 'driver', 'ojol', 'ini', 'makin', 'ngelunjak', 'emangnya', 'cuma', 'kalian', 'apa', 'yg', 'terdampak', 'covid', 'ini', 'semua', 'tau', 'gimana', 'ne', 'mentri', 'yg', 'punya', 'urus', 'dong', 'divernya', 'koq', 'negara', 'yg', 'jd', 'repot', 'dibuat'];['lama', 'eneg', 'juga', 'lihat', 'driver', 'ojol', 'ini', 'makin', 'ngelunjak', 'emangnya', 'cuma', 'kalian', 'apa', 'yang', 'terdampak', 'covid', 'ini', 'semua', 'tau', 'bagaimana', 'ne', 'menteri', 'yang', 'punya', 'urus', 'dong', 'divernya', 'koq', 'negara', 'yang', 'jadi ', 'repot', 'dibuat'];['eneg', 'lihat', 'driver', 'ojol', 'ngelunjak', 'emangnya', 'terdampak', 'covid', 'tau', 'ne', 'menteri', 'urus', 'divernya', 'koq', 'negara', 'jadi ', 'repot'];eneg lihat driver ojol ngelunjak emangnya terdampak covid tau ne menteri urus divernya koq negara jadi  repot;eneg lihat driver ojol ngelunjak emang dampak covid tau ne menteri urus divernya koq negara jadi repot
575;Susah gila nak control org tua nie...hari2 riso jea...apa lg dia nak buat setiap hari...x control nanti effect semua org..stresss nya...dahla kena wfh...Ya Allah cepat la reda covid nie aminnn..;1.0;susah gila nak control orang tua niehari riso jeaapa lg nak harix control effect orgstresss nyadahla kena wfhya allah cepat la reda covid nie aminnn;susah gila nak control org tua niehari riso jeaapa lg dia nak buat setiap harix control nanti effect semua orgstresss nyadahla kena wfhya allah cepat la reda covid nie aminnn;['susah', 'gila', 'nak', 'control', 'org', 'tua', 'niehari', 'riso', 'jeaapa', 'lg', 'dia', 'nak', 'buat', 'setiap', 'harix', 'control', 'nanti', 'effect', 'semua', 'orgstresss', 'nyadahla', 'kena', 'wfhya', 'allah', 'cepat', 'la', 'reda', 'covid', 'nie', 'aminnn'];['susah', 'gila', 'nak', 'control', 'orang', 'tua', 'niehari', 'riso', 'jeaapa', 'lg', 'dia', 'nak', 'buat', 'setiap', 'harix', 'control', 'nanti', 'effect', 'semua', 'orgstresss', 'nyadahla', 'kena', 'wfhya', 'allah', 'cepat', 'la', 'reda', 'covid', 'nie', 'aminnn'];['susah', 'gila', 'nak', 'control', 'orang', 'tua', 'niehari', 'riso', 'jeaapa', 'lg', 'nak', 'harix', 'control', 'effect', 'orgstresss', 'nyadahla', 'kena', 'wfhya', 'allah', 'cepat', 'la', 'reda', 'covid', 'nie', 'aminnn'];susah gila nak control orang tua niehari riso jeaapa lg nak harix control effect orgstresss nyadahla kena wfhya allah cepat la reda covid nie aminnn;susah gila nak control orang tua niehari riso jeaapa lg nak harix control effect orgstresss nyadahla kena wfhya allah cepat la reda covid nie aminnn
576;"Dulu pas mau sakit selalu bilang ke temen gini : ""Teman... tolong dong infusin""""Teman aku sakit, bawain obat yaa""__Nah sekarang ??Mau ngomong pusing, flu, batuk, panas, sesak nafas. Takut dikira kenak covid-19 ";0.0;cocok sakit bilang teman gin teman tolong infusinteman sakit bawain obat yaanah ngomong pusing flu batuk panas sesak nafas takut nak covid;dulu pas mau sakit selalu bilang ke temen gini teman tolong dong infusinteman aku sakit bawain obat yaanah sekarang mau ngomong pusing flu batuk panas sesak nafas takut dikira kenak covid;['dulu', 'pas', 'mau', 'sakit', 'selalu', 'bilang', 'ke', 'temen', 'gini', 'teman', 'tolong', 'dong', 'infusinteman', 'aku', 'sakit', 'bawain', 'obat', 'yaanah', 'sekarang', 'mau', 'ngomong', 'pusing', 'flu', 'batuk', 'panas', 'sesak', 'nafas', 'takut', 'dikira', 'kenak', 'covid'];['dulu', 'cocok', 'mau', 'sakit', 'selalu', 'bilang', 'ke', 'teman', 'gini', 'teman', 'tolong', 'dong', 'infusinteman', 'aku', 'sakit', 'bawain', 'obat', 'yaanah', 'sekarang', 'mau', 'ngomong', 'pusing', 'flu', 'batuk', 'panas', 'sesak', 'nafas', 'takut', 'dikira', 'kenak', 'covid'];['cocok', 'sakit', 'bilang', 'teman', 'gini', 'teman', 'tolong', 'infusinteman', 'sakit', 'bawain', 'obat', 'yaanah', 'ngomong', 'pusing', 'flu', 'batuk', 'panas', 'sesak', 'nafas', 'takut', 'kenak', 'covid'];cocok sakit bilang teman gini teman tolong infusinteman sakit bawain obat yaanah ngomong pusing flu batuk panas sesak nafas takut kenak covid;cocok sakit bilang teman gin teman tolong infusinteman sakit bawain obat yaanah ngomong pusing flu batuk panas sesak nafas takut nak covid
577;GARIS PANDUANAmalan Langkah Pencegahan COVID-19 Industri Pembinaan;1.0;garis panduanamalan langkah cegah covid industri bina;garis panduanamalan langkah pencegahan covid industri pembinaan;['garis', 'panduanamalan', 'langkah', 'pencegahan', 'covid', 'industri', 'pembinaan'];['garis', 'panduanamalan', 'langkah', 'pencegahan', 'covid', 'industri', 'pembinaan'];['garis', 'panduanamalan', 'langkah', 'pencegahan', 'covid', 'industri', 'pembinaan'];garis panduanamalan langkah pencegahan covid industri pembinaan;garis panduanamalan langkah cegah covid industri bina
578;Dampak Covid-19, Ketua AMPI Palas Bagikan Sembako kepada Abang Becak;1.0;dampak covid ketua ampi palas bagi sembako abang becak;dampak covid ketua ampi palas bagikan sembako kepada abang becak;['dampak', 'covid', 'ketua', 'ampi', 'palas', 'bagikan', 'sembako', 'kepada', 'abang', 'becak'];['dampak', 'covid', 'ketua', 'ampi', 'palas', 'bagikan', 'sembako', 'kepada', 'abang', 'becak'];['dampak', 'covid', 'ketua', 'ampi', 'palas', 'bagikan', 'sembako', 'abang', 'becak'];dampak covid ketua ampi palas bagikan sembako abang becak;dampak covid ketua ampi palas bagi sembako abang becak
579;anda melakukan hoax terberat dalam kasus covid-19 dimana kalimat anda berupa statement bukan seperti pakar yg hanya bisa memperkirakan. anda telah menciderai profesi sbg pengacara, pantesan anda kalah dlm gugatan pilpres, gak heran sih twit anda menggambarkan kualitas anda.bye;-1.0;bohong berat covid mana kalimat statement pakar menciderai profesi acara pantesan kalah gugat pilpres heran sih twit gambar kualitas andabye;anda melakukan hoax terberat dalam kasus covid dimana kalimat anda berupa statement bukan seperti pakar yg hanya bisa memperkirakan anda telah menciderai profesi sbg pengacara pantesan anda kalah dlm gugatan pilpres gak heran sih twit anda menggambarkan kualitas andabye;['anda', 'melakukan', 'hoax', 'terberat', 'dalam', 'kasus', 'covid', 'dimana', 'kalimat', 'anda', 'berupa', 'statement', 'bukan', 'seperti', 'pakar', 'yg', 'hanya', 'bisa', 'memperkirakan', 'anda', 'telah', 'menciderai', 'profesi', 'sbg', 'pengacara', 'pantesan', 'anda', 'kalah', 'dlm', 'gugatan', 'pilpres', 'gak', 'heran', 'sih', 'twit', 'anda', 'menggambarkan', 'kualitas', 'andabye'];['anda', 'melakukan', 'bohong', 'terberat', 'dalam', 'kasus', 'covid', 'dimana', 'kalimat', 'anda', 'berupa', 'statement', 'bukan', 'seperti', 'pakar', 'yang', 'hanya', 'bisa', 'memperkirakan', 'anda', 'telah', 'menciderai', 'profesi', 'sebagai', 'pengacara', 'pantesan', 'anda', 'kalah', 'dalam', 'gugatan', 'pilpres', 'tidak', 'heran', 'sih', 'twit', 'anda', 'menggambarkan', 'kualitas', 'andabye'];['bohong', 'terberat', 'covid', 'dimana', 'kalimat', 'statement', 'pakar', 'menciderai', 'profesi', 'pengacara', 'pantesan', 'kalah', 'gugatan', 'pilpres', 'heran', 'sih', 'twit', 'menggambarkan', 'kualitas', 'andabye'];bohong terberat covid dimana kalimat statement pakar menciderai profesi pengacara pantesan kalah gugatan pilpres heran sih twit menggambarkan kualitas andabye;bohong berat covid mana kalimat statement pakar menciderai profesi acara pantesan kalah gugat pilpres heran sih twit gambar kualitas andabye
580;pengen banget optimis keadaan bakal secepatnya pulih lagi,tp kenyataanya melow tiap hari..blm jg si covid membaik udh ada dentuman lagi. yaallah sampe kapan;1.0;banget optimis cepat pulih lagitp kenyataanya melow hariblm jg sih covid baik dentum yaallah;pengen banget optimis keadaan bakal secepatnya pulih lagitp kenyataanya melow tiap hariblm jg si covid membaik udh ada dentuman lagi yaallah sampe kapan;['pengen', 'banget', 'optimis', 'keadaan', 'bakal', 'secepatnya', 'pulih', 'lagitp', 'kenyataanya', 'melow', 'tiap', 'hariblm', 'jg', 'si', 'covid', 'membaik', 'udh', 'ada', 'dentuman', 'lagi', 'yaallah', 'sampe', 'kapan'];['ingin', 'banget', 'optimis', 'keadaan', 'bakal', 'secepatnya', 'pulih', 'lagitp', 'kenyataanya', 'melow', 'tiap', 'hariblm', 'jg', 'sih', 'covid', 'membaik', 'sudah', 'ada', 'dentuman', 'lagi', 'yaallah', 'sampai', 'kapan'];['banget', 'optimis', 'secepatnya', 'pulih', 'lagitp', 'kenyataanya', 'melow', 'hariblm', 'jg', 'sih', 'covid', 'membaik', 'dentuman', 'yaallah'];banget optimis secepatnya pulih lagitp kenyataanya melow hariblm jg sih covid membaik dentuman yaallah;banget optimis cepat pulih lagitp kenyataanya melow hariblm jg sih covid baik dentum yaallah
581;HIMBAUAN Untuk Masyarakat Pamoyanan Agar Sementara Waktu Bekerja Dan Beribadah Memutus Rantai Penyebaran Wabah Penyakit Covid-19.;1.0;himbauan masyarakat pamoyanan ibadah putus rantai sebar wabah sakit covid;himbauan untuk masyarakat pamoyanan agar sementara waktu bekerja dan beribadah memutus rantai penyebaran wabah penyakit covid;['himbauan', 'untuk', 'masyarakat', 'pamoyanan', 'agar', 'sementara', 'waktu', 'bekerja', 'dan', 'beribadah', 'memutus', 'rantai', 'penyebaran', 'wabah', 'penyakit', 'covid'];['himbauan', 'untuk', 'masyarakat', 'pamoyanan', 'agar', 'sementara', 'waktu', 'bekerja', 'dan', 'beribadah', 'memutus', 'rantai', 'penyebaran', 'wabah', 'penyakit', 'covid'];['himbauan', 'masyarakat', 'pamoyanan', 'beribadah', 'memutus', 'rantai', 'penyebaran', 'wabah', 'penyakit', 'covid'];himbauan masyarakat pamoyanan beribadah memutus rantai penyebaran wabah penyakit covid;himbauan masyarakat pamoyanan ibadah putus rantai sebar wabah sakit covid
582;Bagaimana Mekanisme Membentuk Desa Tanggap COVID-19 dan Relawan Desa Lawan COVID-19;0.0;mekanisme bentuk desa tanggap covid rawan desa lawan covid;bagaimana mekanisme membentuk desa tanggap covid dan relawan desa lawan covid;['bagaimana', 'mekanisme', 'membentuk', 'desa', 'tanggap', 'covid', 'dan', 'relawan', 'desa', 'lawan', 'covid'];['bagaimana', 'mekanisme', 'membentuk', 'desa', 'tanggap', 'covid', 'dan', 'relawan', 'desa', 'lawan', 'covid'];['mekanisme', 'membentuk', 'desa', 'tanggap', 'covid', 'relawan', 'desa', 'lawan', 'covid'];mekanisme membentuk desa tanggap covid relawan desa lawan covid;mekanisme bentuk desa tanggap covid rawan desa lawan covid
583;mari basmi kegabutan serta covid;1.0;mari basmi kegabutan covid;mari basmi kegabutan serta covid;['mari', 'basmi', 'kegabutan', 'serta', 'covid'];['mari', 'basmi', 'kegabutan', 'serta', 'covid'];['mari', 'basmi', 'kegabutan', 'covid'];mari basmi kegabutan covid;mari basmi kegabutan covid
584;Akibat dari kurang nya pengetahuan tentang penyebaran virus COVID-19. Mengakibatkan warga menjadi ketakutan yang berlebihan.;1.0;akibat nya tahu sebar virus covid akibat warga takut;akibat dari kurang nya pengetahuan tentang penyebaran virus covid mengakibatkan warga menjadi ketakutan yang berlebihan;['akibat', 'dari', 'kurang', 'nya', 'pengetahuan', 'tentang', 'penyebaran', 'virus', 'covid', 'mengakibatkan', 'warga', 'menjadi', 'ketakutan', 'yang', 'berlebihan'];['akibat', 'dari', 'kurang', 'nya', 'pengetahuan', 'tentang', 'penyebaran', 'virus', 'covid', 'mengakibatkan', 'warga', 'menjadi', 'ketakutan', 'yang', 'berlebihan'];['akibat', 'nya', 'pengetahuan', 'penyebaran', 'virus', 'covid', 'mengakibatkan', 'warga', 'ketakutan'];akibat nya pengetahuan penyebaran virus covid mengakibatkan warga ketakutan;akibat nya tahu sebar virus covid akibat warga takut
585;Iya yang aku mau di rumah aku mau di rumah aku mau di rumah akuAutocorrect versi covid;0.0;iya rumah rumah rumah akuautocorrect versi covid;iya yang aku mau di rumah aku mau di rumah aku mau di rumah akuautocorrect versi covid;['iya', 'yang', 'aku', 'mau', 'di', 'rumah', 'aku', 'mau', 'di', 'rumah', 'aku', 'mau', 'di', 'rumah', 'akuautocorrect', 'versi', 'covid'];['iya', 'yang', 'aku', 'mau', 'di', 'rumah', 'aku', 'mau', 'di', 'rumah', 'aku', 'mau', 'di', 'rumah', 'akuautocorrect', 'versi', 'covid'];['iya', 'rumah', 'rumah', 'rumah', 'akuautocorrect', 'versi', 'covid'];iya rumah rumah rumah akuautocorrect versi covid;iya rumah rumah rumah akuautocorrect versi covid
586;Hah pergi la gunting rambut..arini pergi sok lusa positive covid;-1.0;hah pergi la gunting rambutarini pergi sok lusa positive covid;hah pergi la gunting rambutarini pergi sok lusa positive covid;['hah', 'pergi', 'la', 'gunting', 'rambutarini', 'pergi', 'sok', 'lusa', 'positive', 'covid'];['hah', 'pergi', 'la', 'gunting', 'rambutarini', 'pergi', 'sok', 'lusa', 'positive', 'covid'];['hah', 'pergi', 'la', 'gunting', 'rambutarini', 'pergi', 'sok', 'lusa', 'positive', 'covid'];hah pergi la gunting rambutarini pergi sok lusa positive covid;hah pergi la gunting rambutarini pergi sok lusa positive covid
587;Informatorium Obat COVID-19 di Indonesia Maret 2020;-1.0;informatorium obat covid indonesia maret;informatorium obat covid di indonesia maret;['informatorium', 'obat', 'covid', 'di', 'indonesia', 'maret'];['informatorium', 'obat', 'covid', 'di', 'indonesia', 'maret'];['informatorium', 'obat', 'covid', 'indonesia', 'maret'];informatorium obat covid indonesia maret;informatorium obat covid indonesia maret
588;Putus Wabah Covid-19 dengan Tetap Dirumah Aja..;1.0;putus wabah covid rumah;putus wabah covid dengan tetap dirumah aja;['putus', 'wabah', 'covid', 'dengan', 'tetap', 'dirumah', 'aja'];['putus', 'wabah', 'covid', 'dengan', 'tetap', 'dirumah', 'saja'];['putus', 'wabah', 'covid', 'dirumah'];putus wabah covid dirumah;putus wabah covid rumah
589;Selamat malam travelers..  Di tengah Pandemi Covid-19 ini Gardi Tour masih tetap standby ya travelers..WFH senin-jumat : 10.00 - 16.00Untuk informasi seputar traveling bisa hubungi :0818-0608-8804 |;0.0;selamat malam travelers pandemi covid gardi tour standby iya travelerswfh seninjumat informasi putar traveling hubung;selamat malam travelers di tengah pandemi covid ini gardi tour masih tetap standby ya travelerswfh seninjumat untuk informasi seputar traveling bisa hubungi;['selamat', 'malam', 'travelers', 'di', 'tengah', 'pandemi', 'covid', 'ini', 'gardi', 'tour', 'masih', 'tetap', 'standby', 'ya', 'travelerswfh', 'seninjumat', 'untuk', 'informasi', 'seputar', 'traveling', 'bisa', 'hubungi'];['selamat', 'malam', 'travelers', 'di', 'tengah', 'pandemi', 'covid', 'ini', 'gardi', 'tour', 'masih', 'tetap', 'standby', 'iya', 'travelerswfh', 'seninjumat', 'untuk', 'informasi', 'seputar', 'traveling', 'bisa', 'hubungi'];['selamat', 'malam', 'travelers', 'pandemi', 'covid', 'gardi', 'tour', 'standby', 'iya', 'travelerswfh', 'seninjumat', 'informasi', 'seputar', 'traveling', 'hubungi'];selamat malam travelers pandemi covid gardi tour standby iya travelerswfh seninjumat informasi seputar traveling hubungi;selamat malam travelers pandemi covid gardi tour standby iya travelerswfh seninjumat informasi putar traveling hubung
590;Negara kita bukan masalah covid,tp org2nya yg aneh,yg mw bikin rusuh,yg provokator lah,salah juga sih pemerintah ga pernah sosialisasi kemasy buat menghormati sesama/tenaga medis,yg diputer sinetron,kekerasan makanya masyaraktnya kerasss;-1.0;negara covidtp orgnya anehyg rusuhyg provokator lahsalah sih perintah sosialisasi kemasy hormat sesamatenaga medisyg puter sinetronkekerasan masyaraktnya kerasss;negara kita bukan masalah covidtp orgnya yg anehyg mw bikin rusuhyg provokator lahsalah juga sih pemerintah ga pernah sosialisasi kemasy buat menghormati sesamatenaga medisyg diputer sinetronkekerasan makanya masyaraktnya kerasss;['negara', 'kita', 'bukan', 'masalah', 'covidtp', 'orgnya', 'yg', 'anehyg', 'mw', 'bikin', 'rusuhyg', 'provokator', 'lahsalah', 'juga', 'sih', 'pemerintah', 'ga', 'pernah', 'sosialisasi', 'kemasy', 'buat', 'menghormati', 'sesamatenaga', 'medisyg', 'diputer', 'sinetronkekerasan', 'makanya', 'masyaraktnya', 'kerasss'];['negara', 'kita', 'bukan', 'masalah', 'covidtp', 'orgnya', 'yang', 'anehyg', 'mau', 'membuat', 'rusuhyg', 'provokator', 'lahsalah', 'juga', 'sih', 'pemerintah', 'tidak', 'pernah', 'sosialisasi', 'kemasy', 'buat', 'menghormati', 'sesamatenaga', 'medisyg', 'diputer', 'sinetronkekerasan', 'makanya', 'masyaraktnya', 'kerasss'];['negara', 'covidtp', 'orgnya', 'anehyg', 'rusuhyg', 'provokator', 'lahsalah', 'sih', 'pemerintah', 'sosialisasi', 'kemasy', 'menghormati', 'sesamatenaga', 'medisyg', 'diputer', 'sinetronkekerasan', 'masyaraktnya', 'kerasss'];negara covidtp orgnya anehyg rusuhyg provokator lahsalah sih pemerintah sosialisasi kemasy menghormati sesamatenaga medisyg diputer sinetronkekerasan masyaraktnya kerasss;negara covidtp orgnya anehyg rusuhyg provokator lahsalah sih perintah sosialisasi kemasy hormat sesamatenaga medisyg puter sinetronkekerasan masyaraktnya kerasss
591;Kedatangan dan kehadiranmu menggucang kami dan seluruh dunia..Tak kuasa menahan arus yang engkau sebarkan, itulah covid 19,,tapi kami selalu yakin ini akan berakhir atas Kuasa Alloh.,.Ya Alloh izinkan kami menikmati bulan Ramadhan yang sebentar lagi tiba.;1.0;datang hadir menggucang duniatak kuasa tahan arus engkau sebar covid kuasa allohya alloh izin nikmat ramadhan sebentar;kedatangan dan kehadiranmu menggucang kami dan seluruh duniatak kuasa menahan arus yang engkau sebarkan itulah covid tapi kami selalu yakin ini akan berakhir atas kuasa allohya alloh izinkan kami menikmati bulan ramadhan yang sebentar lagi tiba;['kedatangan', 'dan', 'kehadiranmu', 'menggucang', 'kami', 'dan', 'seluruh', 'duniatak', 'kuasa', 'menahan', 'arus', 'yang', 'engkau', 'sebarkan', 'itulah', 'covid', 'tapi', 'kami', 'selalu', 'yakin', 'ini', 'akan', 'berakhir', 'atas', 'kuasa', 'allohya', 'alloh', 'izinkan', 'kami', 'menikmati', 'bulan', 'ramadhan', 'yang', 'sebentar', 'lagi', 'tiba'];['kedatangan', 'dan', 'kehadiranmu', 'menggucang', 'kami', 'dan', 'seluruh', 'duniatak', 'kuasa', 'menahan', 'arus', 'yang', 'engkau', 'sebarkan', 'itulah', 'covid', 'tapi', 'kami', 'selalu', 'yakin', 'ini', 'akan', 'berakhir', 'atas', 'kuasa', 'allohya', 'alloh', 'izinkan', 'kami', 'menikmati', 'bulan', 'ramadhan', 'yang', 'sebentar', 'lagi', 'tiba'];['kedatangan', 'kehadiranmu', 'menggucang', 'duniatak', 'kuasa', 'menahan', 'arus', 'engkau', 'sebarkan', 'covid', 'kuasa', 'allohya', 'alloh', 'izinkan', 'menikmati', 'ramadhan', 'sebentar'];kedatangan kehadiranmu menggucang duniatak kuasa menahan arus engkau sebarkan covid kuasa allohya alloh izinkan menikmati ramadhan sebentar;datang hadir menggucang duniatak kuasa tahan arus engkau sebar covid kuasa allohya alloh izin nikmat ramadhan sebentar
592;Kok aku agak heran ya, di beberapa daerah di jateng yg positif covid baru2 ini lumayan banyak kasusnya ternyata dari acara di Gowa itu. Bukannya udh dicancel ya acaranya dan itu udah lama juga kan ya kayaknya udah mau sebulan;-1.0;heran iya daerah jateng positif covid lumayan kasus acara gowa dicancel iya acara iya kayak bulan;kok aku agak heran ya di beberapa daerah di jateng yg positif covid baru ini lumayan banyak kasusnya ternyata dari acara di gowa itu bukannya udh dicancel ya acaranya dan itu udah lama juga kan ya kayaknya udah mau sebulan;['kok', 'aku', 'agak', 'heran', 'ya', 'di', 'beberapa', 'daerah', 'di', 'jateng', 'yg', 'positif', 'covid', 'baru', 'ini', 'lumayan', 'banyak', 'kasusnya', 'ternyata', 'dari', 'acara', 'di', 'gowa', 'itu', 'bukannya', 'udh', 'dicancel', 'ya', 'acaranya', 'dan', 'itu', 'udah', 'lama', 'juga', 'kan', 'ya', 'kayaknya', 'udah', 'mau', 'sebulan'];['kok', 'aku', 'agak', 'heran', 'iya', 'di', 'beberapa', 'daerah', 'di', 'jateng', 'yang', 'positif', 'covid', 'baru', 'ini', 'lumayan', 'banyak', 'kasusnya', 'ternyata', 'dari', 'acara', 'di', 'gowa', 'itu', 'bukannya', 'sudah', 'dicancel', 'iya', 'acaranya', 'dan', 'itu', 'sudah', 'lama', 'juga', 'kan', 'iya', 'kayaknya', 'sudah', 'mau', 'sebulan'];['heran', 'iya', 'daerah', 'jateng', 'positif', 'covid', 'lumayan', 'kasusnya', 'acara', 'gowa', 'dicancel', 'iya', 'acaranya', 'iya', 'kayaknya', 'sebulan'];heran iya daerah jateng positif covid lumayan kasusnya acara gowa dicancel iya acaranya iya kayaknya sebulan;heran iya daerah jateng positif covid lumayan kasus acara gowa dicancel iya acara iya kayak bulan
593;SETIAP TINDAKAN ADA KONSEKUENSINYA dibaca untuk memahami mengapa manusia harus berbicara dan bertindak hati- hati/serampangan.;1.0;tindak konsekuensi baca paham manusia bicara tindak hati hatiserampangan;setiap tindakan ada konsekuensinya dibaca untuk memahami mengapa manusia harus berbicara dan bertindak hati hatiserampangan;['setiap', 'tindakan', 'ada', 'konsekuensinya', 'dibaca', 'untuk', 'memahami', 'mengapa', 'manusia', 'harus', 'berbicara', 'dan', 'bertindak', 'hati', 'hatiserampangan'];['setiap', 'tindakan', 'ada', 'konsekuensinya', 'dibaca', 'untuk', 'memahami', 'mengapa', 'manusia', 'harus', 'berbicara', 'dan', 'bertindak', 'hati', 'hatiserampangan'];['tindakan', 'konsekuensinya', 'dibaca', 'memahami', 'manusia', 'berbicara', 'bertindak', 'hati', 'hatiserampangan'];tindakan konsekuensinya dibaca memahami manusia berbicara bertindak hati hatiserampangan;tindak konsekuensi baca paham manusia bicara tindak hati hatiserampangan
594;sedap gak nama covid lee tu;0.0;sedap nama covid lee;sedap gak nama covid lee tu;['sedap', 'gak', 'nama', 'covid', 'lee', 'tu'];['sedap', 'tidak', 'nama', 'covid', 'lee', 'itu'];['sedap', 'nama', 'covid', 'lee'];sedap nama covid lee;sedap nama covid lee
595;Erm rasa dah boleh simpan la rambut ni.bile betul betul Covid 19 dah Hilang.PKP pun dah takde baru la tunggu masa umi bising ;0.0;erm simpan la rambut nibile covid hilangpkp takde la tunggu umi bising;erm rasa dah boleh simpan la rambut nibile betul betul covid dah hilangpkp pun dah takde baru la tunggu masa umi bising;['erm', 'rasa', 'dah', 'boleh', 'simpan', 'la', 'rambut', 'nibile', 'betul', 'betul', 'covid', 'dah', 'hilangpkp', 'pun', 'dah', 'takde', 'baru', 'la', 'tunggu', 'masa', 'umi', 'bising'];['erm', 'rasa', 'sudah', 'boleh', 'simpan', 'la', 'rambut', 'nibile', 'betul', 'betul', 'covid', 'sudah', 'hilangpkp', 'pun', 'sudah', 'takde', 'baru', 'la', 'tunggu', 'masa', 'umi', 'bising'];['erm', 'simpan', 'la', 'rambut', 'nibile', 'covid', 'hilangpkp', 'takde', 'la', 'tunggu', 'umi', 'bising'];erm simpan la rambut nibile covid hilangpkp takde la tunggu umi bising;erm simpan la rambut nibile covid hilangpkp takde la tunggu umi bising
596;Covid, dentuman, gunung berapi :');0.0;covid dentum gunung rap;covid dentuman gunung berapi;['covid', 'dentuman', 'gunung', 'berapi'];['covid', 'dentuman', 'gunung', 'berapi'];['covid', 'dentuman', 'gunung', 'berapi'];covid dentuman gunung berapi;covid dentum gunung rap
597;Cegah penyebaran Covid-19, Lanud ZAM distribusikan APD;1.0;cegah sebar covid lanud zam distribusi apd;cegah penyebaran covid lanud zam distribusikan apd;['cegah', 'penyebaran', 'covid', 'lanud', 'zam', 'distribusikan', 'apd'];['cegah', 'penyebaran', 'covid', 'lanud', 'zam', 'distribusikan', 'apd'];['cegah', 'penyebaran', 'covid', 'lanud', 'zam', 'distribusikan', 'apd'];cegah penyebaran covid lanud zam distribusikan apd;cegah sebar covid lanud zam distribusi apd
598;Pandemi Covid-19 ini mengajarkan kita banyak hal. Bagaimana kita menjadi orang yang lebih sabar, bersyukur & berhemat. Dan mengajarkan para kaum hawa untuk perawatan dan merindu. Merindukan segala aktivitas diluar rumah;1.0;pandemi covid ajar orang sabar syukur hemat ajar kaum hawa awat rindu rindu aktivitas luar rumah;pandemi covid ini mengajarkan kita banyak hal bagaimana kita menjadi orang yang lebih sabar bersyukur berhemat dan mengajarkan para kaum hawa untuk perawatan dan merindu merindukan segala aktivitas diluar rumah;['pandemi', 'covid', 'ini', 'mengajarkan', 'kita', 'banyak', 'hal', 'bagaimana', 'kita', 'menjadi', 'orang', 'yang', 'lebih', 'sabar', 'bersyukur', 'berhemat', 'dan', 'mengajarkan', 'para', 'kaum', 'hawa', 'untuk', 'perawatan', 'dan', 'merindu', 'merindukan', 'segala', 'aktivitas', 'diluar', 'rumah'];['pandemi', 'covid', 'ini', 'mengajarkan', 'kita', 'banyak', 'hal', 'bagaimana', 'kita', 'menjadi', 'orang', 'yang', 'lebih', 'sabar', 'bersyukur', 'berhemat', 'dan', 'mengajarkan', 'para', 'kaum', 'hawa', 'untuk', 'perawatan', 'dan', 'merindu', 'merindukan', 'segala', 'aktivitas', 'diluar', 'rumah'];['pandemi', 'covid', 'mengajarkan', 'orang', 'sabar', 'bersyukur', 'berhemat', 'mengajarkan', 'kaum', 'hawa', 'perawatan', 'merindu', 'merindukan', 'aktivitas', 'diluar', 'rumah'];pandemi covid mengajarkan orang sabar bersyukur berhemat mengajarkan kaum hawa perawatan merindu merindukan aktivitas diluar rumah;pandemi covid ajar orang sabar syukur hemat ajar kaum hawa awat rindu rindu aktivitas luar rumah
599;Segala keputusan ini hanya akan mencipta kluster baru..adakah sebahagian menteri atau pihak yg terlibat dlm dasar ini tahu apakah objektif MCO dan pencegahan wabak covid-19;0.0;putus cipta kluster baruadakah sebahagian menteri libat dasar objektif mco cegah wabak covid;segala keputusan ini hanya akan mencipta kluster baruadakah sebahagian menteri atau pihak yg terlibat dlm dasar ini tahu apakah objektif mco dan pencegahan wabak covid;['segala', 'keputusan', 'ini', 'hanya', 'akan', 'mencipta', 'kluster', 'baruadakah', 'sebahagian', 'menteri', 'atau', 'pihak', 'yg', 'terlibat', 'dlm', 'dasar', 'ini', 'tahu', 'apakah', 'objektif', 'mco', 'dan', 'pencegahan', 'wabak', 'covid'];['segala', 'keputusan', 'ini', 'hanya', 'akan', 'mencipta', 'kluster', 'baruadakah', 'sebahagian', 'menteri', 'atau', 'pihak', 'yang', 'terlibat', 'dalam', 'dasar', 'ini', 'tahu', 'apakah', 'objektif', 'mco', 'dan', 'pencegahan', 'wabak', 'covid'];['keputusan', 'mencipta', 'kluster', 'baruadakah', 'sebahagian', 'menteri', 'terlibat', 'dasar', 'objektif', 'mco', 'pencegahan', 'wabak', 'covid'];keputusan mencipta kluster baruadakah sebahagian menteri terlibat dasar objektif mco pencegahan wabak covid;putus cipta kluster baruadakah sebahagian menteri libat dasar objektif mco cegah wabak covid
600;Saya do'akan kita semua sehat wal afiat dan musibah covid ini sgr berlalu, tpi jk Allah berkehendak memanggil Bpk lbh cepat ya kami ikhlas krn itu sdh takdir. Mungkin ini cara terbaik untuk Bpk reuni, krn reuni didunia saat ini tdk perbolehkan..;-1.0;doa sehat wal afiat musibah covid sgr jk allah panggil cepat iya ikhlas takdir baik reuni reuni dunia boleh;saya doakan kita semua sehat wal afiat dan musibah covid ini sgr berlalu tpi jk allah berkehendak memanggil bpk lbh cepat ya kami ikhlas krn itu sdh takdir mungkin ini cara terbaik untuk bpk reuni krn reuni didunia saat ini tdk perbolehkan;['saya', 'doakan', 'kita', 'semua', 'sehat', 'wal', 'afiat', 'dan', 'musibah', 'covid', 'ini', 'sgr', 'berlalu', 'tpi', 'jk', 'allah', 'berkehendak', 'memanggil', 'bpk', 'lbh', 'cepat', 'ya', 'kami', 'ikhlas', 'krn', 'itu', 'sdh', 'takdir', 'mungkin', 'ini', 'cara', 'terbaik', 'untuk', 'bpk', 'reuni', 'krn', 'reuni', 'didunia', 'saat', 'ini', 'tdk', 'perbolehkan'];['saya', 'doakan', 'kita', 'semua', 'sehat', 'wal', 'afiat', 'dan', 'musibah', 'covid', 'ini', 'sgr', 'berlalu', 'tapi', 'jk', 'allah', 'berkehendak', 'memanggil', 'bapak', 'lebih', 'cepat', 'iya', 'kami', 'ikhlas', 'karena', 'itu', 'sudah', 'takdir', 'mungkin', 'ini', 'cara', 'terbaik', 'untuk', 'bapak', 'reuni', 'karena', 'reuni', 'didunia', 'saat', 'ini', 'tidak', 'perbolehkan'];['doakan', 'sehat', 'wal', 'afiat', 'musibah', 'covid', 'sgr', 'jk', 'allah', 'memanggil', 'cepat', 'iya', 'ikhlas', 'takdir', 'terbaik', 'reuni', 'reuni', 'didunia', 'perbolehkan'];doakan sehat wal afiat musibah covid sgr jk allah memanggil cepat iya ikhlas takdir terbaik reuni reuni didunia perbolehkan;doa sehat wal afiat musibah covid sgr jk allah panggil cepat iya ikhlas takdir baik reuni reuni dunia boleh
601;jenazah tenaga medis covid ditolak warga dimakamin di lingkungan sekitarnya. kalo semua warga punya pikiran gitu, siapa yang mau jadi tenaga medis cok?;-1.0;jenazah tenaga medis covid tolak warga dimakamin lingkung warga pikir gitu tenaga medis cok;jenazah tenaga medis covid ditolak warga dimakamin di lingkungan sekitarnya kalo semua warga punya pikiran gitu siapa yang mau jadi tenaga medis cok;['jenazah', 'tenaga', 'medis', 'covid', 'ditolak', 'warga', 'dimakamin', 'di', 'lingkungan', 'sekitarnya', 'kalo', 'semua', 'warga', 'punya', 'pikiran', 'gitu', 'siapa', 'yang', 'mau', 'jadi', 'tenaga', 'medis', 'cok'];['jenazah', 'tenaga', 'medis', 'covid', 'ditolak', 'warga', 'dimakamin', 'di', 'lingkungan', 'sekitarnya', 'kalau', 'semua', 'warga', 'punya', 'pikiran', 'gitu', 'siapa', 'yang', 'mau', 'jadi', 'tenaga', 'medis', 'cok'];['jenazah', 'tenaga', 'medis', 'covid', 'ditolak', 'warga', 'dimakamin', 'lingkungan', 'warga', 'pikiran', 'gitu', 'tenaga', 'medis', 'cok'];jenazah tenaga medis covid ditolak warga dimakamin lingkungan warga pikiran gitu tenaga medis cok;jenazah tenaga medis covid tolak warga dimakamin lingkung warga pikir gitu tenaga medis cok
602;Bantu ngerawat pasien covid aja bin. Tapi ga pakek Apd wkwk;-1.0;bantu ngerawat pasien covid bin pakek apd wkwk;bantu ngerawat pasien covid aja bin tapi ga pakek apd wkwk;['bantu', 'ngerawat', 'pasien', 'covid', 'aja', 'bin', 'tapi', 'ga', 'pakek', 'apd', 'wkwk'];['bantu', 'ngerawat', 'pasien', 'covid', 'saja', 'bin', 'tapi', 'tidak', 'pakek', 'apd', 'wkwk'];['bantu', 'ngerawat', 'pasien', 'covid', 'bin', 'pakek', 'apd', 'wkwk'];bantu ngerawat pasien covid bin pakek apd wkwk;bantu ngerawat pasien covid bin pakek apd wkwk
603;baik jugaa, di daerah kamu gimana covid? stay safe yaa;1.0;jugaa daerah covid stay safe iya;baik jugaa di daerah kamu gimana covid stay safe yaa;['baik', 'jugaa', 'di', 'daerah', 'kamu', 'gimana', 'covid', 'stay', 'safe', 'yaa'];['baik', 'jugaa', 'di', 'daerah', 'kamu', 'bagaimana', 'covid', 'stay', 'safe', 'iya'];['jugaa', 'daerah', 'covid', 'stay', 'safe', 'iya'];jugaa daerah covid stay safe iya;jugaa daerah covid stay safe iya
604;Saya belum lihat video versi full nyaSebetulnya vitamin dan obat2an pendukung, atau spesifik obat untuk covid-19 ?;0.0;lihat video versi penuh nyasebetulnya vitamin obat dukung spesifik obat covid;saya belum lihat video versi full nyasebetulnya vitamin dan obatan pendukung atau spesifik obat untuk covid;['saya', 'belum', 'lihat', 'video', 'versi', 'full', 'nyasebetulnya', 'vitamin', 'dan', 'obatan', 'pendukung', 'atau', 'spesifik', 'obat', 'untuk', 'covid'];['saya', 'belum', 'lihat', 'video', 'versi', 'penuh', 'nyasebetulnya', 'vitamin', 'dan', 'obatan', 'pendukung', 'atau', 'spesifik', 'obat', 'untuk', 'covid'];['lihat', 'video', 'versi', 'penuh', 'nyasebetulnya', 'vitamin', 'obatan', 'pendukung', 'spesifik', 'obat', 'covid'];lihat video versi penuh nyasebetulnya vitamin obatan pendukung spesifik obat covid;lihat video versi penuh nyasebetulnya vitamin obat dukung spesifik obat covid
605;Wah dinas sosial rasis banget nih;-1.0;dinas sosial ras banget;wah dinas sosial rasis banget nih;['wah', 'dinas', 'sosial', 'rasis', 'banget', 'nih'];['wah', 'dinas', 'sosial', 'rasis', 'banget', 'ini'];['dinas', 'sosial', 'rasis', 'banget'];dinas sosial rasis banget;dinas sosial ras banget
606;"Mari "" ki bersama Polri Jaga kamtibmas dan Cegah penyebaran Virus Covid - 19 dngan Tetap di Rumah, jngan mudik, gnakan Masker, jga Kebersihan serta Cuci Tangan";1.0;mari ki polri jaga kamtibmas cegah sebar virus covid dngan rumah jngan mudik gnakan masker bersih cuci tangan;mari ki bersama polri jaga kamtibmas dan cegah penyebaran virus covid dngan tetap di rumah jngan mudik gnakan masker jga kebersihan serta cuci tangan;['mari', 'ki', 'bersama', 'polri', 'jaga', 'kamtibmas', 'dan', 'cegah', 'penyebaran', 'virus', 'covid', 'dngan', 'tetap', 'di', 'rumah', 'jngan', 'mudik', 'gnakan', 'masker', 'jga', 'kebersihan', 'serta', 'cuci', 'tangan'];['mari', 'ki', 'bersama', 'polri', 'jaga', 'kamtibmas', 'dan', 'cegah', 'penyebaran', 'virus', 'covid', 'dngan', 'tetap', 'di', 'rumah', 'jngan', 'mudik', 'gnakan', 'masker', 'juga', 'kebersihan', 'serta', 'cuci', 'tangan'];['mari', 'ki', 'polri', 'jaga', 'kamtibmas', 'cegah', 'penyebaran', 'virus', 'covid', 'dngan', 'rumah', 'jngan', 'mudik', 'gnakan', 'masker', 'kebersihan', 'cuci', 'tangan'];mari ki polri jaga kamtibmas cegah penyebaran virus covid dngan rumah jngan mudik gnakan masker kebersihan cuci tangan;mari ki polri jaga kamtibmas cegah sebar virus covid dngan rumah jngan mudik gnakan masker bersih cuci tangan
607;Gara2 abis ngasih donasi ke rumah sakit, batuk2 dikit lgsg parno.. krn td di RSU ngelewatin ruang isolasi pasien covid pdhl mah batuk biasa akibat minum dingin mulu dr kmrn. Asal jgn sampe mak w dgr, takut bsk pagi bgn2 rumah kosong krn sekelurga pada kabur krmh abang w;-1.0;gara donasi rumah sakit batuk langsung parno td rsu ngelewatin ruang isolasi pasien covid mah batuk akibat minum dingin mulu kmrn mak w dgr takut bsk pagi bgn rumah kosong sekelurga kabur krmh abang w;gara abis ngasih donasi ke rumah sakit batuk dikit lgsg parno krn td di rsu ngelewatin ruang isolasi pasien covid pdhl mah batuk biasa akibat minum dingin mulu dr kmrn asal jgn sampe mak w dgr takut bsk pagi bgn rumah kosong krn sekelurga pada kabur krmh abang w;['gara', 'abis', 'ngasih', 'donasi', 'ke', 'rumah', 'sakit', 'batuk', 'dikit', 'lgsg', 'parno', 'krn', 'td', 'di', 'rsu', 'ngelewatin', 'ruang', 'isolasi', 'pasien', 'covid', 'pdhl', 'mah', 'batuk', 'biasa', 'akibat', 'minum', 'dingin', 'mulu', 'dr', 'kmrn', 'asal', 'jgn', 'sampe', 'mak', 'w', 'dgr', 'takut', 'bsk', 'pagi', 'bgn', 'rumah', 'kosong', 'krn', 'sekelurga', 'pada', 'kabur', 'krmh', 'abang', 'w'];['gara', 'setelah', 'memberi', 'donasi', 'ke', 'rumah', 'sakit', 'batuk', 'sedikit', 'langsung', 'parno', 'karena', 'td', 'di', 'rsu', 'ngelewatin', 'ruang', 'isolasi', 'pasien', 'covid', 'padahal', 'mah', 'batuk', 'biasa', 'akibat', 'minum', 'dingin', 'mulu', 'dari', 'kmrn', 'asal', 'jangan', 'sampai', 'mak', 'w', 'dgr', 'takut', 'bsk', 'pagi', 'bgn', 'rumah', 'kosong', 'karena', 'sekelurga', 'pada', 'kabur', 'krmh', 'abang', 'w'];['gara', 'donasi', 'rumah', 'sakit', 'batuk', 'langsung', 'parno', 'td', 'rsu', 'ngelewatin', 'ruang', 'isolasi', 'pasien', 'covid', 'mah', 'batuk', 'akibat', 'minum', 'dingin', 'mulu', 'kmrn', 'mak', 'w', 'dgr', 'takut', 'bsk', 'pagi', 'bgn', 'rumah', 'kosong', 'sekelurga', 'kabur', 'krmh', 'abang', 'w'];gara donasi rumah sakit batuk langsung parno td rsu ngelewatin ruang isolasi pasien covid mah batuk akibat minum dingin mulu kmrn mak w dgr takut bsk pagi bgn rumah kosong sekelurga kabur krmh abang w;gara donasi rumah sakit batuk langsung parno td rsu ngelewatin ruang isolasi pasien covid mah batuk akibat minum dingin mulu kmrn mak w dgr takut bsk pagi bgn rumah kosong sekelurga kabur krmh abang w
608;Dear ojol, hidup yg susah selama covid-19 bukan kalian aja. Banyak pemulung dan tukang jualan yg jauh lebih susah dibanding kalian. Yuk main-main ke daerah rumah saya, bahkan mereka pasrah kalau mati karna kelaparan;-1.0;dear ojol hidup susah covid pulung tukang jual susah banding ayo mainmain daerah rumah pasrah mati lapar;dear ojol hidup yg susah selama covid bukan kalian aja banyak pemulung dan tukang jualan yg jauh lebih susah dibanding kalian yuk mainmain ke daerah rumah saya bahkan mereka pasrah kalau mati karna kelaparan;['dear', 'ojol', 'hidup', 'yg', 'susah', 'selama', 'covid', 'bukan', 'kalian', 'aja', 'banyak', 'pemulung', 'dan', 'tukang', 'jualan', 'yg', 'jauh', 'lebih', 'susah', 'dibanding', 'kalian', 'yuk', 'mainmain', 'ke', 'daerah', 'rumah', 'saya', 'bahkan', 'mereka', 'pasrah', 'kalau', 'mati', 'karna', 'kelaparan'];['dear', 'ojol', 'hidup', 'yang', 'susah', 'selama', 'covid', 'bukan', 'kalian', 'saja', 'banyak', 'pemulung', 'dan', 'tukang', 'jualan', 'yang', 'jauh', 'lebih', 'susah', 'dibanding', 'kalian', 'ayo', 'mainmain', 'ke', 'daerah', 'rumah', 'saya', 'bahkan', 'mereka', 'pasrah', 'kalau', 'mati', 'karena', 'kelaparan'];['dear', 'ojol', 'hidup', 'susah', 'covid', 'pemulung', 'tukang', 'jualan', 'susah', 'dibanding', 'ayo', 'mainmain', 'daerah', 'rumah', 'pasrah', 'mati', 'kelaparan'];dear ojol hidup susah covid pemulung tukang jualan susah dibanding ayo mainmain daerah rumah pasrah mati kelaparan;dear ojol hidup susah covid pulung tukang jual susah banding ayo mainmain daerah rumah pasrah mati lapar
609;Yg aing heran dari orang yg nolak jenazah korban covid-19. Emang mau pada tiap hari main/nongki di makam atau pada takut kalo virusnya jalan sendiri dr makam terus ngetok pintu rumah masing2 warga. Kan enggak kan cuy. Bingung aing;0.0;aing heran orang nolak jenazah korban covid mainnongki makam takut virus jalan makam ngetok pintu rumah warga cuy bingung aing;yg aing heran dari orang yg nolak jenazah korban covid emang mau pada tiap hari mainnongki di makam atau pada takut kalo virusnya jalan sendiri dr makam terus ngetok pintu rumah masing warga kan enggak kan cuy bingung aing;['yg', 'aing', 'heran', 'dari', 'orang', 'yg', 'nolak', 'jenazah', 'korban', 'covid', 'emang', 'mau', 'pada', 'tiap', 'hari', 'mainnongki', 'di', 'makam', 'atau', 'pada', 'takut', 'kalo', 'virusnya', 'jalan', 'sendiri', 'dr', 'makam', 'terus', 'ngetok', 'pintu', 'rumah', 'masing', 'warga', 'kan', 'enggak', 'kan', 'cuy', 'bingung', 'aing'];['yang', 'aing', 'heran', 'dari', 'orang', 'yang', 'nolak', 'jenazah', 'korban', 'covid', 'memang', 'mau', 'pada', 'tiap', 'hari', 'mainnongki', 'di', 'makam', 'atau', 'pada', 'takut', 'kalau', 'virusnya', 'jalan', 'sendiri', 'dari', 'makam', 'terus', 'ngetok', 'pintu', 'rumah', 'masing', 'warga', 'kan', 'enggak', 'kan', 'cuy', 'bingung', 'aing'];['aing', 'heran', 'orang', 'nolak', 'jenazah', 'korban', 'covid', 'mainnongki', 'makam', 'takut', 'virusnya', 'jalan', 'makam', 'ngetok', 'pintu', 'rumah', 'warga', 'cuy', 'bingung', 'aing'];aing heran orang nolak jenazah korban covid mainnongki makam takut virusnya jalan makam ngetok pintu rumah warga cuy bingung aing;aing heran orang nolak jenazah korban covid mainnongki makam takut virus jalan makam ngetok pintu rumah warga cuy bingung aing
610;Hasil laporan Dinas Kesehatan Kabupaten/Kota dan RS Rujukan Covid di DIY Update hari Sabtu, tanggal 11 April 2020, pkl. 16.00 WIB sebagai berikut:;0.0;hasil lapor dinas sehat kabupatenkota rs rujuk covid diy update sabtu tanggal april pkl wib;hasil laporan dinas kesehatan kabupatenkota dan rs rujukan covid di diy update hari sabtu tanggal april pkl wib sebagai berikut;['hasil', 'laporan', 'dinas', 'kesehatan', 'kabupatenkota', 'dan', 'rs', 'rujukan', 'covid', 'di', 'diy', 'update', 'hari', 'sabtu', 'tanggal', 'april', 'pkl', 'wib', 'sebagai', 'berikut'];['hasil', 'laporan', 'dinas', 'kesehatan', 'kabupatenkota', 'dan', 'rs', 'rujukan', 'covid', 'di', 'diy', 'update', 'hari', 'sabtu', 'tanggal', 'april', 'pkl', 'wib', 'sebagai', 'berikut'];['hasil', 'laporan', 'dinas', 'kesehatan', 'kabupatenkota', 'rs', 'rujukan', 'covid', 'diy', 'update', 'sabtu', 'tanggal', 'april', 'pkl', 'wib'];hasil laporan dinas kesehatan kabupatenkota rs rujukan covid diy update sabtu tanggal april pkl wib;hasil lapor dinas sehat kabupatenkota rs rujuk covid diy update sabtu tanggal april pkl wib
611;Kementerian sesama mereka tak berbincang ke sis.. jangan lah jadi mcm kerajaan lama x de WhatsApp group dah lah covid senang merebak tak pasal satu kampung kena kurung nnti;0.0;menteri bincang kakak mcm raja x de whatsapp group covid senang rebak pasal kampung kena kurung;kementerian sesama mereka tak berbincang ke sis jangan lah jadi mcm kerajaan lama x de whatsapp group dah lah covid senang merebak tak pasal satu kampung kena kurung nnti;['kementerian', 'sesama', 'mereka', 'tak', 'berbincang', 'ke', 'sis', 'jangan', 'lah', 'jadi', 'mcm', 'kerajaan', 'lama', 'x', 'de', 'whatsapp', 'group', 'dah', 'lah', 'covid', 'senang', 'merebak', 'tak', 'pasal', 'satu', 'kampung', 'kena', 'kurung', 'nnti'];['kementerian', 'sesama', 'mereka', 'tak', 'berbincang', 'ke', 'kakak', 'jangan', 'lah', 'jadi', 'mcm', 'kerajaan', 'lama', 'x', 'de', 'whatsapp', 'group', 'sudah', 'lah', 'covid', 'senang', 'merebak', 'tak', 'pasal', 'satu', 'kampung', 'kena', 'kurung', 'nanti'];['kementerian', 'berbincang', 'kakak', 'mcm', 'kerajaan', 'x', 'de', 'whatsapp', 'group', 'covid', 'senang', 'merebak', 'pasal', 'kampung', 'kena', 'kurung'];kementerian berbincang kakak mcm kerajaan x de whatsapp group covid senang merebak pasal kampung kena kurung;menteri bincang kakak mcm raja x de whatsapp group covid senang rebak pasal kampung kena kurung
612;Laporkan Satu Kematian Akibat Covid-19, Wali Kota Minta Masyarakat Dukung Upaya Pencegahan Covid-19 -;1.0;lapor mati akibat covid wali kota masyarakat dukung upaya cegah covid;laporkan satu kematian akibat covid wali kota minta masyarakat dukung upaya pencegahan covid;['laporkan', 'satu', 'kematian', 'akibat', 'covid', 'wali', 'kota', 'minta', 'masyarakat', 'dukung', 'upaya', 'pencegahan', 'covid'];['laporkan', 'satu', 'kematian', 'akibat', 'covid', 'wali', 'kota', 'minta', 'masyarakat', 'dukung', 'upaya', 'pencegahan', 'covid'];['laporkan', 'kematian', 'akibat', 'covid', 'wali', 'kota', 'masyarakat', 'dukung', 'upaya', 'pencegahan', 'covid'];laporkan kematian akibat covid wali kota masyarakat dukung upaya pencegahan covid;lapor mati akibat covid wali kota masyarakat dukung upaya cegah covid
613;Tetaplah semangat Saudara ku.Seorang Mukmin dengan Mukmin lainnya seperti satu bangunan yang tersusun rapi, sebagiannya menguatkan sebagian yang lain.Dan beliau merekatkan jari-jemarinya..Follow;1.0;tetap semangat saudara orang mukmin mukmin bangun susun rapi bagi kuat laindan beliau rekat jarijemarinyafollow;tetaplah semangat saudara kuseorang mukmin dengan mukmin lainnya seperti satu bangunan yang tersusun rapi sebagiannya menguatkan sebagian yang laindan beliau merekatkan jarijemarinyafollow;['tetaplah', 'semangat', 'saudara', 'kuseorang', 'mukmin', 'dengan', 'mukmin', 'lainnya', 'seperti', 'satu', 'bangunan', 'yang', 'tersusun', 'rapi', 'sebagiannya', 'menguatkan', 'sebagian', 'yang', 'laindan', 'beliau', 'merekatkan', 'jarijemarinyafollow'];['tetaplah', 'semangat', 'saudara', 'kuseorang', 'mukmin', 'dengan', 'mukmin', 'lainnya', 'seperti', 'satu', 'bangunan', 'yang', 'tersusun', 'rapi', 'sebagiannya', 'menguatkan', 'sebagian', 'yang', 'laindan', 'beliau', 'merekatkan', 'jarijemarinyafollow'];['tetaplah', 'semangat', 'saudara', 'kuseorang', 'mukmin', 'mukmin', 'bangunan', 'tersusun', 'rapi', 'sebagiannya', 'menguatkan', 'laindan', 'beliau', 'merekatkan', 'jarijemarinyafollow'];tetaplah semangat saudara kuseorang mukmin mukmin bangunan tersusun rapi sebagiannya menguatkan laindan beliau merekatkan jarijemarinyafollow;tetap semangat saudara orang mukmin mukmin bangun susun rapi bagi kuat laindan beliau rekat jarijemarinyafollow
614;Saya setuju. Mmg smua terkesan. Tp inilah cara utk kita putuskan rantaian covid. Be strong semua ;1.0;tuju mmg smua kes putus rantai covid be strong;saya setuju mmg smua terkesan tp inilah cara utk kita putuskan rantaian covid be strong semua;['saya', 'setuju', 'mmg', 'smua', 'terkesan', 'tp', 'inilah', 'cara', 'utk', 'kita', 'putuskan', 'rantaian', 'covid', 'be', 'strong', 'semua'];['saya', 'setuju', 'mmg', 'smua', 'terkesan', 'tapi', 'inilah', 'cara', 'untuk', 'kita', 'putuskan', 'rantaian', 'covid', 'be', 'strong', 'semua'];['setuju', 'mmg', 'smua', 'terkesan', 'putuskan', 'rantaian', 'covid', 'be', 'strong'];setuju mmg smua terkesan putuskan rantaian covid be strong;tuju mmg smua kes putus rantai covid be strong
615;11 April 2020 | Sabtu. Penugasan Di Kawasan TumpuanATM, Pasar Raya & Pasar Awam (PKP) Fasa ke-2  ;0.0;april sabtu tugas kawasan tumpuanatm pasar raya pasar awam pkp fasa;april sabtu penugasan di kawasan tumpuanatm pasar raya pasar awam pkp fasa ke;['april', 'sabtu', 'penugasan', 'di', 'kawasan', 'tumpuanatm', 'pasar', 'raya', 'pasar', 'awam', 'pkp', 'fasa', 'ke'];['april', 'sabtu', 'penugasan', 'di', 'kawasan', 'tumpuanatm', 'pasar', 'raya', 'pasar', 'awam', 'pkp', 'fasa', 'ke'];['april', 'sabtu', 'penugasan', 'kawasan', 'tumpuanatm', 'pasar', 'raya', 'pasar', 'awam', 'pkp', 'fasa'];april sabtu penugasan kawasan tumpuanatm pasar raya pasar awam pkp fasa;april sabtu tugas kawasan tumpuanatm pasar raya pasar awam pkp fasa
616;Covid-19 sudah dapat dipastikan berdampak negatif terhadap perekonomian dan ujung-ujungnya penerimaan negara juga terkena imbasnya. ;-1.0;covid dampak negatif ekonomi ujungujungnya terima negara kena imbas;covid sudah dapat dipastikan berdampak negatif terhadap perekonomian dan ujungujungnya penerimaan negara juga terkena imbasnya;['covid', 'sudah', 'dapat', 'dipastikan', 'berdampak', 'negatif', 'terhadap', 'perekonomian', 'dan', 'ujungujungnya', 'penerimaan', 'negara', 'juga', 'terkena', 'imbasnya'];['covid', 'sudah', 'dapat', 'dipastikan', 'berdampak', 'negatif', 'terhadap', 'perekonomian', 'dan', 'ujungujungnya', 'penerimaan', 'negara', 'juga', 'terkena', 'imbasnya'];['covid', 'berdampak', 'negatif', 'perekonomian', 'ujungujungnya', 'penerimaan', 'negara', 'terkena', 'imbasnya'];covid berdampak negatif perekonomian ujungujungnya penerimaan negara terkena imbasnya;covid dampak negatif ekonomi ujungujungnya terima negara kena imbas
617;Soal Warga Positif COVID-19 Pasca Hadiri Pernikahan di Tenggarong, Ini Penjelasan Kadinkes;0.0;warga positif covid pasca hadir nikah tenggarong jelas kadinkes;soal warga positif covid pasca hadiri pernikahan di tenggarong ini penjelasan kadinkes;['soal', 'warga', 'positif', 'covid', 'pasca', 'hadiri', 'pernikahan', 'di', 'tenggarong', 'ini', 'penjelasan', 'kadinkes'];['soal', 'warga', 'positif', 'covid', 'pasca', 'hadiri', 'pernikahan', 'di', 'tenggarong', 'ini', 'penjelasan', 'kadinkes'];['warga', 'positif', 'covid', 'pasca', 'hadiri', 'pernikahan', 'tenggarong', 'penjelasan', 'kadinkes'];warga positif covid pasca hadiri pernikahan tenggarong penjelasan kadinkes;warga positif covid pasca hadir nikah tenggarong jelas kadinkes
618;Sikap Gubernur dalam memberikan penghormatan kepada tenaga medis yang meninggal akibat covid-19 akan disiapkan pemakaman di Taman Makam Pahlawan.;1.0;sikap gubernur hormat tenaga medis tinggal akibat covid siap makam taman makam pahlawan;sikap gubernur dalam memberikan penghormatan kepada tenaga medis yang meninggal akibat covid akan disiapkan pemakaman di taman makam pahlawan;['sikap', 'gubernur', 'dalam', 'memberikan', 'penghormatan', 'kepada', 'tenaga', 'medis', 'yang', 'meninggal', 'akibat', 'covid', 'akan', 'disiapkan', 'pemakaman', 'di', 'taman', 'makam', 'pahlawan'];['sikap', 'gubernur', 'dalam', 'memberikan', 'penghormatan', 'kepada', 'tenaga', 'medis', 'yang', 'meninggal', 'akibat', 'covid', 'akan', 'disiapkan', 'pemakaman', 'di', 'taman', 'makam', 'pahlawan'];['sikap', 'gubernur', 'penghormatan', 'tenaga', 'medis', 'meninggal', 'akibat', 'covid', 'disiapkan', 'pemakaman', 'taman', 'makam', 'pahlawan'];sikap gubernur penghormatan tenaga medis meninggal akibat covid disiapkan pemakaman taman makam pahlawan;sikap gubernur hormat tenaga medis tinggal akibat covid siap makam taman makam pahlawan
619;Ayo lawan Covid-19 dengam menjauhi tempat ramai, dekati tempat sepi... seperti hatiku misalnya;0.0;ayo lawan covid dengam jauh ramai dekat sepi hati;ayo lawan covid dengam menjauhi tempat ramai dekati tempat sepi seperti hatiku misalnya;['ayo', 'lawan', 'covid', 'dengam', 'menjauhi', 'tempat', 'ramai', 'dekati', 'tempat', 'sepi', 'seperti', 'hatiku', 'misalnya'];['ayo', 'lawan', 'covid', 'dengam', 'menjauhi', 'tempat', 'ramai', 'dekati', 'tempat', 'sepi', 'seperti', 'hatiku', 'misalnya'];['ayo', 'lawan', 'covid', 'dengam', 'menjauhi', 'ramai', 'dekati', 'sepi', 'hatiku'];ayo lawan covid dengam menjauhi ramai dekati sepi hatiku;ayo lawan covid dengam jauh ramai dekat sepi hati
620;Dlm konteks percakapan ini yg saya maksud negara itu adalah pemerintah pusat,merekalah yg plg bertanggung jawab mengatasi masalah skala nasional seperti pandemic covid 19 ini. bukan local government tingkat provinsi atau kelurahan mngingat kewenangn &anggaran yg relatif terbatas;-1.0;konteks cakap maksud negara perintah pusatmerekalah plg tanggung atas skala nasional pandemic covid local government tingkat provinsi lurah mngingat kewenangn anggar relatif batas;dlm konteks percakapan ini yg saya maksud negara itu adalah pemerintah pusatmerekalah yg plg bertanggung jawab mengatasi masalah skala nasional seperti pandemic covid ini bukan local government tingkat provinsi atau kelurahan mngingat kewenangn anggaran yg relatif terbatas;['dlm', 'konteks', 'percakapan', 'ini', 'yg', 'saya', 'maksud', 'negara', 'itu', 'adalah', 'pemerintah', 'pusatmerekalah', 'yg', 'plg', 'bertanggung', 'jawab', 'mengatasi', 'masalah', 'skala', 'nasional', 'seperti', 'pandemic', 'covid', 'ini', 'bukan', 'local', 'government', 'tingkat', 'provinsi', 'atau', 'kelurahan', 'mngingat', 'kewenangn', 'anggaran', 'yg', 'relatif', 'terbatas'];['dalam', 'konteks', 'percakapan', 'ini', 'yang', 'saya', 'maksud', 'negara', 'itu', 'adalah', 'pemerintah', 'pusatmerekalah', 'yang', 'plg', 'bertanggung', 'jawab', 'mengatasi', 'masalah', 'skala', 'nasional', 'seperti', 'pandemic', 'covid', 'ini', 'bukan', 'local', 'government', 'tingkat', 'provinsi', 'atau', 'kelurahan', 'mngingat', 'kewenangn', 'anggaran', 'yang', 'relatif', 'terbatas'];['konteks', 'percakapan', 'maksud', 'negara', 'pemerintah', 'pusatmerekalah', 'plg', 'bertanggung', 'mengatasi', 'skala', 'nasional', 'pandemic', 'covid', 'local', 'government', 'tingkat', 'provinsi', 'kelurahan', 'mngingat', 'kewenangn', 'anggaran', 'relatif', 'terbatas'];konteks percakapan maksud negara pemerintah pusatmerekalah plg bertanggung mengatasi skala nasional pandemic covid local government tingkat provinsi kelurahan mngingat kewenangn anggaran relatif terbatas;konteks cakap maksud negara perintah pusatmerekalah plg tanggung atas skala nasional pandemic covid local government tingkat provinsi lurah mngingat kewenangn anggar relatif batas
621;6 mantappppp. Kasi hbs covid dlu skg cari ilham la haha;1.0;mantappppp kasih hbs covid skg cari ilham la haha;mantappppp kasi hbs covid dlu skg cari ilham la haha;['mantappppp', 'kasi', 'hbs', 'covid', 'dlu', 'skg', 'cari', 'ilham', 'la', 'haha'];['mantappppp', 'kasih', 'hbs', 'covid', 'dulu', 'skg', 'cari', 'ilham', 'la', 'haha'];['mantappppp', 'kasih', 'hbs', 'covid', 'skg', 'cari', 'ilham', 'la', 'haha'];mantappppp kasih hbs covid skg cari ilham la haha;mantappppp kasih hbs covid skg cari ilham la haha
622;Co-CEO Gojek Kevin Aluwi mengatakan aktivitas  masyarakat Ibukota mungkin melambat dengan pemberlakuan Pembatasan Sosial Berskala Besar (PSBB) guna menekan penyebaran Covid-19.Selengkapnya ;0.0;coceo gojek kevin aluwi aktivitas masyarakat ibukota lambat laku batas sosial skala psbb tekan sebar covidselengkapnya;coceo gojek kevin aluwi mengatakan aktivitas masyarakat ibukota mungkin melambat dengan pemberlakuan pembatasan sosial berskala besar psbb guna menekan penyebaran covidselengkapnya;['coceo', 'gojek', 'kevin', 'aluwi', 'mengatakan', 'aktivitas', 'masyarakat', 'ibukota', 'mungkin', 'melambat', 'dengan', 'pemberlakuan', 'pembatasan', 'sosial', 'berskala', 'besar', 'psbb', 'guna', 'menekan', 'penyebaran', 'covidselengkapnya'];['coceo', 'gojek', 'kevin', 'aluwi', 'mengatakan', 'aktivitas', 'masyarakat', 'ibukota', 'mungkin', 'melambat', 'dengan', 'pemberlakuan', 'pembatasan', 'sosial', 'berskala', 'besar', 'psbb', 'guna', 'menekan', 'penyebaran', 'covidselengkapnya'];['coceo', 'gojek', 'kevin', 'aluwi', 'aktivitas', 'masyarakat', 'ibukota', 'melambat', 'pemberlakuan', 'pembatasan', 'sosial', 'berskala', 'psbb', 'menekan', 'penyebaran', 'covidselengkapnya'];coceo gojek kevin aluwi aktivitas masyarakat ibukota melambat pemberlakuan pembatasan sosial berskala psbb menekan penyebaran covidselengkapnya;coceo gojek kevin aluwi aktivitas masyarakat ibukota lambat laku batas sosial skala psbb tekan sebar covidselengkapnya
623;Update 11/4 Pukul 18.00 Wib Covid 19 Tuban :  3Hari ini ada satu PDP baru dari kecamatan Plumpang saat ini dirawat di RSUD Tuban, 2 PDP sebelumnya dan 1 Orang positif sudah mulai membaik, bisa berkatifitas;0.0;update wib covid tuban pdp camat plumpang rawat rsud tuban pdp orang positif baik berkatifitas;update pukul wib covid tuban hari ini ada satu pdp baru dari kecamatan plumpang saat ini dirawat di rsud tuban pdp sebelumnya dan orang positif sudah mulai membaik bisa berkatifitas;['update', 'pukul', 'wib', 'covid', 'tuban', 'hari', 'ini', 'ada', 'satu', 'pdp', 'baru', 'dari', 'kecamatan', 'plumpang', 'saat', 'ini', 'dirawat', 'di', 'rsud', 'tuban', 'pdp', 'sebelumnya', 'dan', 'orang', 'positif', 'sudah', 'mulai', 'membaik', 'bisa', 'berkatifitas'];['update', 'pukul', 'wib', 'covid', 'tuban', 'hari', 'ini', 'ada', 'satu', 'pdp', 'baru', 'dari', 'kecamatan', 'plumpang', 'saat', 'ini', 'dirawat', 'di', 'rsud', 'tuban', 'pdp', 'sebelumnya', 'dan', 'orang', 'positif', 'sudah', 'mulai', 'membaik', 'bisa', 'berkatifitas'];['update', 'wib', 'covid', 'tuban', 'pdp', 'kecamatan', 'plumpang', 'dirawat', 'rsud', 'tuban', 'pdp', 'orang', 'positif', 'membaik', 'berkatifitas'];update wib covid tuban pdp kecamatan plumpang dirawat rsud tuban pdp orang positif membaik berkatifitas;update wib covid tuban pdp camat plumpang rawat rsud tuban pdp orang positif baik berkatifitas
624;Masukkan aja ruang isolasi yg + covid 19.;-1.0;masuk ruang isolasi covid;masukkan aja ruang isolasi yg covid;['masukkan', 'aja', 'ruang', 'isolasi', 'yg', 'covid'];['masukkan', 'saja', 'ruang', 'isolasi', 'yang', 'covid'];['masukkan', 'ruang', 'isolasi', 'covid'];masukkan ruang isolasi covid;masuk ruang isolasi covid
625;"Covid-19: Alumni Relief Fund - Bahagia Berbagi dengan Sahabat Alumni ""Dari Kita Untuk Kita"". DPW JABODETABEK";1.0;covid alumni relief fund bahagia bagi sahabat alumni dpw jabodetabek;covid alumni relief fund bahagia berbagi dengan sahabat alumni dari kita untuk kita dpw jabodetabek;['covid', 'alumni', 'relief', 'fund', 'bahagia', 'berbagi', 'dengan', 'sahabat', 'alumni', 'dari', 'kita', 'untuk', 'kita', 'dpw', 'jabodetabek'];['covid', 'alumni', 'relief', 'fund', 'bahagia', 'berbagi', 'dengan', 'sahabat', 'alumni', 'dari', 'kita', 'untuk', 'kita', 'dpw', 'jabodetabek'];['covid', 'alumni', 'relief', 'fund', 'bahagia', 'berbagi', 'sahabat', 'alumni', 'dpw', 'jabodetabek'];covid alumni relief fund bahagia berbagi sahabat alumni dpw jabodetabek;covid alumni relief fund bahagia bagi sahabat alumni dpw jabodetabek
626;MASIH COVID WOYYYY;0.0;covid woyyyy;masih covid woyyyy;['masih', 'covid', 'woyyyy'];['masih', 'covid', 'woyyyy'];['covid', 'woyyyy'];covid woyyyy;covid woyyyy
627;korang yang degil gitu je tak tahu nak duduk diam kat rumah hahaha harap harap korang kene covid je hahaha mati je lah korang;-1.0;korang degil gitu je nak duduk diam kat rumah hahaha harap harap korang kene covid je hahaha mati je korang;korang yang degil gitu je tak tahu nak duduk diam kat rumah hahaha harap harap korang kene covid je hahaha mati je lah korang;['korang', 'yang', 'degil', 'gitu', 'je', 'tak', 'tahu', 'nak', 'duduk', 'diam', 'kat', 'rumah', 'hahaha', 'harap', 'harap', 'korang', 'kene', 'covid', 'je', 'hahaha', 'mati', 'je', 'lah', 'korang'];['korang', 'yang', 'degil', 'gitu', 'je', 'tak', 'tahu', 'nak', 'duduk', 'diam', 'kat', 'rumah', 'hahaha', 'harap', 'harap', 'korang', 'kene', 'covid', 'je', 'hahaha', 'mati', 'je', 'lah', 'korang'];['korang', 'degil', 'gitu', 'je', 'nak', 'duduk', 'diam', 'kat', 'rumah', 'hahaha', 'harap', 'harap', 'korang', 'kene', 'covid', 'je', 'hahaha', 'mati', 'je', 'korang'];korang degil gitu je nak duduk diam kat rumah hahaha harap harap korang kene covid je hahaha mati je korang;korang degil gitu je nak duduk diam kat rumah hahaha harap harap korang kene covid je hahaha mati je korang
628;Antisipasi Penyebaran Virus Covid-19, ini arahan Gubernur Jatim;1.0;antisipasi sebar virus covid arah gubernur jatim;antisipasi penyebaran virus covid ini arahan gubernur jatim;['antisipasi', 'penyebaran', 'virus', 'covid', 'ini', 'arahan', 'gubernur', 'jatim'];['antisipasi', 'penyebaran', 'virus', 'covid', 'ini', 'arahan', 'gubernur', 'jatim'];['antisipasi', 'penyebaran', 'virus', 'covid', 'arahan', 'gubernur', 'jatim'];antisipasi penyebaran virus covid arahan gubernur jatim;antisipasi sebar virus covid arah gubernur jatim
629;Otak Dagang di tengah Covid-19asli Padang (Pandai Dagang )...hehehe;0.0;otak dagang covidasli padang pandai dagang hehehe;otak dagang di tengah covidasli padang pandai dagang hehehe;['otak', 'dagang', 'di', 'tengah', 'covidasli', 'padang', 'pandai', 'dagang', 'hehehe'];['otak', 'dagang', 'di', 'tengah', 'covidasli', 'padang', 'pandai', 'dagang', 'hehehe'];['otak', 'dagang', 'covidasli', 'padang', 'pandai', 'dagang', 'hehehe'];otak dagang covidasli padang pandai dagang hehehe;otak dagang covidasli padang pandai dagang hehehe
630;Lg covid;-1.0;lg covid;lg covid;['lg', 'covid'];['lg', 'covid'];['lg', 'covid'];lg covid;lg covid
631;Anak bulu sakit ditengah covid gini pikiran aku udah kacau bgt;0.0;anak bulu sakit tengah covid gin pikir kacau banget;anak bulu sakit ditengah covid gini pikiran aku udah kacau bgt;['anak', 'bulu', 'sakit', 'ditengah', 'covid', 'gini', 'pikiran', 'aku', 'udah', 'kacau', 'bgt'];['anak', 'bulu', 'sakit', 'ditengah', 'covid', 'gini', 'pikiran', 'aku', 'sudah', 'kacau', 'banget'];['anak', 'bulu', 'sakit', 'ditengah', 'covid', 'gini', 'pikiran', 'kacau', 'banget'];anak bulu sakit ditengah covid gini pikiran kacau banget;anak bulu sakit tengah covid gin pikir kacau banget
632;Ayo bersama kita cegah Virus Covid 19 !!!Rindu keluarga dan saudara cukup vidio collTUNDA MUDIKMUUNTUK KITA UNTUK SEMUA UNTUK INDONESIA;1.0;ayo cegah virus covid rindu keluarga saudara video colltunda mudikmuuntuk indonesia;ayo bersama kita cegah virus covid rindu keluarga dan saudara cukup vidio colltunda mudikmuuntuk kita untuk semua untuk indonesia;['ayo', 'bersama', 'kita', 'cegah', 'virus', 'covid', 'rindu', 'keluarga', 'dan', 'saudara', 'cukup', 'vidio', 'colltunda', 'mudikmuuntuk', 'kita', 'untuk', 'semua', 'untuk', 'indonesia'];['ayo', 'bersama', 'kita', 'cegah', 'virus', 'covid', 'rindu', 'keluarga', 'dan', 'saudara', 'cukup', 'video', 'colltunda', 'mudikmuuntuk', 'kita', 'untuk', 'semua', 'untuk', 'indonesia'];['ayo', 'cegah', 'virus', 'covid', 'rindu', 'keluarga', 'saudara', 'video', 'colltunda', 'mudikmuuntuk', 'indonesia'];ayo cegah virus covid rindu keluarga saudara video colltunda mudikmuuntuk indonesia;ayo cegah virus covid rindu keluarga saudara video colltunda mudikmuuntuk indonesia
633;"langsung, bersama Ustadz Abdul Rahman Mubarak, LC dengan pembahasan""Masalah-masalah Fiqih Covid-19""";1.0;langsung ustadz abdul rahman mubarak lc pembahasanmasalahmasalah fiqih covid;langsung bersama ustadz abdul rahman mubarak lc dengan pembahasanmasalahmasalah fiqih covid;['langsung', 'bersama', 'ustadz', 'abdul', 'rahman', 'mubarak', 'lc', 'dengan', 'pembahasanmasalahmasalah', 'fiqih', 'covid'];['langsung', 'bersama', 'ustadz', 'abdul', 'rahman', 'mubarak', 'lc', 'dengan', 'pembahasanmasalahmasalah', 'fiqih', 'covid'];['langsung', 'ustadz', 'abdul', 'rahman', 'mubarak', 'lc', 'pembahasanmasalahmasalah', 'fiqih', 'covid'];langsung ustadz abdul rahman mubarak lc pembahasanmasalahmasalah fiqih covid;langsung ustadz abdul rahman mubarak lc pembahasanmasalahmasalah fiqih covid
634;Mohon doanya agar wabah Covid-19 sgr berlalu & umat Islam bs menyambut Ramadhan dgn tenang. ;1.0;mohon doa wabah covid sgr umat islam sambut ramadhan tenang;mohon doanya agar wabah covid sgr berlalu umat islam bs menyambut ramadhan dgn tenang;['mohon', 'doanya', 'agar', 'wabah', 'covid', 'sgr', 'berlalu', 'umat', 'islam', 'bs', 'menyambut', 'ramadhan', 'dgn', 'tenang'];['mohon', 'doanya', 'agar', 'wabah', 'covid', 'sgr', 'berlalu', 'umat', 'islam', 'bisa', 'menyambut', 'ramadhan', 'dengan', 'tenang'];['mohon', 'doanya', 'wabah', 'covid', 'sgr', 'umat', 'islam', 'menyambut', 'ramadhan', 'tenang'];mohon doanya wabah covid sgr umat islam menyambut ramadhan tenang;mohon doa wabah covid sgr umat islam sambut ramadhan tenang
635;Tengok, betapa besarnya tugas aku time covid-19 ni. Menjadi orang tengah dalam sesebuah hubungan percintaan. Tapi tulah, takda siapa nak kisah kan ;1.0;tengok betapa besar tugas time covid orang buah hubung cinta tulah takda nak kisah;tengok betapa besarnya tugas aku time covid ni menjadi orang tengah dalam sesebuah hubungan percintaan tapi tulah takda siapa nak kisah kan;['tengok', 'betapa', 'besarnya', 'tugas', 'aku', 'time', 'covid', 'ni', 'menjadi', 'orang', 'tengah', 'dalam', 'sesebuah', 'hubungan', 'percintaan', 'tapi', 'tulah', 'takda', 'siapa', 'nak', 'kisah', 'kan'];['tengok', 'betapa', 'besarnya', 'tugas', 'aku', 'time', 'covid', 'ini', 'menjadi', 'orang', 'tengah', 'dalam', 'sesebuah', 'hubungan', 'percintaan', 'tapi', 'tulah', 'takda', 'siapa', 'nak', 'kisah', 'kan'];['tengok', 'betapa', 'besarnya', 'tugas', 'time', 'covid', 'orang', 'sesebuah', 'hubungan', 'percintaan', 'tulah', 'takda', 'nak', 'kisah'];tengok betapa besarnya tugas time covid orang sesebuah hubungan percintaan tulah takda nak kisah;tengok betapa besar tugas time covid orang buah hubung cinta tulah takda nak kisah
636;1. Langkah pemerintah hari ini yang berubah-ubah rencana dalam menghadapi pandemi Covid-19, membuka topeng potret yang sebenarnya sosok penguasa dalam peradaban sekuler, Negara Demokrasi;0.0;langkah perintah berubahubah rencana hadap pandemi covid buka topeng potret sosok kuasa adab sekuler negara demokrasi;langkah pemerintah hari ini yang berubahubah rencana dalam menghadapi pandemi covid membuka topeng potret yang sebenarnya sosok penguasa dalam peradaban sekuler negara demokrasi;['langkah', 'pemerintah', 'hari', 'ini', 'yang', 'berubahubah', 'rencana', 'dalam', 'menghadapi', 'pandemi', 'covid', 'membuka', 'topeng', 'potret', 'yang', 'sebenarnya', 'sosok', 'penguasa', 'dalam', 'peradaban', 'sekuler', 'negara', 'demokrasi'];['langkah', 'pemerintah', 'hari', 'ini', 'yang', 'berubahubah', 'rencana', 'dalam', 'menghadapi', 'pandemi', 'covid', 'membuka', 'topeng', 'potret', 'yang', 'sebenarnya', 'sosok', 'penguasa', 'dalam', 'peradaban', 'sekuler', 'negara', 'demokrasi'];['langkah', 'pemerintah', 'berubahubah', 'rencana', 'menghadapi', 'pandemi', 'covid', 'membuka', 'topeng', 'potret', 'sosok', 'penguasa', 'peradaban', 'sekuler', 'negara', 'demokrasi'];langkah pemerintah berubahubah rencana menghadapi pandemi covid membuka topeng potret sosok penguasa peradaban sekuler negara demokrasi;langkah perintah berubahubah rencana hadap pandemi covid buka topeng potret sosok kuasa adab sekuler negara demokrasi
637;Bagaimana barber boleh share virus Covid-19;0.0;barber share virus covid;bagaimana barber boleh share virus covid;['bagaimana', 'barber', 'boleh', 'share', 'virus', 'covid'];['bagaimana', 'barber', 'boleh', 'share', 'virus', 'covid'];['barber', 'share', 'virus', 'covid'];barber share virus covid;barber share virus covid
638;Semenjak pandemi covid 19 banyak chef dadakan di instagram....;0.0;semenjak pandemi covid chef dada instagram;semenjak pandemi covid banyak chef dadakan di instagram;['semenjak', 'pandemi', 'covid', 'banyak', 'chef', 'dadakan', 'di', 'instagram'];['semenjak', 'pandemi', 'covid', 'banyak', 'chef', 'dadakan', 'di', 'instagram'];['semenjak', 'pandemi', 'covid', 'chef', 'dadakan', 'instagram'];semenjak pandemi covid chef dadakan instagram;semenjak pandemi covid chef dada instagram
639;Bantu Keluarga Berdampak Covid, PKB Kuningan Bidik Keluarga Tak Mampu;1.0;bantu keluarga dampak covid pkb kuningan bidik keluarga;bantu keluarga berdampak covid pkb kuningan bidik keluarga tak mampu;['bantu', 'keluarga', 'berdampak', 'covid', 'pkb', 'kuningan', 'bidik', 'keluarga', 'tak', 'mampu'];['bantu', 'keluarga', 'berdampak', 'covid', 'pkb', 'kuningan', 'bidik', 'keluarga', 'tak', 'mampu'];['bantu', 'keluarga', 'berdampak', 'covid', 'pkb', 'kuningan', 'bidik', 'keluarga'];bantu keluarga berdampak covid pkb kuningan bidik keluarga;bantu keluarga dampak covid pkb kuningan bidik keluarga
640;Halo kini sudah saatnya kita bergerak melawan Covid-19, ayo jadi pejuang informasi, Indonesia butuh kamu sebagai pengelola admin/situs maupun pemilik blog personal dan citizen journalist dengan;1.0;halo gerak lawan covid ayo juang informasi indonesia butuh kelola adminsitus milik blog personal citizen journalist;halo kini sudah saatnya kita bergerak melawan covid ayo jadi pejuang informasi indonesia butuh kamu sebagai pengelola adminsitus maupun pemilik blog personal dan citizen journalist dengan;['halo', 'kini', 'sudah', 'saatnya', 'kita', 'bergerak', 'melawan', 'covid', 'ayo', 'jadi', 'pejuang', 'informasi', 'indonesia', 'butuh', 'kamu', 'sebagai', 'pengelola', 'adminsitus', 'maupun', 'pemilik', 'blog', 'personal', 'dan', 'citizen', 'journalist', 'dengan'];['halo', 'kini', 'sudah', 'saatnya', 'kita', 'bergerak', 'melawan', 'covid', 'ayo', 'jadi', 'pejuang', 'informasi', 'indonesia', 'butuh', 'kamu', 'sebagai', 'pengelola', 'adminsitus', 'maupun', 'pemilik', 'blog', 'personal', 'dan', 'citizen', 'journalist', 'dengan'];['halo', 'bergerak', 'melawan', 'covid', 'ayo', 'pejuang', 'informasi', 'indonesia', 'butuh', 'pengelola', 'adminsitus', 'pemilik', 'blog', 'personal', 'citizen', 'journalist'];halo bergerak melawan covid ayo pejuang informasi indonesia butuh pengelola adminsitus pemilik blog personal citizen journalist;halo gerak lawan covid ayo juang informasi indonesia butuh kelola adminsitus milik blog personal citizen journalist
641;Jumlah bilangan mereka yang mengalami simptom dilihat lebih tinggi pada berbanding dengan berat berlebihan atau digelar sebagai faktor yang berpotensi menjadi pemangkin.;0.0;bilang alami simptom banding berat gelar faktor potensi pangkin;jumlah bilangan mereka yang mengalami simptom dilihat lebih tinggi pada berbanding dengan berat berlebihan atau digelar sebagai faktor yang berpotensi menjadi pemangkin;['jumlah', 'bilangan', 'mereka', 'yang', 'mengalami', 'simptom', 'dilihat', 'lebih', 'tinggi', 'pada', 'berbanding', 'dengan', 'berat', 'berlebihan', 'atau', 'digelar', 'sebagai', 'faktor', 'yang', 'berpotensi', 'menjadi', 'pemangkin'];['jumlah', 'bilangan', 'mereka', 'yang', 'mengalami', 'simptom', 'dilihat', 'lebih', 'tinggi', 'pada', 'berbanding', 'dengan', 'berat', 'berlebihan', 'atau', 'digelar', 'sebagai', 'faktor', 'yang', 'berpotensi', 'menjadi', 'pemangkin'];['bilangan', 'mengalami', 'simptom', 'berbanding', 'berat', 'digelar', 'faktor', 'berpotensi', 'pemangkin'];bilangan mengalami simptom berbanding berat digelar faktor berpotensi pemangkin;bilang alami simptom banding berat gelar faktor potensi pangkin
642;wakakakkaka... agaknya Puteri Cahaya boleh tolong time covid ni tak? ;0.0;wakakakkaka puter cahaya tolong time covid;wakakakkaka agaknya puteri cahaya boleh tolong time covid ni tak;['wakakakkaka', 'agaknya', 'puteri', 'cahaya', 'boleh', 'tolong', 'time', 'covid', 'ni', 'tak'];['wakakakkaka', 'agaknya', 'puteri', 'cahaya', 'boleh', 'tolong', 'time', 'covid', 'ini', 'tak'];['wakakakkaka', 'puteri', 'cahaya', 'tolong', 'time', 'covid'];wakakakkaka puteri cahaya tolong time covid;wakakakkaka puter cahaya tolong time covid
643;Seriously semua orang harus aware soal ini, please baca artikel dari straitstime ini deh. Bayangkan 36 orang tiap 1 juta penduduk apakah bisa merepresentasikan jumlah asli penderita covid-19? 36 setiap sejuta penduduk dan ada 271 juta penduduk di Indonesia.;0.0;seriously orang aware mohon baca artikel straitstime deh bayang orang juta duduk representasi asli derita covid juta duduk juta duduk indonesia;seriously semua orang harus aware soal ini please baca artikel dari straitstime ini deh bayangkan orang tiap juta penduduk apakah bisa merepresentasikan jumlah asli penderita covid setiap sejuta penduduk dan ada juta penduduk di indonesia;['seriously', 'semua', 'orang', 'harus', 'aware', 'soal', 'ini', 'please', 'baca', 'artikel', 'dari', 'straitstime', 'ini', 'deh', 'bayangkan', 'orang', 'tiap', 'juta', 'penduduk', 'apakah', 'bisa', 'merepresentasikan', 'jumlah', 'asli', 'penderita', 'covid', 'setiap', 'sejuta', 'penduduk', 'dan', 'ada', 'juta', 'penduduk', 'di', 'indonesia'];['seriously', 'semua', 'orang', 'harus', 'aware', 'soal', 'ini', 'mohon', 'baca', 'artikel', 'dari', 'straitstime', 'ini', 'deh', 'bayangkan', 'orang', 'tiap', 'juta', 'penduduk', 'apakah', 'bisa', 'merepresentasikan', 'jumlah', 'asli', 'penderita', 'covid', 'setiap', 'sejuta', 'penduduk', 'dan', 'ada', 'juta', 'penduduk', 'di', 'indonesia'];['seriously', 'orang', 'aware', 'mohon', 'baca', 'artikel', 'straitstime', 'deh', 'bayangkan', 'orang', 'juta', 'penduduk', 'merepresentasikan', 'asli', 'penderita', 'covid', 'sejuta', 'penduduk', 'juta', 'penduduk', 'indonesia'];seriously orang aware mohon baca artikel straitstime deh bayangkan orang juta penduduk merepresentasikan asli penderita covid sejuta penduduk juta penduduk indonesia;seriously orang aware mohon baca artikel straitstime deh bayang orang juta duduk representasi asli derita covid juta duduk juta duduk indonesia
644;Tbh pergi beli barang essential pon boleh kena covid. ;0.0;tbh pergi beli barang essential pon kena covid;tbh pergi beli barang essential pon boleh kena covid;['tbh', 'pergi', 'beli', 'barang', 'essential', 'pon', 'boleh', 'kena', 'covid'];['tbh', 'pergi', 'beli', 'barang', 'essential', 'pon', 'boleh', 'kena', 'covid'];['tbh', 'pergi', 'beli', 'barang', 'essential', 'pon', 'kena', 'covid'];tbh pergi beli barang essential pon kena covid;tbh pergi beli barang essential pon kena covid
645;Jangan Kucilkan ODP dan PDP Covid-19;1.0;kucil odp pdp covid;jangan kucilkan odp dan pdp covid;['jangan', 'kucilkan', 'odp', 'dan', 'pdp', 'covid'];['jangan', 'kucilkan', 'odp', 'dan', 'pdp', 'covid'];['kucilkan', 'odp', 'pdp', 'covid'];kucilkan odp pdp covid;kucil odp pdp covid
646;Saatnya untuk saling membantu ntuk pelanggan lama maupun yg baru khusus pijat tradisional & kesehatan selama masa covid diskon 50% dr tarif normal...Semoga dapat membantu bagi yg membutuhkan untuk meningkatkan IMUNITAS. Mhn di retweet ya biar semakin banyak yg terbantu;1.0;bantu ntuk langgan khusus pijat tradisional sehat covid diskon tarif normalsemoga bantu butuh tingkat imunitas mhn retweet iya biar bantu;saatnya untuk saling membantu ntuk pelanggan lama maupun yg baru khusus pijat tradisional kesehatan selama masa covid diskon dr tarif normalsemoga dapat membantu bagi yg membutuhkan untuk meningkatkan imunitas mhn di retweet ya biar semakin banyak yg terbantu;['saatnya', 'untuk', 'saling', 'membantu', 'ntuk', 'pelanggan', 'lama', 'maupun', 'yg', 'baru', 'khusus', 'pijat', 'tradisional', 'kesehatan', 'selama', 'masa', 'covid', 'diskon', 'dr', 'tarif', 'normalsemoga', 'dapat', 'membantu', 'bagi', 'yg', 'membutuhkan', 'untuk', 'meningkatkan', 'imunitas', 'mhn', 'di', 'retweet', 'ya', 'biar', 'semakin', 'banyak', 'yg', 'terbantu'];['saatnya', 'untuk', 'saling', 'membantu', 'ntuk', 'pelanggan', 'lama', 'maupun', 'yang', 'baru', 'khusus', 'pijat', 'tradisional', 'kesehatan', 'selama', 'masa', 'covid', 'diskon', 'dari', 'tarif', 'normalsemoga', 'dapat', 'membantu', 'bagi', 'yang', 'membutuhkan', 'untuk', 'meningkatkan', 'imunitas', 'mhn', 'di', 'retweet', 'iya', 'biar', 'semakin', 'banyak', 'yang', 'terbantu'];['membantu', 'ntuk', 'pelanggan', 'khusus', 'pijat', 'tradisional', 'kesehatan', 'covid', 'diskon', 'tarif', 'normalsemoga', 'membantu', 'membutuhkan', 'meningkatkan', 'imunitas', 'mhn', 'retweet', 'iya', 'biar', 'terbantu'];membantu ntuk pelanggan khusus pijat tradisional kesehatan covid diskon tarif normalsemoga membantu membutuhkan meningkatkan imunitas mhn retweet iya biar terbantu;bantu ntuk langgan khusus pijat tradisional sehat covid diskon tarif normalsemoga bantu butuh tingkat imunitas mhn retweet iya biar bantu
647;Salam OlahragaTugas Penjas untuk 2 minggu ini ya guys,Materi : Penyakit MenularSub Materi : Virus Covid-19Pertemuan : 2x;0.0;salam olahragatugas jas minggu iya guysmateri sakit menularsub materi virus covidpertemuan x;salam olahragatugas penjas untuk minggu ini ya guysmateri penyakit menularsub materi virus covidpertemuan x;['salam', 'olahragatugas', 'penjas', 'untuk', 'minggu', 'ini', 'ya', 'guysmateri', 'penyakit', 'menularsub', 'materi', 'virus', 'covidpertemuan', 'x'];['salam', 'olahragatugas', 'penjas', 'untuk', 'minggu', 'ini', 'iya', 'guysmateri', 'penyakit', 'menularsub', 'materi', 'virus', 'covidpertemuan', 'x'];['salam', 'olahragatugas', 'penjas', 'minggu', 'iya', 'guysmateri', 'penyakit', 'menularsub', 'materi', 'virus', 'covidpertemuan', 'x'];salam olahragatugas penjas minggu iya guysmateri penyakit menularsub materi virus covidpertemuan x;salam olahragatugas jas minggu iya guysmateri sakit menularsub materi virus covidpertemuan x
648;Hangpe ni elok mati jelah dgn covid tu. Kecik2 taknak mati dah besor menyusahkan org. Bodoh punya manusia2 acah2 elit ni. Buto elit;-1.0;hangpe elok mati jelah covid kecik taknak mati besor susah orang bodoh manusia acah elit buto elit;hangpe ni elok mati jelah dgn covid tu kecik taknak mati dah besor menyusahkan org bodoh punya manusia acah elit ni buto elit;['hangpe', 'ni', 'elok', 'mati', 'jelah', 'dgn', 'covid', 'tu', 'kecik', 'taknak', 'mati', 'dah', 'besor', 'menyusahkan', 'org', 'bodoh', 'punya', 'manusia', 'acah', 'elit', 'ni', 'buto', 'elit'];['hangpe', 'ini', 'elok', 'mati', 'jelah', 'dengan', 'covid', 'itu', 'kecik', 'taknak', 'mati', 'sudah', 'besor', 'menyusahkan', 'orang', 'bodoh', 'punya', 'manusia', 'acah', 'elit', 'ini', 'buto', 'elit'];['hangpe', 'elok', 'mati', 'jelah', 'covid', 'kecik', 'taknak', 'mati', 'besor', 'menyusahkan', 'orang', 'bodoh', 'manusia', 'acah', 'elit', 'buto', 'elit'];hangpe elok mati jelah covid kecik taknak mati besor menyusahkan orang bodoh manusia acah elit buto elit;hangpe elok mati jelah covid kecik taknak mati besor susah orang bodoh manusia acah elit buto elit
649;Yuk bantu tim medis, pemerintah dan tim garda depan lainnya buat minimalisir penyebaran COVID-19 dg mematuhi peraturan PSBB yg resmi dijalanin sejak Jumat, 10 April 2020.;1.0;ayo bantu tim medis perintah tim garda minimalisir sebar covid patuh atur psbb resmi dijalanin jumat april;yuk bantu tim medis pemerintah dan tim garda depan lainnya buat minimalisir penyebaran covid dg mematuhi peraturan psbb yg resmi dijalanin sejak jumat april;['yuk', 'bantu', 'tim', 'medis', 'pemerintah', 'dan', 'tim', 'garda', 'depan', 'lainnya', 'buat', 'minimalisir', 'penyebaran', 'covid', 'dg', 'mematuhi', 'peraturan', 'psbb', 'yg', 'resmi', 'dijalanin', 'sejak', 'jumat', 'april'];['ayo', 'bantu', 'tim', 'medis', 'pemerintah', 'dan', 'tim', 'garda', 'depan', 'lainnya', 'buat', 'minimalisir', 'penyebaran', 'covid', 'dengan', 'mematuhi', 'peraturan', 'psbb', 'yang', 'resmi', 'dijalanin', 'sejak', 'jumat', 'april'];['ayo', 'bantu', 'tim', 'medis', 'pemerintah', 'tim', 'garda', 'minimalisir', 'penyebaran', 'covid', 'mematuhi', 'peraturan', 'psbb', 'resmi', 'dijalanin', 'jumat', 'april'];ayo bantu tim medis pemerintah tim garda minimalisir penyebaran covid mematuhi peraturan psbb resmi dijalanin jumat april;ayo bantu tim medis perintah tim garda minimalisir sebar covid patuh atur psbb resmi dijalanin jumat april
650;Kasus Positif COVID-19 di Indonesia Melejit Drastis Menjadi 3.842, Sembuh 286 lewat Indonesia;0.0;positif covid indonesia lejit drastis sembuh indonesia;kasus positif covid di indonesia melejit drastis menjadi sembuh lewat indonesia;['kasus', 'positif', 'covid', 'di', 'indonesia', 'melejit', 'drastis', 'menjadi', 'sembuh', 'lewat', 'indonesia'];['kasus', 'positif', 'covid', 'di', 'indonesia', 'melejit', 'drastis', 'menjadi', 'sembuh', 'lewat', 'indonesia'];['positif', 'covid', 'indonesia', 'melejit', 'drastis', 'sembuh', 'indonesia'];positif covid indonesia melejit drastis sembuh indonesia;positif covid indonesia lejit drastis sembuh indonesia
651;Kementerian Kesihatan akan menambah makmal pengesanan COVID-19 baharu di Johor sebagai langkah kesiapsiagaan dan usaha mengekang penularan wabak itu di negeri itu - Menteri Kesihatan;1.0;menteri kesihatan tambah makmal kesan covid baharu johor langkah kesiapsiagaan usaha ekang tular wabak negeri menteri kesihatan;kementerian kesihatan akan menambah makmal pengesanan covid baharu di johor sebagai langkah kesiapsiagaan dan usaha mengekang penularan wabak itu di negeri itu menteri kesihatan;['kementerian', 'kesihatan', 'akan', 'menambah', 'makmal', 'pengesanan', 'covid', 'baharu', 'di', 'johor', 'sebagai', 'langkah', 'kesiapsiagaan', 'dan', 'usaha', 'mengekang', 'penularan', 'wabak', 'itu', 'di', 'negeri', 'itu', 'menteri', 'kesihatan'];['kementerian', 'kesihatan', 'akan', 'menambah', 'makmal', 'pengesanan', 'covid', 'baharu', 'di', 'johor', 'sebagai', 'langkah', 'kesiapsiagaan', 'dan', 'usaha', 'mengekang', 'penularan', 'wabak', 'itu', 'di', 'negeri', 'itu', 'menteri', 'kesihatan'];['kementerian', 'kesihatan', 'menambah', 'makmal', 'pengesanan', 'covid', 'baharu', 'johor', 'langkah', 'kesiapsiagaan', 'usaha', 'mengekang', 'penularan', 'wabak', 'negeri', 'menteri', 'kesihatan'];kementerian kesihatan menambah makmal pengesanan covid baharu johor langkah kesiapsiagaan usaha mengekang penularan wabak negeri menteri kesihatan;menteri kesihatan tambah makmal kesan covid baharu johor langkah kesiapsiagaan usaha ekang tular wabak negeri menteri kesihatan
652;Framing kebebasan berpendapat sbg rezim otoriter, lanjut gerakin anarko, pengemudi ojol gadungan, diksi PKI diramein lagi di Medsos.Bohir orba yg sdh lama haus kekuasaan sdg mencuri panggung ditengah penanganan wabah COVID-19.Ndak akan berhasil, pola lama yg sdh BASI;-1.0;framing bebas dapat rezim otoriter gerak anarko kemudi ojol gadungan diksi pki diramein medsosbohir orba haus kuasa sdg curi panggung tengah tangan wabah covidndak hasil pola basi;framing kebebasan berpendapat sbg rezim otoriter lanjut gerakin anarko pengemudi ojol gadungan diksi pki diramein lagi di medsosbohir orba yg sdh lama haus kekuasaan sdg mencuri panggung ditengah penanganan wabah covidndak akan berhasil pola lama yg sdh basi;['framing', 'kebebasan', 'berpendapat', 'sbg', 'rezim', 'otoriter', 'lanjut', 'gerakin', 'anarko', 'pengemudi', 'ojol', 'gadungan', 'diksi', 'pki', 'diramein', 'lagi', 'di', 'medsosbohir', 'orba', 'yg', 'sdh', 'lama', 'haus', 'kekuasaan', 'sdg', 'mencuri', 'panggung', 'ditengah', 'penanganan', 'wabah', 'covidndak', 'akan', 'berhasil', 'pola', 'lama', 'yg', 'sdh', 'basi'];['framing', 'kebebasan', 'berpendapat', 'sebagai', 'rezim', 'otoriter', 'lanjut', 'menggerakkan', 'anarko', 'pengemudi', 'ojol', 'gadungan', 'diksi', 'pki', 'diramein', 'lagi', 'di', 'medsosbohir', 'orba', 'yang', 'sudah', 'lama', 'haus', 'kekuasaan', 'sdg', 'mencuri', 'panggung', 'ditengah', 'penanganan', 'wabah', 'covidndak', 'akan', 'berhasil', 'pola', 'lama', 'yang', 'sudah', 'basi'];['framing', 'kebebasan', 'berpendapat', 'rezim', 'otoriter', 'menggerakkan', 'anarko', 'pengemudi', 'ojol', 'gadungan', 'diksi', 'pki', 'diramein', 'medsosbohir', 'orba', 'haus', 'kekuasaan', 'sdg', 'mencuri', 'panggung', 'ditengah', 'penanganan', 'wabah', 'covidndak', 'berhasil', 'pola', 'basi'];framing kebebasan berpendapat rezim otoriter menggerakkan anarko pengemudi ojol gadungan diksi pki diramein medsosbohir orba haus kekuasaan sdg mencuri panggung ditengah penanganan wabah covidndak berhasil pola basi;framing bebas dapat rezim otoriter gerak anarko kemudi ojol gadungan diksi pki diramein medsosbohir orba haus kuasa sdg curi panggung tengah tangan wabah covidndak hasil pola basi
653;yg nolak pemakaman jenazah covid semoga nanti ditolak surga ya lu pada;-1.0;nolak makam jenazah covid moga tolak surga iya;yg nolak pemakaman jenazah covid semoga nanti ditolak surga ya lu pada;['yg', 'nolak', 'pemakaman', 'jenazah', 'covid', 'semoga', 'nanti', 'ditolak', 'surga', 'ya', 'lu', 'pada'];['yang', 'nolak', 'pemakaman', 'jenazah', 'covid', 'semoga', 'nanti', 'ditolak', 'surga', 'iya', 'kamu', 'pada'];['nolak', 'pemakaman', 'jenazah', 'covid', 'semoga', 'ditolak', 'surga', 'iya'];nolak pemakaman jenazah covid semoga ditolak surga iya;nolak makam jenazah covid moga tolak surga iya
654;Biasanya yg jadi judul di sinetron-sinetron Hidayah itu Azab Orang yang bla bla bla, Jenazah Ditolak Bumi. Lah ini, pemberitaan Covid-19  Jenazah Ditolak Warga. HEH WARGA!!!! Jangan ngadi-ngadi lu! Gausah bikin makin repot!! HIH SEWOT AKUTU;-1.0;judul sinetronsinetron hidayah azab orang bla bla bla jenazah tolak bumi berita covid jenazah tolak warga heh warga ngadingadi gausah repot hih sewot akutu;biasanya yg jadi judul di sinetronsinetron hidayah itu azab orang yang bla bla bla jenazah ditolak bumi lah ini pemberitaan covid jenazah ditolak warga heh warga jangan ngadingadi lu gausah bikin makin repot hih sewot akutu;['biasanya', 'yg', 'jadi', 'judul', 'di', 'sinetronsinetron', 'hidayah', 'itu', 'azab', 'orang', 'yang', 'bla', 'bla', 'bla', 'jenazah', 'ditolak', 'bumi', 'lah', 'ini', 'pemberitaan', 'covid', 'jenazah', 'ditolak', 'warga', 'heh', 'warga', 'jangan', 'ngadingadi', 'lu', 'gausah', 'bikin', 'makin', 'repot', 'hih', 'sewot', 'akutu'];['biasanya', 'yang', 'jadi', 'judul', 'di', 'sinetronsinetron', 'hidayah', 'itu', 'azab', 'orang', 'yang', 'bla', 'bla', 'bla', 'jenazah', 'ditolak', 'bumi', 'lah', 'ini', 'pemberitaan', 'covid', 'jenazah', 'ditolak', 'warga', 'heh', 'warga', 'jangan', 'ngadingadi', 'kamu', 'gausah', 'membuat', 'makin', 'repot', 'hih', 'sewot', 'akutu'];['judul', 'sinetronsinetron', 'hidayah', 'azab', 'orang', 'bla', 'bla', 'bla', 'jenazah', 'ditolak', 'bumi', 'pemberitaan', 'covid', 'jenazah', 'ditolak', 'warga', 'heh', 'warga', 'ngadingadi', 'gausah', 'repot', 'hih', 'sewot', 'akutu'];judul sinetronsinetron hidayah azab orang bla bla bla jenazah ditolak bumi pemberitaan covid jenazah ditolak warga heh warga ngadingadi gausah repot hih sewot akutu;judul sinetronsinetron hidayah azab orang bla bla bla jenazah tolak bumi berita covid jenazah tolak warga heh warga ngadingadi gausah repot hih sewot akutu
655;Tiga Warga Magelang Dirawat Terkait Covid-19 RS Budi Rahayu Tertutup Untuk Pasien Umum;1.0;warga magelang rawat kait covid rs budi rahayu tutup pasien;tiga warga magelang dirawat terkait covid rs budi rahayu tertutup untuk pasien umum;['tiga', 'warga', 'magelang', 'dirawat', 'terkait', 'covid', 'rs', 'budi', 'rahayu', 'tertutup', 'untuk', 'pasien', 'umum'];['tiga', 'warga', 'magelang', 'dirawat', 'terkait', 'covid', 'rs', 'budi', 'rahayu', 'tertutup', 'untuk', 'pasien', 'umum'];['warga', 'magelang', 'dirawat', 'terkait', 'covid', 'rs', 'budi', 'rahayu', 'tertutup', 'pasien'];warga magelang dirawat terkait covid rs budi rahayu tertutup pasien;warga magelang rawat kait covid rs budi rahayu tutup pasien
656;Provokator Penolak Jenazah Covid-19 Ditangkap Polda Jawa Tengah, Ini Rinciannya;0.0;provokator tolak jenazah covid tangkap polda jawa rinciannya;provokator penolak jenazah covid ditangkap polda jawa tengah ini rinciannya;['provokator', 'penolak', 'jenazah', 'covid', 'ditangkap', 'polda', 'jawa', 'tengah', 'ini', 'rinciannya'];['provokator', 'penolak', 'jenazah', 'covid', 'ditangkap', 'polda', 'jawa', 'tengah', 'ini', 'rinciannya'];['provokator', 'penolak', 'jenazah', 'covid', 'ditangkap', 'polda', 'jawa', 'rinciannya'];provokator penolak jenazah covid ditangkap polda jawa rinciannya;provokator tolak jenazah covid tangkap polda jawa rinciannya
657;Update covid-19 prov papuaSarmi mengalami kenaikan.Lindungi semua hambamu Ya Allah..;1.0;update covid prov papuasarmi alami kenaikanlindungi hamba iya allah;update covid prov papuasarmi mengalami kenaikanlindungi semua hambamu ya allah;['update', 'covid', 'prov', 'papuasarmi', 'mengalami', 'kenaikanlindungi', 'semua', 'hambamu', 'ya', 'allah'];['update', 'covid', 'prov', 'papuasarmi', 'mengalami', 'kenaikanlindungi', 'semua', 'hambamu', 'iya', 'allah'];['update', 'covid', 'prov', 'papuasarmi', 'mengalami', 'kenaikanlindungi', 'hambamu', 'iya', 'allah'];update covid prov papuasarmi mengalami kenaikanlindungi hambamu iya allah;update covid prov papuasarmi alami kenaikanlindungi hamba iya allah
658;Gue jg kadang suka kepikiran kali lg covid begini trs tbtb ada bencana besar (gempa/tsunami) gmn ya, tp ya random thoughts aja gitu. Inilah herannya org indo, ngasih tau fakta covid dibilang bikin panik giliran mitos indigo lo baca ampe kelar. Buset.;-1.0;jg kadang suka pikir kali lg covid tbtb bencana gempatsunami iya iya random thoughts gitu heran orang indo tau fakta covid bilang panik gilir mitos indigo lo baca ampe selesai aduh;gue jg kadang suka kepikiran kali lg covid begini trs tbtb ada bencana besar gempatsunami gmn ya tp ya random thoughts aja gitu inilah herannya org indo ngasih tau fakta covid dibilang bikin panik giliran mitos indigo lo baca ampe kelar buset;['gue', 'jg', 'kadang', 'suka', 'kepikiran', 'kali', 'lg', 'covid', 'begini', 'trs', 'tbtb', 'ada', 'bencana', 'besar', 'gempatsunami', 'gmn', 'ya', 'tp', 'ya', 'random', 'thoughts', 'aja', 'gitu', 'inilah', 'herannya', 'org', 'indo', 'ngasih', 'tau', 'fakta', 'covid', 'dibilang', 'bikin', 'panik', 'giliran', 'mitos', 'indigo', 'lo', 'baca', 'ampe', 'kelar', 'buset'];['saya', 'jg', 'kadang', 'suka', 'kepikiran', 'kali', 'lg', 'covid', 'begini', 'terus', 'tbtb', 'ada', 'bencana', 'besar', 'gempatsunami', 'bagaimana', 'iya', 'tapi', 'iya', 'random', 'thoughts', 'saja', 'gitu', 'inilah', 'herannya', 'orang', 'indo', 'memberi', 'tau', 'fakta', 'covid', 'dibilang', 'membuat', 'panik', 'giliran', 'mitos', 'indigo', 'lo', 'baca', 'ampe', 'selesai', 'aduh'];['jg', 'kadang', 'suka', 'kepikiran', 'kali', 'lg', 'covid', 'tbtb', 'bencana', 'gempatsunami', 'iya', 'iya', 'random', 'thoughts', 'gitu', 'herannya', 'orang', 'indo', 'tau', 'fakta', 'covid', 'dibilang', 'panik', 'giliran', 'mitos', 'indigo', 'lo', 'baca', 'ampe', 'selesai', 'aduh'];jg kadang suka kepikiran kali lg covid tbtb bencana gempatsunami iya iya random thoughts gitu herannya orang indo tau fakta covid dibilang panik giliran mitos indigo lo baca ampe selesai aduh;jg kadang suka pikir kali lg covid tbtb bencana gempatsunami iya iya random thoughts gitu heran orang indo tau fakta covid bilang panik gilir mitos indigo lo baca ampe selesai aduh
659;Jubir Covid-19 Minta Warga Tak Menolak Jenazah Corona ;1.0;jubir covid warga tolak jenazah corona;jubir covid minta warga tak menolak jenazah corona;['jubir', 'covid', 'minta', 'warga', 'tak', 'menolak', 'jenazah', 'corona'];['jubir', 'covid', 'minta', 'warga', 'tak', 'menolak', 'jenazah', 'corona'];['jubir', 'covid', 'warga', 'menolak', 'jenazah', 'corona'];jubir covid warga menolak jenazah corona;jubir covid warga tolak jenazah corona
660;males komentar udah tau lg covid 19malah pengen kumpul2 parahhhhhh...;-1.0;malas komentar tau lg covid kumpul parahhhhhh;males komentar udah tau lg covid malah pengen kumpul parahhhhhh;['males', 'komentar', 'udah', 'tau', 'lg', 'covid', 'malah', 'pengen', 'kumpul', 'parahhhhhh'];['malas ', 'komentar', 'sudah', 'tau', 'lg', 'covid', 'malah', 'ingin', 'kumpul', 'parahhhhhh'];['malas ', 'komentar', 'tau', 'lg', 'covid', 'kumpul', 'parahhhhhh'];malas  komentar tau lg covid kumpul parahhhhhh;malas komentar tau lg covid kumpul parahhhhhh
661;Tetap Terima Pelanggan, Tukang Gunting Rambut Meninggal Dunia Angkara COVID-19;-1.0;terima langgan tukang gunting rambut tinggal dunia angkara covid;tetap terima pelanggan tukang gunting rambut meninggal dunia angkara covid;['tetap', 'terima', 'pelanggan', 'tukang', 'gunting', 'rambut', 'meninggal', 'dunia', 'angkara', 'covid'];['tetap', 'terima', 'pelanggan', 'tukang', 'gunting', 'rambut', 'meninggal', 'dunia', 'angkara', 'covid'];['terima', 'pelanggan', 'tukang', 'gunting', 'rambut', 'meninggal', 'dunia', 'angkara', 'covid'];terima pelanggan tukang gunting rambut meninggal dunia angkara covid;terima langgan tukang gunting rambut tinggal dunia angkara covid
662;Pesan Pencegahan Covid-19 Disorot, Ridwan Kamil Pakai Masker Gambar Syahrini: Corona Hus Sanah!;1.0;pesan cegah covid sorot ridwan kamil pakai masker gambar syahrini corona hus sanah;pesan pencegahan covid disorot ridwan kamil pakai masker gambar syahrini corona hus sanah;['pesan', 'pencegahan', 'covid', 'disorot', 'ridwan', 'kamil', 'pakai', 'masker', 'gambar', 'syahrini', 'corona', 'hus', 'sanah'];['pesan', 'pencegahan', 'covid', 'disorot', 'ridwan', 'kamil', 'pakai', 'masker', 'gambar', 'syahrini', 'corona', 'hus', 'sanah'];['pesan', 'pencegahan', 'covid', 'disorot', 'ridwan', 'kamil', 'pakai', 'masker', 'gambar', 'syahrini', 'corona', 'hus', 'sanah'];pesan pencegahan covid disorot ridwan kamil pakai masker gambar syahrini corona hus sanah;pesan cegah covid sorot ridwan kamil pakai masker gambar syahrini corona hus sanah
663;3 Terduga Provokator Penolakan Jenazah Perawat Semarang Diamankan Polisi Terimaksih Polri saya apresiasi tindakan polisi yg memproses org yg menghalagi pemakaman jenazah covid-19. Biar ada efek jera &  tidak terjadi lagi di tempat lain. ;1.0;duga provokator tolak jenazah awat semarang aman polisi terimaksih polri apresiasi tindak polisi proses orang menghalagi makam jenazah covid biar efek jera;terduga provokator penolakan jenazah perawat semarang diamankan polisi terimaksih polri saya apresiasi tindakan polisi yg memproses org yg menghalagi pemakaman jenazah covid biar ada efek jera tidak terjadi lagi di tempat lain;['terduga', 'provokator', 'penolakan', 'jenazah', 'perawat', 'semarang', 'diamankan', 'polisi', 'terimaksih', 'polri', 'saya', 'apresiasi', 'tindakan', 'polisi', 'yg', 'memproses', 'org', 'yg', 'menghalagi', 'pemakaman', 'jenazah', 'covid', 'biar', 'ada', 'efek', 'jera', 'tidak', 'terjadi', 'lagi', 'di', 'tempat', 'lain'];['terduga', 'provokator', 'penolakan', 'jenazah', 'perawat', 'semarang', 'diamankan', 'polisi', 'terimaksih', 'polri', 'saya', 'apresiasi', 'tindakan', 'polisi', 'yang', 'memproses', 'orang', 'yang', 'menghalagi', 'pemakaman', 'jenazah', 'covid', 'biar', 'ada', 'efek', 'jera', 'tidak', 'terjadi', 'lagi', 'di', 'tempat', 'lain'];['terduga', 'provokator', 'penolakan', 'jenazah', 'perawat', 'semarang', 'diamankan', 'polisi', 'terimaksih', 'polri', 'apresiasi', 'tindakan', 'polisi', 'memproses', 'orang', 'menghalagi', 'pemakaman', 'jenazah', 'covid', 'biar', 'efek', 'jera'];terduga provokator penolakan jenazah perawat semarang diamankan polisi terimaksih polri apresiasi tindakan polisi memproses orang menghalagi pemakaman jenazah covid biar efek jera;duga provokator tolak jenazah awat semarang aman polisi terimaksih polri apresiasi tindak polisi proses orang menghalagi makam jenazah covid biar efek jera
664;Banjir, Covid-19, Dentuman Misterius, sekarang prediksi gempa. Gua up sama 2020;-1.0;banjir covid dentum misterius prediksi gempa up;banjir covid dentuman misterius sekarang prediksi gempa gua up sama;['banjir', 'covid', 'dentuman', 'misterius', 'sekarang', 'prediksi', 'gempa', 'gua', 'up', 'sama'];['banjir', 'covid', 'dentuman', 'misterius', 'sekarang', 'prediksi', 'gempa', 'saya', 'up', 'sama'];['banjir', 'covid', 'dentuman', 'misterius', 'prediksi', 'gempa', 'up'];banjir covid dentuman misterius prediksi gempa up;banjir covid dentum misterius prediksi gempa up
665;Bupati Klaten menghimbau masyarakat untuk tidak takut, tidak panik lakukan PHBS, makan makanan yang bergizi, dan berjemur antara jam 9-10 pagi selama 10-15 menit guna pencegahan Covid-19;1.0;bupati klaten menghimbau masyarakat takut panik laku phbs makan makan gizi jemur jam pagi menit cegah covid;bupati klaten menghimbau masyarakat untuk tidak takut tidak panik lakukan phbs makan makanan yang bergizi dan berjemur antara jam pagi selama menit guna pencegahan covid;['bupati', 'klaten', 'menghimbau', 'masyarakat', 'untuk', 'tidak', 'takut', 'tidak', 'panik', 'lakukan', 'phbs', 'makan', 'makanan', 'yang', 'bergizi', 'dan', 'berjemur', 'antara', 'jam', 'pagi', 'selama', 'menit', 'guna', 'pencegahan', 'covid'];['bupati', 'klaten', 'menghimbau', 'masyarakat', 'untuk', 'tidak', 'takut', 'tidak', 'panik', 'lakukan', 'phbs', 'makan', 'makanan', 'yang', 'bergizi', 'dan', 'berjemur', 'antara', 'jam', 'pagi', 'selama', 'menit', 'guna', 'pencegahan', 'covid'];['bupati', 'klaten', 'menghimbau', 'masyarakat', 'takut', 'panik', 'lakukan', 'phbs', 'makan', 'makanan', 'bergizi', 'berjemur', 'jam', 'pagi', 'menit', 'pencegahan', 'covid'];bupati klaten menghimbau masyarakat takut panik lakukan phbs makan makanan bergizi berjemur jam pagi menit pencegahan covid;bupati klaten menghimbau masyarakat takut panik laku phbs makan makan gizi jemur jam pagi menit cegah covid
666;sidakarya, pakerisan, panjer, pancoran, sesetan. red zone sudah covid ;0.0;sidakarya pakerisan panjer pancoran set red zone covid;sidakarya pakerisan panjer pancoran sesetan red zone sudah covid;['sidakarya', 'pakerisan', 'panjer', 'pancoran', 'sesetan', 'red', 'zone', 'sudah', 'covid'];['sidakarya', 'pakerisan', 'panjer', 'pancoran', 'sesetan', 'red', 'zone', 'sudah', 'covid'];['sidakarya', 'pakerisan', 'panjer', 'pancoran', 'sesetan', 'red', 'zone', 'covid'];sidakarya pakerisan panjer pancoran sesetan red zone covid;sidakarya pakerisan panjer pancoran set red zone covid
667;"Ini ngapa si ada yg mara mara""Tobat ya tobat aja, ngp segala ngetwit sih. Pake segala nanya apa masih bisa""Yaampun mase nanti kita jalan jalan ke pantai ya kalo covid-19 dah kelar, ku mau menenggelamkan kamu, bersama kejulidan mu, anying sia! Serius amat sih";-1.0;ngapa sih mara maratobat iya tobat ngp ngetwit sih pakai nanya bisayaampun mase jalan jalan pantai iya covid selesai ku tenggelam kejulidan mu anying sia serius sih;ini ngapa si ada yg mara maratobat ya tobat aja ngp segala ngetwit sih pake segala nanya apa masih bisayaampun mase nanti kita jalan jalan ke pantai ya kalo covid dah kelar ku mau menenggelamkan kamu bersama kejulidan mu anying sia serius amat sih;['ini', 'ngapa', 'si', 'ada', 'yg', 'mara', 'maratobat', 'ya', 'tobat', 'aja', 'ngp', 'segala', 'ngetwit', 'sih', 'pake', 'segala', 'nanya', 'apa', 'masih', 'bisayaampun', 'mase', 'nanti', 'kita', 'jalan', 'jalan', 'ke', 'pantai', 'ya', 'kalo', 'covid', 'dah', 'kelar', 'ku', 'mau', 'menenggelamkan', 'kamu', 'bersama', 'kejulidan', 'mu', 'anying', 'sia', 'serius', 'amat', 'sih'];['ini', 'ngapa', 'sih', 'ada', 'yang', 'mara', 'maratobat', 'iya', 'tobat', 'saja', 'ngp', 'segala', 'ngetwit', 'sih', 'pakai', 'segala', 'nanya', 'apa', 'masih', 'bisayaampun', 'mase', 'nanti', 'kita', 'jalan', 'jalan', 'ke', 'pantai', 'iya', 'kalau', 'covid', 'sudah', 'selesai', 'ku', 'mau', 'menenggelamkan', 'kamu', 'bersama', 'kejulidan', 'mu', 'anying', 'sia', 'serius', 'amat', 'sih'];['ngapa', 'sih', 'mara', 'maratobat', 'iya', 'tobat', 'ngp', 'ngetwit', 'sih', 'pakai', 'nanya', 'bisayaampun', 'mase', 'jalan', 'jalan', 'pantai', 'iya', 'covid', 'selesai', 'ku', 'menenggelamkan', 'kejulidan', 'mu', 'anying', 'sia', 'serius', 'sih'];ngapa sih mara maratobat iya tobat ngp ngetwit sih pakai nanya bisayaampun mase jalan jalan pantai iya covid selesai ku menenggelamkan kejulidan mu anying sia serius sih;ngapa sih mara maratobat iya tobat ngp ngetwit sih pakai nanya bisayaampun mase jalan jalan pantai iya covid selesai ku tenggelam kejulidan mu anying sia serius sih
668;Cegah Penularan Covid-19, PTSP Serahkan Tempat Cuci Tangan untuk Balai Kota Padang dan Pasar Nanggalo;1.0;cegah tular covid ptsp serah cuci tangan balai kota padang pasar nanggalo;cegah penularan covid ptsp serahkan tempat cuci tangan untuk balai kota padang dan pasar nanggalo;['cegah', 'penularan', 'covid', 'ptsp', 'serahkan', 'tempat', 'cuci', 'tangan', 'untuk', 'balai', 'kota', 'padang', 'dan', 'pasar', 'nanggalo'];['cegah', 'penularan', 'covid', 'ptsp', 'serahkan', 'tempat', 'cuci', 'tangan', 'untuk', 'balai', 'kota', 'padang', 'dan', 'pasar', 'nanggalo'];['cegah', 'penularan', 'covid', 'ptsp', 'serahkan', 'cuci', 'tangan', 'balai', 'kota', 'padang', 'pasar', 'nanggalo'];cegah penularan covid ptsp serahkan cuci tangan balai kota padang pasar nanggalo;cegah tular covid ptsp serah cuci tangan balai kota padang pasar nanggalo
669;Untuk pasien positif/terkonfirmasi Covid-19 baru berjumlah 1 orang. Total pasien positif/terkonfirmasi Covid-19 di Klaten sampai hari ini berjumlah 2 orang;0.0;pasien positifterkonfirmasi covid orang total pasien positifterkonfirmasi covid klaten orang;untuk pasien positifterkonfirmasi covid baru berjumlah orang total pasien positifterkonfirmasi covid di klaten sampai hari ini berjumlah orang;['untuk', 'pasien', 'positifterkonfirmasi', 'covid', 'baru', 'berjumlah', 'orang', 'total', 'pasien', 'positifterkonfirmasi', 'covid', 'di', 'klaten', 'sampai', 'hari', 'ini', 'berjumlah', 'orang'];['untuk', 'pasien', 'positifterkonfirmasi', 'covid', 'baru', 'berjumlah', 'orang', 'total', 'pasien', 'positifterkonfirmasi', 'covid', 'di', 'klaten', 'sampai', 'hari', 'ini', 'berjumlah', 'orang'];['pasien', 'positifterkonfirmasi', 'covid', 'orang', 'total', 'pasien', 'positifterkonfirmasi', 'covid', 'klaten', 'orang'];pasien positifterkonfirmasi covid orang total pasien positifterkonfirmasi covid klaten orang;pasien positifterkonfirmasi covid orang total pasien positifterkonfirmasi covid klaten orang
670;Kasus pasien meninggal dunia akibat Covid-19 pertama kalinya terjadi di Kalimantan Utara 1 orang, kemudian NTB 2 orang, dan Sulawesi Tenggara 4 orang.;0.0;pasien tinggal dunia akibat covid kali kalimantan utara orang ntb orang sulawesi tenggara orang;kasus pasien meninggal dunia akibat covid pertama kalinya terjadi di kalimantan utara orang kemudian ntb orang dan sulawesi tenggara orang;['kasus', 'pasien', 'meninggal', 'dunia', 'akibat', 'covid', 'pertama', 'kalinya', 'terjadi', 'di', 'kalimantan', 'utara', 'orang', 'kemudian', 'ntb', 'orang', 'dan', 'sulawesi', 'tenggara', 'orang'];['kasus', 'pasien', 'meninggal', 'dunia', 'akibat', 'covid', 'pertama', 'kalinya', 'terjadi', 'di', 'kalimantan', 'utara', 'orang', 'kemudian', 'ntb', 'orang', 'dan', 'sulawesi', 'tenggara', 'orang'];['pasien', 'meninggal', 'dunia', 'akibat', 'covid', 'kalinya', 'kalimantan', 'utara', 'orang', 'ntb', 'orang', 'sulawesi', 'tenggara', 'orang'];pasien meninggal dunia akibat covid kalinya kalimantan utara orang ntb orang sulawesi tenggara orang;pasien tinggal dunia akibat covid kali kalimantan utara orang ntb orang sulawesi tenggara orang
671;Berhubung dengan adanya virus COVID-19 jika kalian ada menemukan benjolan di bawah kelamin jangan takun,itu biji kontol;-1.0;hubung virus covid temu benjol kelamin takunitu biji kontol;berhubung dengan adanya virus covid jika kalian ada menemukan benjolan di bawah kelamin jangan takunitu biji kontol;['berhubung', 'dengan', 'adanya', 'virus', 'covid', 'jika', 'kalian', 'ada', 'menemukan', 'benjolan', 'di', 'bawah', 'kelamin', 'jangan', 'takunitu', 'biji', 'kontol'];['berhubung', 'dengan', 'adanya', 'virus', 'covid', 'jika', 'kalian', 'ada', 'menemukan', 'benjolan', 'di', 'bawah', 'kelamin', 'jangan', 'takunitu', 'biji', 'kontol'];['berhubung', 'virus', 'covid', 'menemukan', 'benjolan', 'kelamin', 'takunitu', 'biji', 'kontol'];berhubung virus covid menemukan benjolan kelamin takunitu biji kontol;hubung virus covid temu benjol kelamin takunitu biji kontol
672;CDC mengumumkan setiap orang wajib pakai masker di tempat umum untuk cegah penyebaran COVID-19. Tapi apakah aturan itu berlaku bagi orang-orang yang olahraga?;0.0;cdc umum orang wajib pakai masker cegah sebar covid atur laku orangorang olahraga;cdc mengumumkan setiap orang wajib pakai masker di tempat umum untuk cegah penyebaran covid tapi apakah aturan itu berlaku bagi orangorang yang olahraga;['cdc', 'mengumumkan', 'setiap', 'orang', 'wajib', 'pakai', 'masker', 'di', 'tempat', 'umum', 'untuk', 'cegah', 'penyebaran', 'covid', 'tapi', 'apakah', 'aturan', 'itu', 'berlaku', 'bagi', 'orangorang', 'yang', 'olahraga'];['cdc', 'mengumumkan', 'setiap', 'orang', 'wajib', 'pakai', 'masker', 'di', 'tempat', 'umum', 'untuk', 'cegah', 'penyebaran', 'covid', 'tapi', 'apakah', 'aturan', 'itu', 'berlaku', 'bagi', 'orangorang', 'yang', 'olahraga'];['cdc', 'mengumumkan', 'orang', 'wajib', 'pakai', 'masker', 'cegah', 'penyebaran', 'covid', 'aturan', 'berlaku', 'orangorang', 'olahraga'];cdc mengumumkan orang wajib pakai masker cegah penyebaran covid aturan berlaku orangorang olahraga;cdc umum orang wajib pakai masker cegah sebar covid atur laku orangorang olahraga
673;Pakar Peringatkan, Indonesia dan India Berpotensi Jadi Episenter Baru Covid-19;-1.0;pakar ingat indonesia india potensi episenter covid;pakar peringatkan indonesia dan india berpotensi jadi episenter baru covid;['pakar', 'peringatkan', 'indonesia', 'dan', 'india', 'berpotensi', 'jadi', 'episenter', 'baru', 'covid'];['pakar', 'peringatkan', 'indonesia', 'dan', 'india', 'berpotensi', 'jadi', 'episenter', 'baru', 'covid'];['pakar', 'peringatkan', 'indonesia', 'india', 'berpotensi', 'episenter', 'covid'];pakar peringatkan indonesia india berpotensi episenter covid;pakar ingat indonesia india potensi episenter covid
674;pak mohon ditindak lanjuti perumahan sigi permai kota semarang, kec. Pedurungan, Kel, trogomulyo, akan mengadakan gotong royong malah akan melakukan senam bersama mohon dapat di mediasi karen tidak boleh mengumpulkan orang pada masa pandemi covid 19 ini,;1.0;mohon tindak lanjut rumah sigi permai kota semarang kec pedurungan kel trogomulyo ada gotong royong senam mohon mediasi karen kumpul orang pandemi covid;pak mohon ditindak lanjuti perumahan sigi permai kota semarang kec pedurungan kel trogomulyo akan mengadakan gotong royong malah akan melakukan senam bersama mohon dapat di mediasi karen tidak boleh mengumpulkan orang pada masa pandemi covid ini;['pak', 'mohon', 'ditindak', 'lanjuti', 'perumahan', 'sigi', 'permai', 'kota', 'semarang', 'kec', 'pedurungan', 'kel', 'trogomulyo', 'akan', 'mengadakan', 'gotong', 'royong', 'malah', 'akan', 'melakukan', 'senam', 'bersama', 'mohon', 'dapat', 'di', 'mediasi', 'karen', 'tidak', 'boleh', 'mengumpulkan', 'orang', 'pada', 'masa', 'pandemi', 'covid', 'ini'];['pak', 'mohon', 'ditindak', 'lanjuti', 'perumahan', 'sigi', 'permai', 'kota', 'semarang', 'kec', 'pedurungan', 'kel', 'trogomulyo', 'akan', 'mengadakan', 'gotong', 'royong', 'malah', 'akan', 'melakukan', 'senam', 'bersama', 'mohon', 'dapat', 'di', 'mediasi', 'karen', 'tidak', 'boleh', 'mengumpulkan', 'orang', 'pada', 'masa', 'pandemi', 'covid', 'ini'];['mohon', 'ditindak', 'lanjuti', 'perumahan', 'sigi', 'permai', 'kota', 'semarang', 'kec', 'pedurungan', 'kel', 'trogomulyo', 'mengadakan', 'gotong', 'royong', 'senam', 'mohon', 'mediasi', 'karen', 'mengumpulkan', 'orang', 'pandemi', 'covid'];mohon ditindak lanjuti perumahan sigi permai kota semarang kec pedurungan kel trogomulyo mengadakan gotong royong senam mohon mediasi karen mengumpulkan orang pandemi covid;mohon tindak lanjut rumah sigi permai kota semarang kec pedurungan kel trogomulyo ada gotong royong senam mohon mediasi karen kumpul orang pandemi covid
675;Di masa pandemi covid-19 seperti sekarang ini harga kebutuhan pokok cenderung naik harganya, salah satu jurus untuk meredam itu adalah alokasi impor raw sugar agar dpt diubah menjadi GKP dan diharapkan dapat mencukupi kebutuhan gula dalam negeri dan dapat menekan harga.;1.0;pandemi covid harga butuh pokok cenderung harga salah jurus redam alokasi impor raw sugar dapat ubah gkp harap cukup butuh gula negeri tekan harga;di masa pandemi covid seperti sekarang ini harga kebutuhan pokok cenderung naik harganya salah satu jurus untuk meredam itu adalah alokasi impor raw sugar agar dpt diubah menjadi gkp dan diharapkan dapat mencukupi kebutuhan gula dalam negeri dan dapat menekan harga;['di', 'masa', 'pandemi', 'covid', 'seperti', 'sekarang', 'ini', 'harga', 'kebutuhan', 'pokok', 'cenderung', 'naik', 'harganya', 'salah', 'satu', 'jurus', 'untuk', 'meredam', 'itu', 'adalah', 'alokasi', 'impor', 'raw', 'sugar', 'agar', 'dpt', 'diubah', 'menjadi', 'gkp', 'dan', 'diharapkan', 'dapat', 'mencukupi', 'kebutuhan', 'gula', 'dalam', 'negeri', 'dan', 'dapat', 'menekan', 'harga'];['di', 'masa', 'pandemi', 'covid', 'seperti', 'sekarang', 'ini', 'harga', 'kebutuhan', 'pokok', 'cenderung', 'naik', 'harganya', 'salah', 'satu', 'jurus', 'untuk', 'meredam', 'itu', 'adalah', 'alokasi', 'impor', 'raw', 'sugar', 'agar', 'dapat ', 'diubah', 'menjadi', 'gkp', 'dan', 'diharapkan', 'dapat', 'mencukupi', 'kebutuhan', 'gula', 'dalam', 'negeri', 'dan', 'dapat', 'menekan', 'harga'];['pandemi', 'covid', 'harga', 'kebutuhan', 'pokok', 'cenderung', 'harganya', 'salah', 'jurus', 'meredam', 'alokasi', 'impor', 'raw', 'sugar', 'dapat ', 'diubah', 'gkp', 'diharapkan', 'mencukupi', 'kebutuhan', 'gula', 'negeri', 'menekan', 'harga'];pandemi covid harga kebutuhan pokok cenderung harganya salah jurus meredam alokasi impor raw sugar dapat  diubah gkp diharapkan mencukupi kebutuhan gula negeri menekan harga;pandemi covid harga butuh pokok cenderung harga salah jurus redam alokasi impor raw sugar dapat ubah gkp harap cukup butuh gula negeri tekan harga
676;Menolak pemakaman jenazah pasien Covid-19. Takut sumber air tercemar. Bukan foto saya btw.;-1.0;tolak makam jenazah pasien covid takut sumber air cemar foto eh;menolak pemakaman jenazah pasien covid takut sumber air tercemar bukan foto saya btw;['menolak', 'pemakaman', 'jenazah', 'pasien', 'covid', 'takut', 'sumber', 'air', 'tercemar', 'bukan', 'foto', 'saya', 'btw'];['menolak', 'pemakaman', 'jenazah', 'pasien', 'covid', 'takut', 'sumber', 'air', 'tercemar', 'bukan', 'foto', 'saya', 'eh'];['menolak', 'pemakaman', 'jenazah', 'pasien', 'covid', 'takut', 'sumber', 'air', 'tercemar', 'foto', 'eh'];menolak pemakaman jenazah pasien covid takut sumber air tercemar foto eh;tolak makam jenazah pasien covid takut sumber air cemar foto eh
677;Perusahaan Farmasi Indonesia, PT Dexa Medica, telah siap memproduksi obat pasien Corona (Covid-19). Obat jenis hydroxy chloroquine ini akan disalurkan ke sekitar 5.000 pasien di seluruh Tanah Air.Direktur PT Dexa;1.0;usaha farmasi indonesia pt dexa medica produksi obat pasien corona covid obat jenis hydroxy chloroquine salur pasien tanah airdirektur pt dexa;perusahaan farmasi indonesia pt dexa medica telah siap memproduksi obat pasien corona covid obat jenis hydroxy chloroquine ini akan disalurkan ke sekitar pasien di seluruh tanah airdirektur pt dexa;['perusahaan', 'farmasi', 'indonesia', 'pt', 'dexa', 'medica', 'telah', 'siap', 'memproduksi', 'obat', 'pasien', 'corona', 'covid', 'obat', 'jenis', 'hydroxy', 'chloroquine', 'ini', 'akan', 'disalurkan', 'ke', 'sekitar', 'pasien', 'di', 'seluruh', 'tanah', 'airdirektur', 'pt', 'dexa'];['perusahaan', 'farmasi', 'indonesia', 'pt', 'dexa', 'medica', 'telah', 'siap', 'memproduksi', 'obat', 'pasien', 'corona', 'covid', 'obat', 'jenis', 'hydroxy', 'chloroquine', 'ini', 'akan', 'disalurkan', 'ke', 'sekitar', 'pasien', 'di', 'seluruh', 'tanah', 'airdirektur', 'pt', 'dexa'];['perusahaan', 'farmasi', 'indonesia', 'pt', 'dexa', 'medica', 'memproduksi', 'obat', 'pasien', 'corona', 'covid', 'obat', 'jenis', 'hydroxy', 'chloroquine', 'disalurkan', 'pasien', 'tanah', 'airdirektur', 'pt', 'dexa'];perusahaan farmasi indonesia pt dexa medica memproduksi obat pasien corona covid obat jenis hydroxy chloroquine disalurkan pasien tanah airdirektur pt dexa;usaha farmasi indonesia pt dexa medica produksi obat pasien corona covid obat jenis hydroxy chloroquine salur pasien tanah airdirektur pt dexa
678;Warga pendatang udah patuh, gak mudik, keluar rumah cuma buat cari makan atau sembako.. yg warga lokal asik aja kongko2, main2.. kapan mau kelar ya covid kalo gini;0.0;warga datang patuh mudik rumah cari makan sembako warga lokal asyik kongko main selesai iya covid gin;warga pendatang udah patuh gak mudik keluar rumah cuma buat cari makan atau sembako yg warga lokal asik aja kongko main kapan mau kelar ya covid kalo gini;['warga', 'pendatang', 'udah', 'patuh', 'gak', 'mudik', 'keluar', 'rumah', 'cuma', 'buat', 'cari', 'makan', 'atau', 'sembako', 'yg', 'warga', 'lokal', 'asik', 'aja', 'kongko', 'main', 'kapan', 'mau', 'kelar', 'ya', 'covid', 'kalo', 'gini'];['warga', 'pendatang', 'sudah', 'patuh', 'tidak', 'mudik', 'keluar', 'rumah', 'cuma', 'buat', 'cari', 'makan', 'atau', 'sembako', 'yang', 'warga', 'lokal', 'asyik', 'saja', 'kongko', 'main', 'kapan', 'mau', 'selesai', 'iya', 'covid', 'kalau', 'gini'];['warga', 'pendatang', 'patuh', 'mudik', 'rumah', 'cari', 'makan', 'sembako', 'warga', 'lokal', 'asyik', 'kongko', 'main', 'selesai', 'iya', 'covid', 'gini'];warga pendatang patuh mudik rumah cari makan sembako warga lokal asyik kongko main selesai iya covid gini;warga datang patuh mudik rumah cari makan sembako warga lokal asyik kongko main selesai iya covid gin
679;Hi SuroboyokuSemangat Menghadapi Pandemi Covid 19 Mari sedikit berbagi untuk para pejuang medis dan beberapa yang membutuhkan bantuan makanan . Dengan Cara membeli HUNGRY BOX Rp.35.000 saja di fresqa bistro;1.0;hi suroboyokusemangat hadap pandemi covid mari bagi juang medis butuh bantu makan beli hungry box rupiah fresqa bistro;hi suroboyokusemangat menghadapi pandemi covid mari sedikit berbagi untuk para pejuang medis dan beberapa yang membutuhkan bantuan makanan dengan cara membeli hungry box rp saja di fresqa bistro;['hi', 'suroboyokusemangat', 'menghadapi', 'pandemi', 'covid', 'mari', 'sedikit', 'berbagi', 'untuk', 'para', 'pejuang', 'medis', 'dan', 'beberapa', 'yang', 'membutuhkan', 'bantuan', 'makanan', 'dengan', 'cara', 'membeli', 'hungry', 'box', 'rp', 'saja', 'di', 'fresqa', 'bistro'];['hi', 'suroboyokusemangat', 'menghadapi', 'pandemi', 'covid', 'mari', 'sedikit', 'berbagi', 'untuk', 'para', 'pejuang', 'medis', 'dan', 'beberapa', 'yang', 'membutuhkan', 'bantuan', 'makanan', 'dengan', 'cara', 'membeli', 'hungry', 'box', 'rupiah', 'saja', 'di', 'fresqa', 'bistro'];['hi', 'suroboyokusemangat', 'menghadapi', 'pandemi', 'covid', 'mari', 'berbagi', 'pejuang', 'medis', 'membutuhkan', 'bantuan', 'makanan', 'membeli', 'hungry', 'box', 'rupiah', 'fresqa', 'bistro'];hi suroboyokusemangat menghadapi pandemi covid mari berbagi pejuang medis membutuhkan bantuan makanan membeli hungry box rupiah fresqa bistro;hi suroboyokusemangat hadap pandemi covid mari bagi juang medis butuh bantu makan beli hungry box rupiah fresqa bistro
680;11 april 2020UPDATE infografis sebaran virus COVID-19 wilayah kaltim.;0.0;april update infografis sebar virus covid wilayah kaltim;april update infografis sebaran virus covid wilayah kaltim;['april', 'update', 'infografis', 'sebaran', 'virus', 'covid', 'wilayah', 'kaltim'];['april', 'update', 'infografis', 'sebaran', 'virus', 'covid', 'wilayah', 'kaltim'];['april', 'update', 'infografis', 'sebaran', 'virus', 'covid', 'wilayah', 'kaltim'];april update infografis sebaran virus covid wilayah kaltim;april update infografis sebar virus covid wilayah kaltim
681;Aparat Desa Srimahi Tambun Bekasi Gandeng BEM STAI Attaqwa Cegah Covid-19 -;1.0;aparat desa srimahi tambun bekas gandeng bem stai attaqwa cegah covid;aparat desa srimahi tambun bekasi gandeng bem stai attaqwa cegah covid;['aparat', 'desa', 'srimahi', 'tambun', 'bekasi', 'gandeng', 'bem', 'stai', 'attaqwa', 'cegah', 'covid'];['aparat', 'desa', 'srimahi', 'tambun', 'bekasi', 'gandeng', 'bem', 'stai', 'attaqwa', 'cegah', 'covid'];['aparat', 'desa', 'srimahi', 'tambun', 'bekasi', 'gandeng', 'bem', 'stai', 'attaqwa', 'cegah', 'covid'];aparat desa srimahi tambun bekasi gandeng bem stai attaqwa cegah covid;aparat desa srimahi tambun bekas gandeng bem stai attaqwa cegah covid
682;Pengen rasanya nebar tanah suci ke rumah orang-orang yang nolak jenazah pasien covid-19 biar rumahnya buat berdoa orang terus. Huffttt;-1.0;nebar tanah suci rumah orangorang nolak jenazah pasien covid biar rumah doa orang huffttt;pengen rasanya nebar tanah suci ke rumah orangorang yang nolak jenazah pasien covid biar rumahnya buat berdoa orang terus huffttt;['pengen', 'rasanya', 'nebar', 'tanah', 'suci', 'ke', 'rumah', 'orangorang', 'yang', 'nolak', 'jenazah', 'pasien', 'covid', 'biar', 'rumahnya', 'buat', 'berdoa', 'orang', 'terus', 'huffttt'];['ingin', 'rasanya', 'nebar', 'tanah', 'suci', 'ke', 'rumah', 'orangorang', 'yang', 'nolak', 'jenazah', 'pasien', 'covid', 'biar', 'rumahnya', 'buat', 'berdoa', 'orang', 'terus', 'huffttt'];['nebar', 'tanah', 'suci', 'rumah', 'orangorang', 'nolak', 'jenazah', 'pasien', 'covid', 'biar', 'rumahnya', 'berdoa', 'orang', 'huffttt'];nebar tanah suci rumah orangorang nolak jenazah pasien covid biar rumahnya berdoa orang huffttt;nebar tanah suci rumah orangorang nolak jenazah pasien covid biar rumah doa orang huffttt
683;Syarat Penerima Bantuan Covid-19 di Bangka Belitung Harus Beragama Islam.;-1.0;syarat terima bantu covid bangka belitung agama islam;syarat penerima bantuan covid di bangka belitung harus beragama islam;['syarat', 'penerima', 'bantuan', 'covid', 'di', 'bangka', 'belitung', 'harus', 'beragama', 'islam'];['syarat', 'penerima', 'bantuan', 'covid', 'di', 'bangka', 'belitung', 'harus', 'beragama', 'islam'];['syarat', 'penerima', 'bantuan', 'covid', 'bangka', 'belitung', 'beragama', 'islam'];syarat penerima bantuan covid bangka belitung beragama islam;syarat terima bantu covid bangka belitung agama islam
684;Update informasi terkait situasi Covid-19 berdasarkan data dari Dinas Kesehatan Kabupaten Klaten, per Sabtu, (11/4) pk. 12.00 WIB :Cc. -A Thread_;0.0;update informasi kait situasi covid dasar data dinas sehat kabupaten klaten sabtu pk wib cc a thread;update informasi terkait situasi covid berdasarkan data dari dinas kesehatan kabupaten klaten per sabtu pk wib cc a thread;['update', 'informasi', 'terkait', 'situasi', 'covid', 'berdasarkan', 'data', 'dari', 'dinas', 'kesehatan', 'kabupaten', 'klaten', 'per', 'sabtu', 'pk', 'wib', 'cc', 'a', 'thread'];['update', 'informasi', 'terkait', 'situasi', 'covid', 'berdasarkan', 'data', 'dari', 'dinas', 'kesehatan', 'kabupaten', 'klaten', 'per', 'sabtu', 'pk', 'wib', 'cc', 'a', 'thread'];['update', 'informasi', 'terkait', 'situasi', 'covid', 'berdasarkan', 'data', 'dinas', 'kesehatan', 'kabupaten', 'klaten', 'sabtu', 'pk', 'wib', 'cc', 'a', 'thread'];update informasi terkait situasi covid berdasarkan data dinas kesehatan kabupaten klaten sabtu pk wib cc a thread;update informasi kait situasi covid dasar data dinas sehat kabupaten klaten sabtu pk wib cc a thread
685;, , tersebar surat yg isinya penerima bantuan C-19 harus beragama Islam.Cc;-1.0;sebar surat isi terima bantu c agama islamcc;tersebar surat yg isinya penerima bantuan c harus beragama islamcc;['tersebar', 'surat', 'yg', 'isinya', 'penerima', 'bantuan', 'c', 'harus', 'beragama', 'islamcc'];['tersebar', 'surat', 'yang', 'isinya', 'penerima', 'bantuan', 'c', 'harus', 'beragama', 'islamcc'];['tersebar', 'surat', 'isinya', 'penerima', 'bantuan', 'c', 'beragama', 'islamcc'];tersebar surat isinya penerima bantuan c beragama islamcc;sebar surat isi terima bantu c agama islamcc
686;Sebanyak 10 warga Provinsi Gorontalo terindikasi positif COVID-19 usai mengikuti rapid test.;0.0;warga provinsi gorontalo indikasi positif covid ikut rapid test;sebanyak warga provinsi gorontalo terindikasi positif covid usai mengikuti rapid test;['sebanyak', 'warga', 'provinsi', 'gorontalo', 'terindikasi', 'positif', 'covid', 'usai', 'mengikuti', 'rapid', 'test'];['sebanyak', 'warga', 'provinsi', 'gorontalo', 'terindikasi', 'positif', 'covid', 'usai', 'mengikuti', 'rapid', 'test'];['warga', 'provinsi', 'gorontalo', 'terindikasi', 'positif', 'covid', 'mengikuti', 'rapid', 'test'];warga provinsi gorontalo terindikasi positif covid mengikuti rapid test;warga provinsi gorontalo indikasi positif covid ikut rapid test
687;Ditengah covid-19 BMI tetap istiqomah memberikan bantuan rumah layak huni;1.0;tengah covid bmi istiqomah bantu rumah layak huni;ditengah covid bmi tetap istiqomah memberikan bantuan rumah layak huni;['ditengah', 'covid', 'bmi', 'tetap', 'istiqomah', 'memberikan', 'bantuan', 'rumah', 'layak', 'huni'];['ditengah', 'covid', 'bmi', 'tetap', 'istiqomah', 'memberikan', 'bantuan', 'rumah', 'layak', 'huni'];['ditengah', 'covid', 'bmi', 'istiqomah', 'bantuan', 'rumah', 'layak', 'huni'];ditengah covid bmi istiqomah bantuan rumah layak huni;tengah covid bmi istiqomah bantu rumah layak huni
688;Atas nama masyarakat dan negara, saya mengucapkan terima kasih &  memberikan penghargaan setinggi-tingginya kepada Para Dokter, Perawat, Tenaga Medis, TNI, Polri & Sukarelawan yg bersinergi dalam penanganan penyebaran Covid-19;1.0;nama masyarakat negara terima kasih harga setinggitingginya dokter awat tenaga medis tni polri sukarelawan sinergi tangan sebar covid;atas nama masyarakat dan negara saya mengucapkan terima kasih memberikan penghargaan setinggitingginya kepada para dokter perawat tenaga medis tni polri sukarelawan yg bersinergi dalam penanganan penyebaran covid;['atas', 'nama', 'masyarakat', 'dan', 'negara', 'saya', 'mengucapkan', 'terima', 'kasih', 'memberikan', 'penghargaan', 'setinggitingginya', 'kepada', 'para', 'dokter', 'perawat', 'tenaga', 'medis', 'tni', 'polri', 'sukarelawan', 'yg', 'bersinergi', 'dalam', 'penanganan', 'penyebaran', 'covid'];['atas', 'nama', 'masyarakat', 'dan', 'negara', 'saya', 'mengucapkan', 'terima', 'kasih', 'memberikan', 'penghargaan', 'setinggitingginya', 'kepada', 'para', 'dokter', 'perawat', 'tenaga', 'medis', 'tni', 'polri', 'sukarelawan', 'yang', 'bersinergi', 'dalam', 'penanganan', 'penyebaran', 'covid'];['nama', 'masyarakat', 'negara', 'terima', 'kasih', 'penghargaan', 'setinggitingginya', 'dokter', 'perawat', 'tenaga', 'medis', 'tni', 'polri', 'sukarelawan', 'bersinergi', 'penanganan', 'penyebaran', 'covid'];nama masyarakat negara terima kasih penghargaan setinggitingginya dokter perawat tenaga medis tni polri sukarelawan bersinergi penanganan penyebaran covid;nama masyarakat negara terima kasih harga setinggitingginya dokter awat tenaga medis tni polri sukarelawan sinergi tangan sebar covid
689;Saya berdoa semoga wabah pandemi covid-19 di segala penjuru Nusantara dan Dunia cepat berakhir. Amiin | Siap mendukung Program Pemerintah untuk MENUNDA MUDIK tahun ini. Bersama Kita Bisa;1.0;doa moga wabah pandemi covid penjuru nusantara dunia cepat amiin dukung program perintah tunda mudik;saya berdoa semoga wabah pandemi covid di segala penjuru nusantara dan dunia cepat berakhir amiin siap mendukung program pemerintah untuk menunda mudik tahun ini bersama kita bisa;['saya', 'berdoa', 'semoga', 'wabah', 'pandemi', 'covid', 'di', 'segala', 'penjuru', 'nusantara', 'dan', 'dunia', 'cepat', 'berakhir', 'amiin', 'siap', 'mendukung', 'program', 'pemerintah', 'untuk', 'menunda', 'mudik', 'tahun', 'ini', 'bersama', 'kita', 'bisa'];['saya', 'berdoa', 'semoga', 'wabah', 'pandemi', 'covid', 'di', 'segala', 'penjuru', 'nusantara', 'dan', 'dunia', 'cepat', 'berakhir', 'amiin', 'siap', 'mendukung', 'program', 'pemerintah', 'untuk', 'menunda', 'mudik', 'tahun', 'ini', 'bersama', 'kita', 'bisa'];['berdoa', 'semoga', 'wabah', 'pandemi', 'covid', 'penjuru', 'nusantara', 'dunia', 'cepat', 'amiin', 'mendukung', 'program', 'pemerintah', 'menunda', 'mudik'];berdoa semoga wabah pandemi covid penjuru nusantara dunia cepat amiin mendukung program pemerintah menunda mudik;doa moga wabah pandemi covid penjuru nusantara dunia cepat amiin dukung program perintah tunda mudik
690;Google dan Apple berkolaborasi untuk membuat sistem pelacak penyebaran virus corona baru (COVID-19) yang berpotensi menjangkau sepertiga populasi dunia.Selengkapnya;1.0;google apple kolaborasi sistem lacak sebar virus corona covid potensi jangkau tiga populasi duniaselengkapnya;google dan apple berkolaborasi untuk membuat sistem pelacak penyebaran virus corona baru covid yang berpotensi menjangkau sepertiga populasi duniaselengkapnya;['google', 'dan', 'apple', 'berkolaborasi', 'untuk', 'membuat', 'sistem', 'pelacak', 'penyebaran', 'virus', 'corona', 'baru', 'covid', 'yang', 'berpotensi', 'menjangkau', 'sepertiga', 'populasi', 'duniaselengkapnya'];['google', 'dan', 'apple', 'berkolaborasi', 'untuk', 'membuat', 'sistem', 'pelacak', 'penyebaran', 'virus', 'corona', 'baru', 'covid', 'yang', 'berpotensi', 'menjangkau', 'sepertiga', 'populasi', 'duniaselengkapnya'];['google', 'apple', 'berkolaborasi', 'sistem', 'pelacak', 'penyebaran', 'virus', 'corona', 'covid', 'berpotensi', 'menjangkau', 'sepertiga', 'populasi', 'duniaselengkapnya'];google apple berkolaborasi sistem pelacak penyebaran virus corona covid berpotensi menjangkau sepertiga populasi duniaselengkapnya;google apple kolaborasi sistem lacak sebar virus corona covid potensi jangkau tiga populasi duniaselengkapnya
691;Perluas Akses Belajar di Masa Covid-19, Mendikbud Luncurkan Program Belajar dari Rumah di TVRI lewat;1.0;luas akses ajar covid mendikbud luncur program ajar rumah tvri;perluas akses belajar di masa covid mendikbud luncurkan program belajar dari rumah di tvri lewat;['perluas', 'akses', 'belajar', 'di', 'masa', 'covid', 'mendikbud', 'luncurkan', 'program', 'belajar', 'dari', 'rumah', 'di', 'tvri', 'lewat'];['perluas', 'akses', 'belajar', 'di', 'masa', 'covid', 'mendikbud', 'luncurkan', 'program', 'belajar', 'dari', 'rumah', 'di', 'tvri', 'lewat'];['perluas', 'akses', 'belajar', 'covid', 'mendikbud', 'luncurkan', 'program', 'belajar', 'rumah', 'tvri'];perluas akses belajar covid mendikbud luncurkan program belajar rumah tvri;luas akses ajar covid mendikbud luncur program ajar rumah tvri
692;Fakhrul Zaman sampaikan mesej patuhi PKP menerusi lukisan mural;-1.0;fakhrul zaman mesej patuh pkp terusi lukis mural;fakhrul zaman sampaikan mesej patuhi pkp menerusi lukisan mural;['fakhrul', 'zaman', 'sampaikan', 'mesej', 'patuhi', 'pkp', 'menerusi', 'lukisan', 'mural'];['fakhrul', 'zaman', 'sampaikan', 'mesej', 'patuhi', 'pkp', 'menerusi', 'lukisan', 'mural'];['fakhrul', 'zaman', 'mesej', 'patuhi', 'pkp', 'menerusi', 'lukisan', 'mural'];fakhrul zaman mesej patuhi pkp menerusi lukisan mural;fakhrul zaman mesej patuh pkp terusi lukis mural
693;Polres Kabupaten Madiun Susun Strategi untuk Mencegah Penyebaran COVID-19 di Wilayahnya - Pikiran Rakyat;1.0;polres kabupaten madiun susun strategi cegah sebar covid wilayah pikir rakyat;polres kabupaten madiun susun strategi untuk mencegah penyebaran covid di wilayahnya pikiran rakyat;['polres', 'kabupaten', 'madiun', 'susun', 'strategi', 'untuk', 'mencegah', 'penyebaran', 'covid', 'di', 'wilayahnya', 'pikiran', 'rakyat'];['polres', 'kabupaten', 'madiun', 'susun', 'strategi', 'untuk', 'mencegah', 'penyebaran', 'covid', 'di', 'wilayahnya', 'pikiran', 'rakyat'];['polres', 'kabupaten', 'madiun', 'susun', 'strategi', 'mencegah', 'penyebaran', 'covid', 'wilayahnya', 'pikiran', 'rakyat'];polres kabupaten madiun susun strategi mencegah penyebaran covid wilayahnya pikiran rakyat;polres kabupaten madiun susun strategi cegah sebar covid wilayah pikir rakyat
694;Pasien Covid-19 Meninggal di Indonesia Bertambah 21, Sembuh 4;0.0;pasien covid tinggal indonesia tambah sembuh;pasien covid meninggal di indonesia bertambah sembuh;['pasien', 'covid', 'meninggal', 'di', 'indonesia', 'bertambah', 'sembuh'];['pasien', 'covid', 'meninggal', 'di', 'indonesia', 'bertambah', 'sembuh'];['pasien', 'covid', 'meninggal', 'indonesia', 'bertambah', 'sembuh'];pasien covid meninggal indonesia bertambah sembuh;pasien covid tinggal indonesia tambah sembuh
695;Ini yang membuat mamah aing maksa maksa aing untuk mengundurkan diri jadi tim covid-19;-1.0;mamah aing maksa maksa aing undur tim covid;ini yang membuat mamah aing maksa maksa aing untuk mengundurkan diri jadi tim covid;['ini', 'yang', 'membuat', 'mamah', 'aing', 'maksa', 'maksa', 'aing', 'untuk', 'mengundurkan', 'diri', 'jadi', 'tim', 'covid'];['ini', 'yang', 'membuat', 'mamah', 'aing', 'maksa', 'maksa', 'aing', 'untuk', 'mengundurkan', 'diri', 'jadi', 'tim', 'covid'];['mamah', 'aing', 'maksa', 'maksa', 'aing', 'mengundurkan', 'tim', 'covid'];mamah aing maksa maksa aing mengundurkan tim covid;mamah aing maksa maksa aing undur tim covid
696;Kasus Covid-19 di Indonesia Bertambah 330, Total 3.842 Orang;0.0;covid indonesia tambah total orang;kasus covid di indonesia bertambah total orang;['kasus', 'covid', 'di', 'indonesia', 'bertambah', 'total', 'orang'];['kasus', 'covid', 'di', 'indonesia', 'bertambah', 'total', 'orang'];['covid', 'indonesia', 'bertambah', 'total', 'orang'];covid indonesia bertambah total orang;covid indonesia tambah total orang
697;semoga ada planning indah dari Allah lainnya untuk kak ran dan semua army!!  berdoa banyak2 agar covid ni lekas pergi dr bumi kita;1.0;moga rencana indah allah kak ran army doa covid lekas pergi bumi;semoga ada planning indah dari allah lainnya untuk kak ran dan semua army berdoa banyak agar covid ni lekas pergi dr bumi kita;['semoga', 'ada', 'planning', 'indah', 'dari', 'allah', 'lainnya', 'untuk', 'kak', 'ran', 'dan', 'semua', 'army', 'berdoa', 'banyak', 'agar', 'covid', 'ni', 'lekas', 'pergi', 'dr', 'bumi', 'kita'];['semoga', 'ada', 'perencanaan', 'indah', 'dari', 'allah', 'lainnya', 'untuk', 'kak', 'ran', 'dan', 'semua', 'army', 'berdoa', 'banyak', 'agar', 'covid', 'ini', 'lekas', 'pergi', 'dari', 'bumi', 'kita'];['semoga', 'perencanaan', 'indah', 'allah', 'kak', 'ran', 'army', 'berdoa', 'covid', 'lekas', 'pergi', 'bumi'];semoga perencanaan indah allah kak ran army berdoa covid lekas pergi bumi;moga rencana indah allah kak ran army doa covid lekas pergi bumi
698;Per tahun covid nya diapgred;-1.0;covid nya diapgred;per tahun covid nya diapgred;['per', 'tahun', 'covid', 'nya', 'diapgred'];['per', 'tahun', 'covid', 'nya', 'diapgred'];['covid', 'nya', 'diapgred'];covid nya diapgred;covid nya diapgred
699;AA Warga Duri Dinyatakan Sembuh dari Covid-19;1.0;aa warga duri nyata sembuh covid;aa warga duri dinyatakan sembuh dari covid;['aa', 'warga', 'duri', 'dinyatakan', 'sembuh', 'dari', 'covid'];['aa', 'warga', 'duri', 'dinyatakan', 'sembuh', 'dari', 'covid'];['aa', 'warga', 'duri', 'dinyatakan', 'sembuh', 'covid'];aa warga duri dinyatakan sembuh covid;aa warga duri nyata sembuh covid
700;PB HMI dan Bakornas LKMI menyerahkan bantuan berupa snak dan hand sanitizer kepada teman-teman relawan dapur rakyat yang di inisiasi oleh mahasiswa ciputat dimasa pandemi covid-19..Trimakasih kepada seluruh pihak;1.0;pb hmi bakornas lkmi serah bantu snak hand sanitizer temanteman rawan dapur rakyat inisiasi mahasiswa ciputat masa pandemi covidtrimakasih;pb hmi dan bakornas lkmi menyerahkan bantuan berupa snak dan hand sanitizer kepada temanteman relawan dapur rakyat yang di inisiasi oleh mahasiswa ciputat dimasa pandemi covidtrimakasih kepada seluruh pihak;['pb', 'hmi', 'dan', 'bakornas', 'lkmi', 'menyerahkan', 'bantuan', 'berupa', 'snak', 'dan', 'hand', 'sanitizer', 'kepada', 'temanteman', 'relawan', 'dapur', 'rakyat', 'yang', 'di', 'inisiasi', 'oleh', 'mahasiswa', 'ciputat', 'dimasa', 'pandemi', 'covidtrimakasih', 'kepada', 'seluruh', 'pihak'];['pb', 'hmi', 'dan', 'bakornas', 'lkmi', 'menyerahkan', 'bantuan', 'berupa', 'snak', 'dan', 'hand', 'sanitizer', 'kepada', 'temanteman', 'relawan', 'dapur', 'rakyat', 'yang', 'di', 'inisiasi', 'oleh', 'mahasiswa', 'ciputat', 'dimasa', 'pandemi', 'covidtrimakasih', 'kepada', 'seluruh', 'pihak'];['pb', 'hmi', 'bakornas', 'lkmi', 'menyerahkan', 'bantuan', 'snak', 'hand', 'sanitizer', 'temanteman', 'relawan', 'dapur', 'rakyat', 'inisiasi', 'mahasiswa', 'ciputat', 'dimasa', 'pandemi', 'covidtrimakasih'];pb hmi bakornas lkmi menyerahkan bantuan snak hand sanitizer temanteman relawan dapur rakyat inisiasi mahasiswa ciputat dimasa pandemi covidtrimakasih;pb hmi bakornas lkmi serah bantu snak hand sanitizer temanteman rawan dapur rakyat inisiasi mahasiswa ciputat masa pandemi covidtrimakasih
701;Kegiatan selama Covid_19;0.0;giat covid;kegiatan selama covid;['kegiatan', 'selama', 'covid'];['kegiatan', 'selama', 'covid'];['kegiatan', 'covid'];kegiatan covid;giat covid
702;aku sakit kepala diakun sebelah isinya covid, pemerintah, pansos, deel. yaudah mending menepi disini ditemani asupan oppa oppa tamvan yg lewat di tiel;-1.0;sakit kepala akun belah isi covid perintah pansos deel yaudah baik tepi tani asupan oppa oppa tamvan tiel;aku sakit kepala diakun sebelah isinya covid pemerintah pansos deel yaudah mending menepi disini ditemani asupan oppa oppa tamvan yg lewat di tiel;['aku', 'sakit', 'kepala', 'diakun', 'sebelah', 'isinya', 'covid', 'pemerintah', 'pansos', 'deel', 'yaudah', 'mending', 'menepi', 'disini', 'ditemani', 'asupan', 'oppa', 'oppa', 'tamvan', 'yg', 'lewat', 'di', 'tiel'];['aku', 'sakit', 'kepala', 'diakun', 'sebelah', 'isinya', 'covid', 'pemerintah', 'pansos', 'deel', 'yaudah', 'baiknya', 'menepi', 'disini', 'ditemani', 'asupan', 'oppa', 'oppa', 'tamvan', 'yang', 'lewat', 'di', 'tiel'];['sakit', 'kepala', 'diakun', 'sebelah', 'isinya', 'covid', 'pemerintah', 'pansos', 'deel', 'yaudah', 'baiknya', 'menepi', 'ditemani', 'asupan', 'oppa', 'oppa', 'tamvan', 'tiel'];sakit kepala diakun sebelah isinya covid pemerintah pansos deel yaudah baiknya menepi ditemani asupan oppa oppa tamvan tiel;sakit kepala akun belah isi covid perintah pansos deel yaudah baik tepi tani asupan oppa oppa tamvan tiel
703;Eh baru nyadar virus covid-19 bisa bertahan lama di air. Ga jadi jdi paus ah, mau naik roket aja ke saturnus ;-1.0;eh nyadar virus covid tahan air paus ah roket saturnus;eh baru nyadar virus covid bisa bertahan lama di air ga jadi jdi paus ah mau naik roket aja ke saturnus;['eh', 'baru', 'nyadar', 'virus', 'covid', 'bisa', 'bertahan', 'lama', 'di', 'air', 'ga', 'jadi', 'jdi', 'paus', 'ah', 'mau', 'naik', 'roket', 'aja', 'ke', 'saturnus'];['eh', 'baru', 'nyadar', 'virus', 'covid', 'bisa', 'bertahan', 'lama', 'di', 'air', 'tidak', 'jadi', 'jadi', 'paus', 'ah', 'mau', 'naik', 'roket', 'saja', 'ke', 'saturnus'];['eh', 'nyadar', 'virus', 'covid', 'bertahan', 'air', 'paus', 'ah', 'roket', 'saturnus'];eh nyadar virus covid bertahan air paus ah roket saturnus;eh nyadar virus covid tahan air paus ah roket saturnus
704;Takut kena covid si bpknya;0.0;takut kena covid sih bpknya;takut kena covid si bpknya;['takut', 'kena', 'covid', 'si', 'bpknya'];['takut', 'kena', 'covid', 'sih', 'bpknya'];['takut', 'kena', 'covid', 'sih', 'bpknya'];takut kena covid sih bpknya;takut kena covid sih bpknya
705;Siap pak Menteri... Kaltim Siap.Lawan Covid-19;1.0;menteri kaltim siaplawan covid;siap pak menteri kaltim siaplawan covid;['siap', 'pak', 'menteri', 'kaltim', 'siaplawan', 'covid'];['siap', 'pak', 'menteri', 'kaltim', 'siaplawan', 'covid'];['menteri', 'kaltim', 'siaplawan', 'covid'];menteri kaltim siaplawan covid;menteri kaltim siaplawan covid
706;36554 jumlah napi yang telah dilepas!!!Kurang berat gimana lagi beban rakyat. Harus waspada dg Covid-19, plus ditambah was-was dengan virus masyarakat. Kalo ada apa2, yg dipanggil skrg pun bukan cuma polisi, mesti ada tenakesnya.;-1.0;napi dilepaskurang berat beban rakyat waspada covid tambah waswas virus masyarakat panggil polisi mesti tenakesnya;jumlah napi yang telah dilepaskurang berat gimana lagi beban rakyat harus waspada dg covid plus ditambah waswas dengan virus masyarakat kalo ada apa yg dipanggil skrg pun bukan cuma polisi mesti ada tenakesnya;['jumlah', 'napi', 'yang', 'telah', 'dilepaskurang', 'berat', 'gimana', 'lagi', 'beban', 'rakyat', 'harus', 'waspada', 'dg', 'covid', 'plus', 'ditambah', 'waswas', 'dengan', 'virus', 'masyarakat', 'kalo', 'ada', 'apa', 'yg', 'dipanggil', 'skrg', 'pun', 'bukan', 'cuma', 'polisi', 'mesti', 'ada', 'tenakesnya'];['jumlah', 'napi', 'yang', 'telah', 'dilepaskurang', 'berat', 'bagaimana', 'lagi', 'beban', 'rakyat', 'harus', 'waspada', 'dengan', 'covid', 'lebih', 'ditambah', 'waswas', 'dengan', 'virus', 'masyarakat', 'kalau', 'ada', 'apa', 'yang', 'dipanggil', 'sekarang', 'pun', 'bukan', 'cuma', 'polisi', 'mesti', 'ada', 'tenakesnya'];['napi', 'dilepaskurang', 'berat', 'beban', 'rakyat', 'waspada', 'covid', 'ditambah', 'waswas', 'virus', 'masyarakat', 'dipanggil', 'polisi', 'mesti', 'tenakesnya'];napi dilepaskurang berat beban rakyat waspada covid ditambah waswas virus masyarakat dipanggil polisi mesti tenakesnya;napi dilepaskurang berat beban rakyat waspada covid tambah waswas virus masyarakat panggil polisi mesti tenakesnya
707;UPDATE data terbaru Covid-19 di Indonesia pada tanggal 11 April 2020Total: 3.842 Orang (+330)Sembuh: 286 Orang (+4)Meninggal Dunia: 327 Orang (+21)  ;0.0;update data baru covid indonesia tanggal april total orang sembuh orang tinggal dunia orang;update data terbaru covid di indonesia pada tanggal april total orang sembuh orang meninggal dunia orang;['update', 'data', 'terbaru', 'covid', 'di', 'indonesia', 'pada', 'tanggal', 'april', 'total', 'orang', 'sembuh', 'orang', 'meninggal', 'dunia', 'orang'];['update', 'data', 'terbaru', 'covid', 'di', 'indonesia', 'pada', 'tanggal', 'april', 'total', 'orang', 'sembuh', 'orang', 'meninggal', 'dunia', 'orang'];['update', 'data', 'terbaru', 'covid', 'indonesia', 'tanggal', 'april', 'total', 'orang', 'sembuh', 'orang', 'meninggal', 'dunia', 'orang'];update data terbaru covid indonesia tanggal april total orang sembuh orang meninggal dunia orang;update data baru covid indonesia tanggal april total orang sembuh orang tinggal dunia orang
708;"Kepedulian Terhadap Masyarakat Disaat Menyebarnya Covid-19, ""Ini yang Dilakukan Manajer Kebun Gunung Para""";1.0;peduli masyarakat saat sebar covid manajer kebun gunung;kepedulian terhadap masyarakat disaat menyebarnya covid ini yang dilakukan manajer kebun gunung para;['kepedulian', 'terhadap', 'masyarakat', 'disaat', 'menyebarnya', 'covid', 'ini', 'yang', 'dilakukan', 'manajer', 'kebun', 'gunung', 'para'];['kepedulian', 'terhadap', 'masyarakat', 'disaat', 'menyebarnya', 'covid', 'ini', 'yang', 'dilakukan', 'manajer', 'kebun', 'gunung', 'para'];['kepedulian', 'masyarakat', 'disaat', 'menyebarnya', 'covid', 'manajer', 'kebun', 'gunung'];kepedulian masyarakat disaat menyebarnya covid manajer kebun gunung;peduli masyarakat saat sebar covid manajer kebun gunung
709;terlalu fokus lu semua sm covid, baby krakatau dan indigo sampe lupa klo garaga udaah ditemuin lagi.;-1.0;fokus covid baby krakatau indigo lupa garaga udaah ditemuin;terlalu fokus lu semua sm covid baby krakatau dan indigo sampe lupa klo garaga udaah ditemuin lagi;['terlalu', 'fokus', 'lu', 'semua', 'sm', 'covid', 'baby', 'krakatau', 'dan', 'indigo', 'sampe', 'lupa', 'klo', 'garaga', 'udaah', 'ditemuin', 'lagi'];['terlalu', 'fokus', 'kamu', 'semua', 'sama', 'covid', 'baby', 'krakatau', 'dan', 'indigo', 'sampai', 'lupa', 'kalau', 'garaga', 'udaah', 'ditemuin', 'lagi'];['fokus', 'covid', 'baby', 'krakatau', 'indigo', 'lupa', 'garaga', 'udaah', 'ditemuin'];fokus covid baby krakatau indigo lupa garaga udaah ditemuin;fokus covid baby krakatau indigo lupa garaga udaah ditemuin
710;"Mari "" ki bersama Polri Jaga kamtibmas dan Cegah penyebaran Virus Covid - 19 dengan Tetap di Rumah, jangan mudik, gunakan Masker, jaga Kebersihan serta Cuci Tangan";1.0;mari ki polri jaga kamtibmas cegah sebar virus covid rumah mudik masker jaga bersih cuci tangan;mari ki bersama polri jaga kamtibmas dan cegah penyebaran virus covid dengan tetap di rumah jangan mudik gunakan masker jaga kebersihan serta cuci tangan;['mari', 'ki', 'bersama', 'polri', 'jaga', 'kamtibmas', 'dan', 'cegah', 'penyebaran', 'virus', 'covid', 'dengan', 'tetap', 'di', 'rumah', 'jangan', 'mudik', 'gunakan', 'masker', 'jaga', 'kebersihan', 'serta', 'cuci', 'tangan'];['mari', 'ki', 'bersama', 'polri', 'jaga', 'kamtibmas', 'dan', 'cegah', 'penyebaran', 'virus', 'covid', 'dengan', 'tetap', 'di', 'rumah', 'jangan', 'mudik', 'gunakan', 'masker', 'jaga', 'kebersihan', 'serta', 'cuci', 'tangan'];['mari', 'ki', 'polri', 'jaga', 'kamtibmas', 'cegah', 'penyebaran', 'virus', 'covid', 'rumah', 'mudik', 'masker', 'jaga', 'kebersihan', 'cuci', 'tangan'];mari ki polri jaga kamtibmas cegah penyebaran virus covid rumah mudik masker jaga kebersihan cuci tangan;mari ki polri jaga kamtibmas cegah sebar virus covid rumah mudik masker jaga bersih cuci tangan
711;Pengen bersin kali, tapi takut di bilangin covid-19;-1.0;bersin kali takut bilangin covid;pengen bersin kali tapi takut di bilangin covid;['pengen', 'bersin', 'kali', 'tapi', 'takut', 'di', 'bilangin', 'covid'];['ingin', 'bersin', 'kali', 'tapi', 'takut', 'di', 'bilangin', 'covid'];['bersin', 'kali', 'takut', 'bilangin', 'covid'];bersin kali takut bilangin covid;bersin kali takut bilangin covid
712;Baru kali ini gue kepengen potong rambut ke salon krn pgn model baru, tp krn si covid ini ujung2nya potong lagi sendiri dirumah dgn model flat oh what a life!;0.0;kali ken potong rambut salon pgn model sih covid ujung potong rumah model flat oh what a life;baru kali ini gue kepengen potong rambut ke salon krn pgn model baru tp krn si covid ini ujungnya potong lagi sendiri dirumah dgn model flat oh what a life;['baru', 'kali', 'ini', 'gue', 'kepengen', 'potong', 'rambut', 'ke', 'salon', 'krn', 'pgn', 'model', 'baru', 'tp', 'krn', 'si', 'covid', 'ini', 'ujungnya', 'potong', 'lagi', 'sendiri', 'dirumah', 'dgn', 'model', 'flat', 'oh', 'what', 'a', 'life'];['baru', 'kali', 'ini', 'saya', 'kepengen', 'potong', 'rambut', 'ke', 'salon', 'karena', 'pgn', 'model', 'baru', 'tapi', 'karena', 'sih', 'covid', 'ini', 'ujungnya', 'potong', 'lagi', 'sendiri', 'dirumah', 'dengan', 'model', 'flat', 'oh', 'what', 'a', 'life'];['kali', 'kepengen', 'potong', 'rambut', 'salon', 'pgn', 'model', 'sih', 'covid', 'ujungnya', 'potong', 'dirumah', 'model', 'flat', 'oh', 'what', 'a', 'life'];kali kepengen potong rambut salon pgn model sih covid ujungnya potong dirumah model flat oh what a life;kali ken potong rambut salon pgn model sih covid ujung potong rumah model flat oh what a life
713;Covid mempersulit semuanya;-1.0;covid sulit;covid mempersulit semuanya;['covid', 'mempersulit', 'semuanya'];['covid', 'mempersulit', 'semuanya'];['covid', 'mempersulit'];covid mempersulit;covid sulit
714;Tentang aku, kamu, dia dan covid 19.;-1.0;covid;tentang aku kamu dia dan covid;['tentang', 'aku', 'kamu', 'dia', 'dan', 'covid'];['tentang', 'aku', 'kamu', 'dia', 'dan', 'covid'];['covid'];covid;covid
715;Lawan Corona Covid-19, Paulo Sergio: Kita Harus Berkolaborasi dengan Pemerintah;1.0;lawan corona covid paulo sergio kolaborasi perintah;lawan corona covid paulo sergio kita harus berkolaborasi dengan pemerintah;['lawan', 'corona', 'covid', 'paulo', 'sergio', 'kita', 'harus', 'berkolaborasi', 'dengan', 'pemerintah'];['lawan', 'corona', 'covid', 'paulo', 'sergio', 'kita', 'harus', 'berkolaborasi', 'dengan', 'pemerintah'];['lawan', 'corona', 'covid', 'paulo', 'sergio', 'berkolaborasi', 'pemerintah'];lawan corona covid paulo sergio berkolaborasi pemerintah;lawan corona covid paulo sergio kolaborasi perintah
716;"Kayaknya masyarakat - masyarakat terpencil atau di pelosok, harus di bimbing atau di sosialisasikan tentang covid 19, jangan menjadi masyarakat yang sok tahu dan gampang terprovokasi dari oknum"" yang salah ";1.0;kayak masyarakat masyarakat pencil pelosok bimbing sosialisasi covid masyarakat sok gampang provokasi oknum salah;kayaknya masyarakat masyarakat terpencil atau di pelosok harus di bimbing atau di sosialisasikan tentang covid jangan menjadi masyarakat yang sok tahu dan gampang terprovokasi dari oknum yang salah;['kayaknya', 'masyarakat', 'masyarakat', 'terpencil', 'atau', 'di', 'pelosok', 'harus', 'di', 'bimbing', 'atau', 'di', 'sosialisasikan', 'tentang', 'covid', 'jangan', 'menjadi', 'masyarakat', 'yang', 'sok', 'tahu', 'dan', 'gampang', 'terprovokasi', 'dari', 'oknum', 'yang', 'salah'];['kayaknya', 'masyarakat', 'masyarakat', 'terpencil', 'atau', 'di', 'pelosok', 'harus', 'di', 'bimbing', 'atau', 'di', 'sosialisasikan', 'tentang', 'covid', 'jangan', 'menjadi', 'masyarakat', 'yang', 'sok', 'tahu', 'dan', 'gampang', 'terprovokasi', 'dari', 'oknum', 'yang', 'salah'];['kayaknya', 'masyarakat', 'masyarakat', 'terpencil', 'pelosok', 'bimbing', 'sosialisasikan', 'covid', 'masyarakat', 'sok', 'gampang', 'terprovokasi', 'oknum', 'salah'];kayaknya masyarakat masyarakat terpencil pelosok bimbing sosialisasikan covid masyarakat sok gampang terprovokasi oknum salah;kayak masyarakat masyarakat pencil pelosok bimbing sosialisasi covid masyarakat sok gampang provokasi oknum salah
717;Tahun Yang Cantik 2020 Berharap Semua Impiann Terkabulkan Namun Nyatanya Impian itu Bersembunyi di Dalam Rumah Karantinaaa;-1.0;cantik harap impiann kabul impi sembunyi rumah karantinaaa;tahun yang cantik berharap semua impiann terkabulkan namun nyatanya impian itu bersembunyi di dalam rumah karantinaaa;['tahun', 'yang', 'cantik', 'berharap', 'semua', 'impiann', 'terkabulkan', 'namun', 'nyatanya', 'impian', 'itu', 'bersembunyi', 'di', 'dalam', 'rumah', 'karantinaaa'];['tahun', 'yang', 'cantik', 'berharap', 'semua', 'impiann', 'terkabulkan', 'namun', 'nyatanya', 'impian', 'itu', 'bersembunyi', 'di', 'dalam', 'rumah', 'karantinaaa'];['cantik', 'berharap', 'impiann', 'terkabulkan', 'impian', 'bersembunyi', 'rumah', 'karantinaaa'];cantik berharap impiann terkabulkan impian bersembunyi rumah karantinaaa;cantik harap impiann kabul impi sembunyi rumah karantinaaa
718;Seorang Pasien Dalam Pengawasan (PDP) Covid-19 di Samarinda, mengamuk dan mengancam petugas medis dengan pecahan kaca. Pasien yang diketahui pernah mengikuti Ijtima di Gowa.;-1.0;pasien awas pdp covid samarinda amuk ancam tugas medis pecah kaca pasien ikut ijtima gowa;seorang pasien dalam pengawasan pdp covid di samarinda mengamuk dan mengancam petugas medis dengan pecahan kaca pasien yang diketahui pernah mengikuti ijtima di gowa;['seorang', 'pasien', 'dalam', 'pengawasan', 'pdp', 'covid', 'di', 'samarinda', 'mengamuk', 'dan', 'mengancam', 'petugas', 'medis', 'dengan', 'pecahan', 'kaca', 'pasien', 'yang', 'diketahui', 'pernah', 'mengikuti', 'ijtima', 'di', 'gowa'];['seorang', 'pasien', 'dalam', 'pengawasan', 'pdp', 'covid', 'di', 'samarinda', 'mengamuk', 'dan', 'mengancam', 'petugas', 'medis', 'dengan', 'pecahan', 'kaca', 'pasien', 'yang', 'diketahui', 'pernah', 'mengikuti', 'ijtima', 'di', 'gowa'];['pasien', 'pengawasan', 'pdp', 'covid', 'samarinda', 'mengamuk', 'mengancam', 'petugas', 'medis', 'pecahan', 'kaca', 'pasien', 'mengikuti', 'ijtima', 'gowa'];pasien pengawasan pdp covid samarinda mengamuk mengancam petugas medis pecahan kaca pasien mengikuti ijtima gowa;pasien awas pdp covid samarinda amuk ancam tugas medis pecah kaca pasien ikut ijtima gowa
719;Kemudahan kredit saya rasa tak ada gunanya kalo usaha mereka terhenti, yg di butuhkan mereka adalah bagaimana bisa makan untuk setiap harinya. Memberikan kredit sama saja menambah beban hidup mereka para umkm di tengah wabah covid-19;-1.0;mudah kredit guna usaha henti butuh makan hari kredit tambah beban hidup umkm wabah covid;kemudahan kredit saya rasa tak ada gunanya kalo usaha mereka terhenti yg di butuhkan mereka adalah bagaimana bisa makan untuk setiap harinya memberikan kredit sama saja menambah beban hidup mereka para umkm di tengah wabah covid;['kemudahan', 'kredit', 'saya', 'rasa', 'tak', 'ada', 'gunanya', 'kalo', 'usaha', 'mereka', 'terhenti', 'yg', 'di', 'butuhkan', 'mereka', 'adalah', 'bagaimana', 'bisa', 'makan', 'untuk', 'setiap', 'harinya', 'memberikan', 'kredit', 'sama', 'saja', 'menambah', 'beban', 'hidup', 'mereka', 'para', 'umkm', 'di', 'tengah', 'wabah', 'covid'];['kemudahan', 'kredit', 'saya', 'rasa', 'tak', 'ada', 'gunanya', 'kalau', 'usaha', 'mereka', 'terhenti', 'yang', 'di', 'butuhkan', 'mereka', 'adalah', 'bagaimana', 'bisa', 'makan', 'untuk', 'setiap', 'harinya', 'memberikan', 'kredit', 'sama', 'saja', 'menambah', 'beban', 'hidup', 'mereka', 'para', 'umkm', 'di', 'tengah', 'wabah', 'covid'];['kemudahan', 'kredit', 'gunanya', 'usaha', 'terhenti', 'butuhkan', 'makan', 'harinya', 'kredit', 'menambah', 'beban', 'hidup', 'umkm', 'wabah', 'covid'];kemudahan kredit gunanya usaha terhenti butuhkan makan harinya kredit menambah beban hidup umkm wabah covid;mudah kredit guna usaha henti butuh makan hari kredit tambah beban hidup umkm wabah covid
720;Nih update terbaru kasus covid-19 Kota Bontang, stay tuned ya;0.0;update baru covid kota bontang stay tuned iya;nih update terbaru kasus covid kota bontang stay tuned ya;['nih', 'update', 'terbaru', 'kasus', 'covid', 'kota', 'bontang', 'stay', 'tuned', 'ya'];['ini', 'update', 'terbaru', 'kasus', 'covid', 'kota', 'bontang', 'stay', 'tuned', 'iya'];['update', 'terbaru', 'covid', 'kota', 'bontang', 'stay', 'tuned', 'iya'];update terbaru covid kota bontang stay tuned iya;update baru covid kota bontang stay tuned iya
721;Pemkot Malang Tepis Anggapan Tak Peka Penanganan Wabah Covid-19 -;1.0;pemkot malang tepis anggap peka tangan wabah covid;pemkot malang tepis anggapan tak peka penanganan wabah covid;['pemkot', 'malang', 'tepis', 'anggapan', 'tak', 'peka', 'penanganan', 'wabah', 'covid'];['pemkot', 'malang', 'tepis', 'anggapan', 'tak', 'peka', 'penanganan', 'wabah', 'covid'];['pemkot', 'malang', 'tepis', 'anggapan', 'peka', 'penanganan', 'wabah', 'covid'];pemkot malang tepis anggapan peka penanganan wabah covid;pemkot malang tepis anggap peka tangan wabah covid
722;Sebanyak 21 lagi kematian dalam tempoh 24 jam di Indonesia;0.0;mati tempoh jam indonesia;sebanyak lagi kematian dalam tempoh jam di indonesia;['sebanyak', 'lagi', 'kematian', 'dalam', 'tempoh', 'jam', 'di', 'indonesia'];['sebanyak', 'lagi', 'kematian', 'dalam', 'tempoh', 'jam', 'di', 'indonesia'];['kematian', 'tempoh', 'jam', 'indonesia'];kematian tempoh jam indonesia;mati tempoh jam indonesia
723;Baru Diketahui, Ketua Fraksi Golkar DPRD Sumut Meninggal Akibat Covid-19;0.0;ketua fraksi golkar dprd sumut tinggal akibat covid;baru diketahui ketua fraksi golkar dprd sumut meninggal akibat covid;['baru', 'diketahui', 'ketua', 'fraksi', 'golkar', 'dprd', 'sumut', 'meninggal', 'akibat', 'covid'];['baru', 'diketahui', 'ketua', 'fraksi', 'golkar', 'dprd', 'sumut', 'meninggal', 'akibat', 'covid'];['ketua', 'fraksi', 'golkar', 'dprd', 'sumut', 'meninggal', 'akibat', 'covid'];ketua fraksi golkar dprd sumut meninggal akibat covid;ketua fraksi golkar dprd sumut tinggal akibat covid
724;Karantina kesekian hari: makan, tidur, ML, coli, ga mandi, ga ganti kancut, jamuran deh. (yg penting ga covid);-1.0;karantina sekian makan tidur mobile legends coli mandi ganti kancut jamur deh covid;karantina kesekian hari makan tidur ml coli ga mandi ga ganti kancut jamuran deh yg penting ga covid;['karantina', 'kesekian', 'hari', 'makan', 'tidur', 'ml', 'coli', 'ga', 'mandi', 'ga', 'ganti', 'kancut', 'jamuran', 'deh', 'yg', 'penting', 'ga', 'covid'];['karantina', 'kesekian', 'hari', 'makan', 'tidur', 'mobile legends', 'coli', 'tidak', 'mandi', 'tidak', 'ganti', 'kancut', 'jamuran', 'deh', 'yang', 'penting', 'tidak', 'covid'];['karantina', 'kesekian', 'makan', 'tidur', 'mobile legends', 'coli', 'mandi', 'ganti', 'kancut', 'jamuran', 'deh', 'covid'];karantina kesekian makan tidur mobile legends coli mandi ganti kancut jamuran deh covid;karantina sekian makan tidur mobile legends coli mandi ganti kancut jamur deh covid
725;Mungkin covid-19 ingin mengajarkan apa itu HALAL GAP;-1.0;covid ajar halal gap;mungkin covid ingin mengajarkan apa itu halal gap;['mungkin', 'covid', 'ingin', 'mengajarkan', 'apa', 'itu', 'halal', 'gap'];['mungkin', 'covid', 'ingin', 'mengajarkan', 'apa', 'itu', 'halal', 'gap'];['covid', 'mengajarkan', 'halal', 'gap'];covid mengajarkan halal gap;covid ajar halal gap
726;Sejak covid udah punya ternak semut sekarang yaa;-1.0;covid ternak semut iya;sejak covid udah punya ternak semut sekarang yaa;['sejak', 'covid', 'udah', 'punya', 'ternak', 'semut', 'sekarang', 'yaa'];['sejak', 'covid', 'sudah', 'punya', 'ternak', 'semut', 'sekarang', 'iya'];['covid', 'ternak', 'semut', 'iya'];covid ternak semut iya;covid ternak semut iya
727;Wqwq tau sadja c Abis COVID-19 kelar, langsung casting ya qaqaa;-1.0;wqwq tau sadja c covid selesai langsung casting iya qaqaa;wqwq tau sadja c abis covid kelar langsung casting ya qaqaa;['wqwq', 'tau', 'sadja', 'c', 'abis', 'covid', 'kelar', 'langsung', 'casting', 'ya', 'qaqaa'];['wqwq', 'tau', 'sadja', 'c', 'setelah', 'covid', 'selesai', 'langsung', 'casting', 'iya', 'qaqaa'];['wqwq', 'tau', 'sadja', 'c', 'covid', 'selesai', 'langsung', 'casting', 'iya', 'qaqaa'];wqwq tau sadja c covid selesai langsung casting iya qaqaa;wqwq tau sadja c covid selesai langsung casting iya qaqaa
728;Babinsa ikuti rapat Muspikel Keprabon, Koordinasi tentang pencegahan Covid-19;1.0;babinsa ikut rapat muspikel keprabon koordinasi cegah covid;babinsa ikuti rapat muspikel keprabon koordinasi tentang pencegahan covid;['babinsa', 'ikuti', 'rapat', 'muspikel', 'keprabon', 'koordinasi', 'tentang', 'pencegahan', 'covid'];['babinsa', 'ikuti', 'rapat', 'muspikel', 'keprabon', 'koordinasi', 'tentang', 'pencegahan', 'covid'];['babinsa', 'ikuti', 'rapat', 'muspikel', 'keprabon', 'koordinasi', 'pencegahan', 'covid'];babinsa ikuti rapat muspikel keprabon koordinasi pencegahan covid;babinsa ikut rapat muspikel keprabon koordinasi cegah covid
729;Salamat datang brewok club. . Ayo sampe covid ini berenti jgan ada yang di cukur;-1.0;salamat brewok club ayo covid renti jgan cukur;salamat datang brewok club ayo sampe covid ini berenti jgan ada yang di cukur;['salamat', 'datang', 'brewok', 'club', 'ayo', 'sampe', 'covid', 'ini', 'berenti', 'jgan', 'ada', 'yang', 'di', 'cukur'];['salamat', 'datang', 'brewok', 'club', 'ayo', 'sampai', 'covid', 'ini', 'berenti', 'jgan', 'ada', 'yang', 'di', 'cukur'];['salamat', 'brewok', 'club', 'ayo', 'covid', 'berenti', 'jgan', 'cukur'];salamat brewok club ayo covid berenti jgan cukur;salamat brewok club ayo covid renti jgan cukur
730;Gegara covid 19 gua di usir calon mertua.... ajig ;-1.0;gegara covid usir calon mertua ajig;gegara covid gua di usir calon mertua ajig;['gegara', 'covid', 'gua', 'di', 'usir', 'calon', 'mertua', 'ajig'];['gegara', 'covid', 'saya', 'di', 'usir', 'calon', 'mertua', 'ajig'];['gegara', 'covid', 'usir', 'calon', 'mertua', 'ajig'];gegara covid usir calon mertua ajig;gegara covid usir calon mertua ajig
731;Kriteria Antologi Puisi Pengalaman Menempuh COVID-19 1.Penyertaan terbuka kepada staf dan pelajar kokurikulum UiTM sahaja.2.Seorang peserta boleh menghantar maksimum empat (4) buah puisi.3.Puisi hendaklah;0.0;kriteria antologi puisi alam tempuh covid serta buka staf ajar kokurikulum uitm sahajaseorang serta hantar maksimum buah puisipuisi;kriteria antologi puisi pengalaman menempuh covid penyertaan terbuka kepada staf dan pelajar kokurikulum uitm sahajaseorang peserta boleh menghantar maksimum empat buah puisipuisi hendaklah;['kriteria', 'antologi', 'puisi', 'pengalaman', 'menempuh', 'covid', 'penyertaan', 'terbuka', 'kepada', 'staf', 'dan', 'pelajar', 'kokurikulum', 'uitm', 'sahajaseorang', 'peserta', 'boleh', 'menghantar', 'maksimum', 'empat', 'buah', 'puisipuisi', 'hendaklah'];['kriteria', 'antologi', 'puisi', 'pengalaman', 'menempuh', 'covid', 'penyertaan', 'terbuka', 'kepada', 'staf', 'dan', 'pelajar', 'kokurikulum', 'uitm', 'sahajaseorang', 'peserta', 'boleh', 'menghantar', 'maksimum', 'empat', 'buah', 'puisipuisi', 'hendaklah'];['kriteria', 'antologi', 'puisi', 'pengalaman', 'menempuh', 'covid', 'penyertaan', 'terbuka', 'staf', 'pelajar', 'kokurikulum', 'uitm', 'sahajaseorang', 'peserta', 'menghantar', 'maksimum', 'buah', 'puisipuisi'];kriteria antologi puisi pengalaman menempuh covid penyertaan terbuka staf pelajar kokurikulum uitm sahajaseorang peserta menghantar maksimum buah puisipuisi;kriteria antologi puisi alam tempuh covid serta buka staf ajar kokurikulum uitm sahajaseorang serta hantar maksimum buah puisipuisi
732;Sabtu buntu , ga ada yg beda suasana nya dari sabtu2 yg lalu semenjak covid-19. Kepengen seluncurann ...;0.0;sabtu buntu beda suasana nya sabtu semenjak covid ken seluncurann;sabtu buntu ga ada yg beda suasana nya dari sabtu yg lalu semenjak covid kepengen seluncurann;['sabtu', 'buntu', 'ga', 'ada', 'yg', 'beda', 'suasana', 'nya', 'dari', 'sabtu', 'yg', 'lalu', 'semenjak', 'covid', 'kepengen', 'seluncurann'];['sabtu', 'buntu', 'tidak', 'ada', 'yang', 'beda', 'suasana', 'nya', 'dari', 'sabtu', 'yang', 'lalu', 'semenjak', 'covid', 'kepengen', 'seluncurann'];['sabtu', 'buntu', 'beda', 'suasana', 'nya', 'sabtu', 'semenjak', 'covid', 'kepengen', 'seluncurann'];sabtu buntu beda suasana nya sabtu semenjak covid kepengen seluncurann;sabtu buntu beda suasana nya sabtu semenjak covid ken seluncurann
733;Di tengah kondisi perekonomian yang sedang mengalami tekanan akibat pandemi Covid-19, Bea Cukai terus membantu pelaku usaha dan masyarakat dengan memberikan berbagai insentif, baik fiskal maupun prosedural.Selengkapnya ;1.0;kondisi ekonomi alami tekan akibat pandemi covid bea cukai bantu laku usaha masyarakat insentif fiskal proseduralselengkapnya;di tengah kondisi perekonomian yang sedang mengalami tekanan akibat pandemi covid bea cukai terus membantu pelaku usaha dan masyarakat dengan memberikan berbagai insentif baik fiskal maupun proseduralselengkapnya;['di', 'tengah', 'kondisi', 'perekonomian', 'yang', 'sedang', 'mengalami', 'tekanan', 'akibat', 'pandemi', 'covid', 'bea', 'cukai', 'terus', 'membantu', 'pelaku', 'usaha', 'dan', 'masyarakat', 'dengan', 'memberikan', 'berbagai', 'insentif', 'baik', 'fiskal', 'maupun', 'proseduralselengkapnya'];['di', 'tengah', 'kondisi', 'perekonomian', 'yang', 'sedang', 'mengalami', 'tekanan', 'akibat', 'pandemi', 'covid', 'bea', 'cukai', 'terus', 'membantu', 'pelaku', 'usaha', 'dan', 'masyarakat', 'dengan', 'memberikan', 'berbagai', 'insentif', 'baik', 'fiskal', 'maupun', 'proseduralselengkapnya'];['kondisi', 'perekonomian', 'mengalami', 'tekanan', 'akibat', 'pandemi', 'covid', 'bea', 'cukai', 'membantu', 'pelaku', 'usaha', 'masyarakat', 'insentif', 'fiskal', 'proseduralselengkapnya'];kondisi perekonomian mengalami tekanan akibat pandemi covid bea cukai membantu pelaku usaha masyarakat insentif fiskal proseduralselengkapnya;kondisi ekonomi alami tekan akibat pandemi covid bea cukai bantu laku usaha masyarakat insentif fiskal proseduralselengkapnya
734;Beliau memang layak dilibatkan dalam Gugus Tugas Garda Depan penanganan Covid-19. Bukan begitu mimin;0.0;beliau layak libat gugus tugas garda tangan covid mimin;beliau memang layak dilibatkan dalam gugus tugas garda depan penanganan covid bukan begitu mimin;['beliau', 'memang', 'layak', 'dilibatkan', 'dalam', 'gugus', 'tugas', 'garda', 'depan', 'penanganan', 'covid', 'bukan', 'begitu', 'mimin'];['beliau', 'memang', 'layak', 'dilibatkan', 'dalam', 'gugus', 'tugas', 'garda', 'depan', 'penanganan', 'covid', 'bukan', 'begitu', 'mimin'];['beliau', 'layak', 'dilibatkan', 'gugus', 'tugas', 'garda', 'penanganan', 'covid', 'mimin'];beliau layak dilibatkan gugus tugas garda penanganan covid mimin;beliau layak libat gugus tugas garda tangan covid mimin
735;*Penyemprotan Antiseptic pencegahan Virus Corona ( Covid 19 ) di Wilkum Polsek Tiga Juhar,* Penyemprotan cairan antisepti dalam rangka pencegahan Virus Corona ( Covid 19 ) di Desa Rumah Lengo Kecamatan STM Hulu Kabupaten Deli Serdang, Sabtu.11/04/2020.;1.0;semprot antiseptic cegah virus corona covid wilkum polsek juhar semprot cair antisepti rangka cegah virus corona covid desa rumah lengo camat stm hulu kabupaten deli serdang sabtu;penyemprotan antiseptic pencegahan virus corona covid di wilkum polsek tiga juhar penyemprotan cairan antisepti dalam rangka pencegahan virus corona covid di desa rumah lengo kecamatan stm hulu kabupaten deli serdang sabtu;['penyemprotan', 'antiseptic', 'pencegahan', 'virus', 'corona', 'covid', 'di', 'wilkum', 'polsek', 'tiga', 'juhar', 'penyemprotan', 'cairan', 'antisepti', 'dalam', 'rangka', 'pencegahan', 'virus', 'corona', 'covid', 'di', 'desa', 'rumah', 'lengo', 'kecamatan', 'stm', 'hulu', 'kabupaten', 'deli', 'serdang', 'sabtu'];['penyemprotan', 'antiseptic', 'pencegahan', 'virus', 'corona', 'covid', 'di', 'wilkum', 'polsek', 'tiga', 'juhar', 'penyemprotan', 'cairan', 'antisepti', 'dalam', 'rangka', 'pencegahan', 'virus', 'corona', 'covid', 'di', 'desa', 'rumah', 'lengo', 'kecamatan', 'stm', 'hulu', 'kabupaten', 'deli', 'serdang', 'sabtu'];['penyemprotan', 'antiseptic', 'pencegahan', 'virus', 'corona', 'covid', 'wilkum', 'polsek', 'juhar', 'penyemprotan', 'cairan', 'antisepti', 'rangka', 'pencegahan', 'virus', 'corona', 'covid', 'desa', 'rumah', 'lengo', 'kecamatan', 'stm', 'hulu', 'kabupaten', 'deli', 'serdang', 'sabtu'];penyemprotan antiseptic pencegahan virus corona covid wilkum polsek juhar penyemprotan cairan antisepti rangka pencegahan virus corona covid desa rumah lengo kecamatan stm hulu kabupaten deli serdang sabtu;semprot antiseptic cegah virus corona covid wilkum polsek juhar semprot cair antisepti rangka cegah virus corona covid desa rumah lengo camat stm hulu kabupaten deli serdang sabtu
736;Udah lama nggak testSekalinya testTest covid-19;-1.0;nggak testsekalinya testtest covid;udah lama nggak testsekalinya testtest covid;['udah', 'lama', 'nggak', 'testsekalinya', 'testtest', 'covid'];['sudah', 'lama', 'nggak', 'testsekalinya', 'testtest', 'covid'];['nggak', 'testsekalinya', 'testtest', 'covid'];nggak testsekalinya testtest covid;nggak testsekalinya testtest covid
737;[BERBUAT BAIK WALAUPUN MIPA!Tidak terasa, sudah hampir satu bulan kita semua akibat dari wabah Covid-19.Banyak kegiatan yang memang harus tertunda bahkan batal, namun semoga niat untuk berbuat baik tetap ada dan tidak hilang, ya!;1.0;buat mipatidak akibat wabah covidbanyak giat tunda batal moga niat buat hilang iya;berbuat baik walaupun mipatidak terasa sudah hampir satu bulan kita semua akibat dari wabah covidbanyak kegiatan yang memang harus tertunda bahkan batal namun semoga niat untuk berbuat baik tetap ada dan tidak hilang ya;['berbuat', 'baik', 'walaupun', 'mipatidak', 'terasa', 'sudah', 'hampir', 'satu', 'bulan', 'kita', 'semua', 'akibat', 'dari', 'wabah', 'covidbanyak', 'kegiatan', 'yang', 'memang', 'harus', 'tertunda', 'bahkan', 'batal', 'namun', 'semoga', 'niat', 'untuk', 'berbuat', 'baik', 'tetap', 'ada', 'dan', 'tidak', 'hilang', 'ya'];['berbuat', 'baik', 'walaupun', 'mipatidak', 'terasa', 'sudah', 'hampir', 'satu', 'bulan', 'kita', 'semua', 'akibat', 'dari', 'wabah', 'covidbanyak', 'kegiatan', 'yang', 'memang', 'harus', 'tertunda', 'bahkan', 'batal', 'namun', 'semoga', 'niat', 'untuk', 'berbuat', 'baik', 'tetap', 'ada', 'dan', 'tidak', 'hilang', 'iya'];['berbuat', 'mipatidak', 'akibat', 'wabah', 'covidbanyak', 'kegiatan', 'tertunda', 'batal', 'semoga', 'niat', 'berbuat', 'hilang', 'iya'];berbuat mipatidak akibat wabah covidbanyak kegiatan tertunda batal semoga niat berbuat hilang iya;buat mipatidak akibat wabah covidbanyak giat tunda batal moga niat buat hilang iya
738;Kalau diserahlan semua kepada mekanisme pasar kejadiannya seperti sekarang. Ketika daya beli sedang menurun akibat Covid-19, harga gula malah naik menjulang karena permainan pengepul;-1.0;diserahlan mekanisme pasar jadi daya beli turun akibat covid harga gula julang main kepul;kalau diserahlan semua kepada mekanisme pasar kejadiannya seperti sekarang ketika daya beli sedang menurun akibat covid harga gula malah naik menjulang karena permainan pengepul;['kalau', 'diserahlan', 'semua', 'kepada', 'mekanisme', 'pasar', 'kejadiannya', 'seperti', 'sekarang', 'ketika', 'daya', 'beli', 'sedang', 'menurun', 'akibat', 'covid', 'harga', 'gula', 'malah', 'naik', 'menjulang', 'karena', 'permainan', 'pengepul'];['kalau', 'diserahlan', 'semua', 'kepada', 'mekanisme', 'pasar', 'kejadiannya', 'seperti', 'sekarang', 'ketika', 'daya', 'beli', 'sedang', 'menurun', 'akibat', 'covid', 'harga', 'gula', 'malah', 'naik', 'menjulang', 'karena', 'permainan', 'pengepul'];['diserahlan', 'mekanisme', 'pasar', 'kejadiannya', 'daya', 'beli', 'menurun', 'akibat', 'covid', 'harga', 'gula', 'menjulang', 'permainan', 'pengepul'];diserahlan mekanisme pasar kejadiannya daya beli menurun akibat covid harga gula menjulang permainan pengepul;diserahlan mekanisme pasar jadi daya beli turun akibat covid harga gula julang main kepul
739;Emangnya ojol aja yang kena dampak covid ? Herman deh ;-1.0;emang ojol kena dampak covid herman deh;emangnya ojol aja yang kena dampak covid herman deh;['emangnya', 'ojol', 'aja', 'yang', 'kena', 'dampak', 'covid', 'herman', 'deh'];['emangnya', 'ojol', 'saja', 'yang', 'kena', 'dampak', 'covid', 'herman', 'deh'];['emangnya', 'ojol', 'kena', 'dampak', 'covid', 'herman', 'deh'];emangnya ojol kena dampak covid herman deh;emang ojol kena dampak covid herman deh
740;Tadinya ingin tgl 16 tapi kok semakin parah begini dari hari ke hari kasus wabah covid_19.... Tabungan dah habis selama 1bulan d rumah. Semoga cepat selesai corona pergilah km...;1.0;tanggal parah wabah covid tabung habis d rumah moga cepat selesai corona pergi;tadinya ingin tgl tapi kok semakin parah begini dari hari ke hari kasus wabah covid tabungan dah habis selama bulan d rumah semoga cepat selesai corona pergilah km;['tadinya', 'ingin', 'tgl', 'tapi', 'kok', 'semakin', 'parah', 'begini', 'dari', 'hari', 'ke', 'hari', 'kasus', 'wabah', 'covid', 'tabungan', 'dah', 'habis', 'selama', 'bulan', 'd', 'rumah', 'semoga', 'cepat', 'selesai', 'corona', 'pergilah', 'km'];['tadinya', 'ingin', 'tanggal', 'tapi', 'kok', 'semakin', 'parah', 'begini', 'dari', 'hari', 'ke', 'hari', 'kasus', 'wabah', 'covid', 'tabungan', 'sudah', 'habis', 'selama', 'bulan', 'd', 'rumah', 'semoga', 'cepat', 'selesai', 'corona', 'pergilah', 'kamu'];['tanggal', 'parah', 'wabah', 'covid', 'tabungan', 'habis', 'd', 'rumah', 'semoga', 'cepat', 'selesai', 'corona', 'pergilah'];tanggal parah wabah covid tabungan habis d rumah semoga cepat selesai corona pergilah;tanggal parah wabah covid tabung habis d rumah moga cepat selesai corona pergi
741;Yg xpaham skrg ne, perlu visa smpai bila2 ka or just time covid ne ;-1.0;xpaham ne visa smpai ka or just time covid ne;yg xpaham skrg ne perlu visa smpai bila ka or just time covid ne;['yg', 'xpaham', 'skrg', 'ne', 'perlu', 'visa', 'smpai', 'bila', 'ka', 'or', 'just', 'time', 'covid', 'ne'];['yang', 'xpaham', 'sekarang', 'ne', 'perlu', 'visa', 'smpai', 'bila', 'ka', 'or', 'just', 'time', 'covid', 'ne'];['xpaham', 'ne', 'visa', 'smpai', 'ka', 'or', 'just', 'time', 'covid', 'ne'];xpaham ne visa smpai ka or just time covid ne;xpaham ne visa smpai ka or just time covid ne
742;Apr 10: PPSB DKI Jkt krn Pandemik Covid-19 dimulaiApr 11: dentuman kencang di langit, 4 gunung berapi di Sumatera dan Jawa erupsi;0.0;apr ppsb dki jkt pandemik covid dimulaiapr dentum kencang langit gunung rap sumatera jawa erupsi;apr ppsb dki jkt krn pandemik covid dimulaiapr dentuman kencang di langit gunung berapi di sumatera dan jawa erupsi;['apr', 'ppsb', 'dki', 'jkt', 'krn', 'pandemik', 'covid', 'dimulaiapr', 'dentuman', 'kencang', 'di', 'langit', 'gunung', 'berapi', 'di', 'sumatera', 'dan', 'jawa', 'erupsi'];['apr', 'ppsb', 'dki', 'jkt', 'karena', 'pandemik', 'covid', 'dimulaiapr', 'dentuman', 'kencang', 'di', 'langit', 'gunung', 'berapi', 'di', 'sumatera', 'dan', 'jawa', 'erupsi'];['apr', 'ppsb', 'dki', 'jkt', 'pandemik', 'covid', 'dimulaiapr', 'dentuman', 'kencang', 'langit', 'gunung', 'berapi', 'sumatera', 'jawa', 'erupsi'];apr ppsb dki jkt pandemik covid dimulaiapr dentuman kencang langit gunung berapi sumatera jawa erupsi;apr ppsb dki jkt pandemik covid dimulaiapr dentum kencang langit gunung rap sumatera jawa erupsi
743;Besok, kami sama mau ngulik mitos dan fakta seputar pelecehan seksual online saat WFH Covid-19 nih Folks. Jgn lupa mampir ke IG kami jam 7 besok yaa! Kalo ada yg mau nitip pertanyaan atau mau nitip cerita pengalaman boleh reply twit ini loh~;-1.0;besok ngulik mitos fakta putar leceh seksual online wfh covid folks lupa mampir ig jam besok iya nitip nitip cerita alam reply twit loh;besok kami sama mau ngulik mitos dan fakta seputar pelecehan seksual online saat wfh covid nih folks jgn lupa mampir ke ig kami jam besok yaa kalo ada yg mau nitip pertanyaan atau mau nitip cerita pengalaman boleh reply twit ini loh;['besok', 'kami', 'sama', 'mau', 'ngulik', 'mitos', 'dan', 'fakta', 'seputar', 'pelecehan', 'seksual', 'online', 'saat', 'wfh', 'covid', 'nih', 'folks', 'jgn', 'lupa', 'mampir', 'ke', 'ig', 'kami', 'jam', 'besok', 'yaa', 'kalo', 'ada', 'yg', 'mau', 'nitip', 'pertanyaan', 'atau', 'mau', 'nitip', 'cerita', 'pengalaman', 'boleh', 'reply', 'twit', 'ini', 'loh'];['besok', 'kami', 'sama', 'mau', 'ngulik', 'mitos', 'dan', 'fakta', 'seputar', 'pelecehan', 'seksual', 'online', 'saat', 'wfh', 'covid', 'ini', 'folks', 'jangan', 'lupa', 'mampir', 'ke', 'ig', 'kami', 'jam', 'besok', 'iya', 'kalau', 'ada', 'yang', 'mau', 'nitip', 'pertanyaan', 'atau', 'mau', 'nitip', 'cerita', 'pengalaman', 'boleh', 'reply', 'twit', 'ini', 'loh'];['besok', 'ngulik', 'mitos', 'fakta', 'seputar', 'pelecehan', 'seksual', 'online', 'wfh', 'covid', 'folks', 'lupa', 'mampir', 'ig', 'jam', 'besok', 'iya', 'nitip', 'nitip', 'cerita', 'pengalaman', 'reply', 'twit', 'loh'];besok ngulik mitos fakta seputar pelecehan seksual online wfh covid folks lupa mampir ig jam besok iya nitip nitip cerita pengalaman reply twit loh;besok ngulik mitos fakta putar leceh seksual online wfh covid folks lupa mampir ig jam besok iya nitip nitip cerita alam reply twit loh
744;Teman-teman di DPW PSI Kaltim dan DPD PSI Samarinda berbagi makanan siap saji ke kang ojol, relawan, dan wartawan peliput Covid-19.Ayo berbagi di tengah pamdemi.;1.0;temanteman dpw psi kaltim dpd psi samarinda bagi makan saji kang ojol rawan wartawan liput covidayo bagi pamdemi;temanteman di dpw psi kaltim dan dpd psi samarinda berbagi makanan siap saji ke kang ojol relawan dan wartawan peliput covidayo berbagi di tengah pamdemi;['temanteman', 'di', 'dpw', 'psi', 'kaltim', 'dan', 'dpd', 'psi', 'samarinda', 'berbagi', 'makanan', 'siap', 'saji', 'ke', 'kang', 'ojol', 'relawan', 'dan', 'wartawan', 'peliput', 'covidayo', 'berbagi', 'di', 'tengah', 'pamdemi'];['temanteman', 'di', 'dpw', 'psi', 'kaltim', 'dan', 'dpd', 'psi', 'samarinda', 'berbagi', 'makanan', 'siap', 'saji', 'ke', 'kang', 'ojol', 'relawan', 'dan', 'wartawan', 'peliput', 'covidayo', 'berbagi', 'di', 'tengah', 'pamdemi'];['temanteman', 'dpw', 'psi', 'kaltim', 'dpd', 'psi', 'samarinda', 'berbagi', 'makanan', 'saji', 'kang', 'ojol', 'relawan', 'wartawan', 'peliput', 'covidayo', 'berbagi', 'pamdemi'];temanteman dpw psi kaltim dpd psi samarinda berbagi makanan saji kang ojol relawan wartawan peliput covidayo berbagi pamdemi;temanteman dpw psi kaltim dpd psi samarinda bagi makan saji kang ojol rawan wartawan liput covidayo bagi pamdemi
745;Salam karate, Osh!Dunia sedang diresahkan oleh wabah covid-19. UKM Inkai Brawijaya bekerja sama dengan ACTMalang mengajak rekan2 semua untuk berdonasi.Pengumpulan dana dimulai tanggal 10-24 April 2020Mari berbagi dengan sesama, berbagi itu indah bagaimanapun bentuknya.;1.0;salam karate oshdunia resah wabah covid ukm inkai brawijaya actmalang ajak rekan berdonasipengumpulan dana tanggal april mari bagi bagi indah bentuk;salam karate oshdunia sedang diresahkan oleh wabah covid ukm inkai brawijaya bekerja sama dengan actmalang mengajak rekan semua untuk berdonasipengumpulan dana dimulai tanggal april mari berbagi dengan sesama berbagi itu indah bagaimanapun bentuknya;['salam', 'karate', 'oshdunia', 'sedang', 'diresahkan', 'oleh', 'wabah', 'covid', 'ukm', 'inkai', 'brawijaya', 'bekerja', 'sama', 'dengan', 'actmalang', 'mengajak', 'rekan', 'semua', 'untuk', 'berdonasipengumpulan', 'dana', 'dimulai', 'tanggal', 'april', 'mari', 'berbagi', 'dengan', 'sesama', 'berbagi', 'itu', 'indah', 'bagaimanapun', 'bentuknya'];['salam', 'karate', 'oshdunia', 'sedang', 'diresahkan', 'oleh', 'wabah', 'covid', 'ukm', 'inkai', 'brawijaya', 'bekerja', 'sama', 'dengan', 'actmalang', 'mengajak', 'rekan', 'semua', 'untuk', 'berdonasipengumpulan', 'dana', 'dimulai', 'tanggal', 'april', 'mari', 'berbagi', 'dengan', 'sesama', 'berbagi', 'itu', 'indah', 'bagaimanapun', 'bentuknya'];['salam', 'karate', 'oshdunia', 'diresahkan', 'wabah', 'covid', 'ukm', 'inkai', 'brawijaya', 'actmalang', 'mengajak', 'rekan', 'berdonasipengumpulan', 'dana', 'tanggal', 'april', 'mari', 'berbagi', 'berbagi', 'indah', 'bentuknya'];salam karate oshdunia diresahkan wabah covid ukm inkai brawijaya actmalang mengajak rekan berdonasipengumpulan dana tanggal april mari berbagi berbagi indah bentuknya;salam karate oshdunia resah wabah covid ukm inkai brawijaya actmalang ajak rekan berdonasipengumpulan dana tanggal april mari bagi bagi indah bentuk
746;Halo Sobat POLRI... Mari kita ketahui bagaimana mencegah penyebaran COVID-19 setelah bepergian atau pulang kerja... ;1.0;halo sobat polri mari tahu cegah sebar covid pergi pulang kerja;halo sobat polri mari kita ketahui bagaimana mencegah penyebaran covid setelah bepergian atau pulang kerja;['halo', 'sobat', 'polri', 'mari', 'kita', 'ketahui', 'bagaimana', 'mencegah', 'penyebaran', 'covid', 'setelah', 'bepergian', 'atau', 'pulang', 'kerja'];['halo', 'sobat', 'polri', 'mari', 'kita', 'ketahui', 'bagaimana', 'mencegah', 'penyebaran', 'covid', 'setelah', 'bepergian', 'atau', 'pulang', 'kerja'];['halo', 'sobat', 'polri', 'mari', 'ketahui', 'mencegah', 'penyebaran', 'covid', 'bepergian', 'pulang', 'kerja'];halo sobat polri mari ketahui mencegah penyebaran covid bepergian pulang kerja;halo sobat polri mari tahu cegah sebar covid pergi pulang kerja
747;Jogja before covid ya kak ekwkw;-1.0;jogja before covid iya kak ekwkw;jogja before covid ya kak ekwkw;['jogja', 'before', 'covid', 'ya', 'kak', 'ekwkw'];['jogja', 'before', 'covid', 'iya', 'kak', 'ekwkw'];['jogja', 'before', 'covid', 'iya', 'kak', 'ekwkw'];jogja before covid iya kak ekwkw;jogja before covid iya kak ekwkw
748;lek kita kena kurung je gais syukurlah kita dok malaysia kalau dok korea utara dah lama jadi bangkai kena tembak sebab positive covid-19;-1.0;lek kena kurung je gais syukur dok malaysia dok korea utara bangkai kena tembak positive covid;lek kita kena kurung je gais syukurlah kita dok malaysia kalau dok korea utara dah lama jadi bangkai kena tembak sebab positive covid;['lek', 'kita', 'kena', 'kurung', 'je', 'gais', 'syukurlah', 'kita', 'dok', 'malaysia', 'kalau', 'dok', 'korea', 'utara', 'dah', 'lama', 'jadi', 'bangkai', 'kena', 'tembak', 'sebab', 'positive', 'covid'];['lek', 'kita', 'kena', 'kurung', 'je', 'gais', 'syukurlah', 'kita', 'dok', 'malaysia', 'kalau', 'dok', 'korea', 'utara', 'sudah', 'lama', 'jadi', 'bangkai', 'kena', 'tembak', 'sebab', 'positive', 'covid'];['lek', 'kena', 'kurung', 'je', 'gais', 'syukurlah', 'dok', 'malaysia', 'dok', 'korea', 'utara', 'bangkai', 'kena', 'tembak', 'positive', 'covid'];lek kena kurung je gais syukurlah dok malaysia dok korea utara bangkai kena tembak positive covid;lek kena kurung je gais syukur dok malaysia dok korea utara bangkai kena tembak positive covid
749;Bumi hanya sedang memulihkan diri. Dari bencana yang ditimbulkan diri ini. Virus yang bahkan lebih berbahaya dari apa yang terjadi  ;0.0;bumi pulih bencana timbul virus bahaya;bumi hanya sedang memulihkan diri dari bencana yang ditimbulkan diri ini virus yang bahkan lebih berbahaya dari apa yang terjadi;['bumi', 'hanya', 'sedang', 'memulihkan', 'diri', 'dari', 'bencana', 'yang', 'ditimbulkan', 'diri', 'ini', 'virus', 'yang', 'bahkan', 'lebih', 'berbahaya', 'dari', 'apa', 'yang', 'terjadi'];['bumi', 'hanya', 'sedang', 'memulihkan', 'diri', 'dari', 'bencana', 'yang', 'ditimbulkan', 'diri', 'ini', 'virus', 'yang', 'bahkan', 'lebih', 'berbahaya', 'dari', 'apa', 'yang', 'terjadi'];['bumi', 'memulihkan', 'bencana', 'ditimbulkan', 'virus', 'berbahaya'];bumi memulihkan bencana ditimbulkan virus berbahaya;bumi pulih bencana timbul virus bahaya
750;Total lockdown is impossible tapi bila one by one dilonggarkan takkan membantu rangkaian covid putus. And kami penat kerja within pkp season. Sangat penat;-1.0;total lockdown is impossible one by one longgar tak bantu rangkai covid putus penat kerja within pkp season penat;total lockdown is impossible tapi bila one by one dilonggarkan takkan membantu rangkaian covid putus and kami penat kerja within pkp season sangat penat;['total', 'lockdown', 'is', 'impossible', 'tapi', 'bila', 'one', 'by', 'one', 'dilonggarkan', 'takkan', 'membantu', 'rangkaian', 'covid', 'putus', 'and', 'kami', 'penat', 'kerja', 'within', 'pkp', 'season', 'sangat', 'penat'];['total', 'lockdown', 'is', 'impossible', 'tapi', 'bila', 'one', 'by', 'one', 'dilonggarkan', 'takkan', 'membantu', 'rangkaian', 'covid', 'putus', 'dan', 'kami', 'penat', 'kerja', 'within', 'pkp', 'season', 'sangat', 'penat'];['total', 'lockdown', 'is', 'impossible', 'one', 'by', 'one', 'dilonggarkan', 'takkan', 'membantu', 'rangkaian', 'covid', 'putus', 'penat', 'kerja', 'within', 'pkp', 'season', 'penat'];total lockdown is impossible one by one dilonggarkan takkan membantu rangkaian covid putus penat kerja within pkp season penat;total lockdown is impossible one by one longgar tak bantu rangkai covid putus penat kerja within pkp season penat
751;TaniHub, startup e-commerce produk-produk pertanian mengalami peningkatan penjualan produk tanaman herbal sebesar 20% selama pandemi Covid-19 merebak di Indonesia.;1.0;tanihub startup ecommerce produkproduk tani alami tingkat jual produk tanam herbal pandemi covid rebak indonesia;tanihub startup ecommerce produkproduk pertanian mengalami peningkatan penjualan produk tanaman herbal sebesar selama pandemi covid merebak di indonesia;['tanihub', 'startup', 'ecommerce', 'produkproduk', 'pertanian', 'mengalami', 'peningkatan', 'penjualan', 'produk', 'tanaman', 'herbal', 'sebesar', 'selama', 'pandemi', 'covid', 'merebak', 'di', 'indonesia'];['tanihub', 'startup', 'ecommerce', 'produkproduk', 'pertanian', 'mengalami', 'peningkatan', 'penjualan', 'produk', 'tanaman', 'herbal', 'sebesar', 'selama', 'pandemi', 'covid', 'merebak', 'di', 'indonesia'];['tanihub', 'startup', 'ecommerce', 'produkproduk', 'pertanian', 'mengalami', 'peningkatan', 'penjualan', 'produk', 'tanaman', 'herbal', 'pandemi', 'covid', 'merebak', 'indonesia'];tanihub startup ecommerce produkproduk pertanian mengalami peningkatan penjualan produk tanaman herbal pandemi covid merebak indonesia;tanihub startup ecommerce produkproduk tani alami tingkat jual produk tanam herbal pandemi covid rebak indonesia
752;scenario terbaik saat ini buat Covid-19 jumlah kematiam di angka 120k orang, scenario terburuk di 2,6jt orang;0.0;scenario baik covid kematiam angka k orang scenario buruk jt orang;scenario terbaik saat ini buat covid jumlah kematiam di angka k orang scenario terburuk di jt orang;['scenario', 'terbaik', 'saat', 'ini', 'buat', 'covid', 'jumlah', 'kematiam', 'di', 'angka', 'k', 'orang', 'scenario', 'terburuk', 'di', 'jt', 'orang'];['scenario', 'terbaik', 'saat', 'ini', 'buat', 'covid', 'jumlah', 'kematiam', 'di', 'angka', 'k', 'orang', 'scenario', 'terburuk', 'di', 'jt', 'orang'];['scenario', 'terbaik', 'covid', 'kematiam', 'angka', 'k', 'orang', 'scenario', 'terburuk', 'jt', 'orang'];scenario terbaik covid kematiam angka k orang scenario terburuk jt orang;scenario baik covid kematiam angka k orang scenario buruk jt orang
753;Adanya covid, manusia berupaya membunuh virus tersebut dg segala cara untuk karena dianggap merugikan. Bumi pun mungkin sama, berupaya membunuh manusia karena dianggap merugikan bumi. Maybe?;-1.0;covid manusia upaya bunuh virus anggap rugi bumi upaya bunuh manusia anggap rugi bumi maybe;adanya covid manusia berupaya membunuh virus tersebut dg segala cara untuk karena dianggap merugikan bumi pun mungkin sama berupaya membunuh manusia karena dianggap merugikan bumi maybe;['adanya', 'covid', 'manusia', 'berupaya', 'membunuh', 'virus', 'tersebut', 'dg', 'segala', 'cara', 'untuk', 'karena', 'dianggap', 'merugikan', 'bumi', 'pun', 'mungkin', 'sama', 'berupaya', 'membunuh', 'manusia', 'karena', 'dianggap', 'merugikan', 'bumi', 'maybe'];['adanya', 'covid', 'manusia', 'berupaya', 'membunuh', 'virus', 'tersebut', 'dengan', 'segala', 'cara', 'untuk', 'karena', 'dianggap', 'merugikan', 'bumi', 'pun', 'mungkin', 'sama', 'berupaya', 'membunuh', 'manusia', 'karena', 'dianggap', 'merugikan', 'bumi', 'maybe'];['covid', 'manusia', 'berupaya', 'membunuh', 'virus', 'dianggap', 'merugikan', 'bumi', 'berupaya', 'membunuh', 'manusia', 'dianggap', 'merugikan', 'bumi', 'maybe'];covid manusia berupaya membunuh virus dianggap merugikan bumi berupaya membunuh manusia dianggap merugikan bumi maybe;covid manusia upaya bunuh virus anggap rugi bumi upaya bunuh manusia anggap rugi bumi maybe
754;Antisipasi Covid-19 Masuk Tinada, Babinsa Terus Jaga Posko di Gerbang Desa;1.0;antisipasi covid masuk tinada babinsa jaga posko gerbang desa;antisipasi covid masuk tinada babinsa terus jaga posko di gerbang desa;['antisipasi', 'covid', 'masuk', 'tinada', 'babinsa', 'terus', 'jaga', 'posko', 'di', 'gerbang', 'desa'];['antisipasi', 'covid', 'masuk', 'tinada', 'babinsa', 'terus', 'jaga', 'posko', 'di', 'gerbang', 'desa'];['antisipasi', 'covid', 'masuk', 'tinada', 'babinsa', 'jaga', 'posko', 'gerbang', 'desa'];antisipasi covid masuk tinada babinsa jaga posko gerbang desa;antisipasi covid masuk tinada babinsa jaga posko gerbang desa
755;Terkait Covid-19, Michdan sbg Kuasa hukum berpendapat bahwa Baasyir adalah salah satu narapidana yang wajib diprioritaskan karena rentan kesehatan. asyir juga saat ini berusia 81 tahun.Apa kah pemerintah membebaskan nya  ;0.0;kait covid michdan kuasa hukum dapat baasyir salah narapidana wajib prioritas rentan sehat asyir usia tahunapa kah perintah bebas nya;terkait covid michdan sbg kuasa hukum berpendapat bahwa baasyir adalah salah satu narapidana yang wajib diprioritaskan karena rentan kesehatan asyir juga saat ini berusia tahunapa kah pemerintah membebaskan nya;['terkait', 'covid', 'michdan', 'sbg', 'kuasa', 'hukum', 'berpendapat', 'bahwa', 'baasyir', 'adalah', 'salah', 'satu', 'narapidana', 'yang', 'wajib', 'diprioritaskan', 'karena', 'rentan', 'kesehatan', 'asyir', 'juga', 'saat', 'ini', 'berusia', 'tahunapa', 'kah', 'pemerintah', 'membebaskan', 'nya'];['terkait', 'covid', 'michdan', 'sebagai', 'kuasa', 'hukum', 'berpendapat', 'bahwa', 'baasyir', 'adalah', 'salah', 'satu', 'narapidana', 'yang', 'wajib', 'diprioritaskan', 'karena', 'rentan', 'kesehatan', 'asyir', 'juga', 'saat', 'ini', 'berusia', 'tahunapa', 'kah', 'pemerintah', 'membebaskan', 'nya'];['terkait', 'covid', 'michdan', 'kuasa', 'hukum', 'berpendapat', 'baasyir', 'salah', 'narapidana', 'wajib', 'diprioritaskan', 'rentan', 'kesehatan', 'asyir', 'berusia', 'tahunapa', 'kah', 'pemerintah', 'membebaskan', 'nya'];terkait covid michdan kuasa hukum berpendapat baasyir salah narapidana wajib diprioritaskan rentan kesehatan asyir berusia tahunapa kah pemerintah membebaskan nya;kait covid michdan kuasa hukum dapat baasyir salah narapidana wajib prioritas rentan sehat asyir usia tahunapa kah perintah bebas nya
756;PKB Lebong Semangati Satuan Gugus Tugas Penangan Covid di Perbatasan;1.0;pkb lebong semangat satu gugus tugas nang covid batas;pkb lebong semangati satuan gugus tugas penangan covid di perbatasan;['pkb', 'lebong', 'semangati', 'satuan', 'gugus', 'tugas', 'penangan', 'covid', 'di', 'perbatasan'];['pkb', 'lebong', 'semangati', 'satuan', 'gugus', 'tugas', 'penangan', 'covid', 'di', 'perbatasan'];['pkb', 'lebong', 'semangati', 'satuan', 'gugus', 'tugas', 'penangan', 'covid', 'perbatasan'];pkb lebong semangati satuan gugus tugas penangan covid perbatasan;pkb lebong semangat satu gugus tugas nang covid batas
757;Small Donation, Big Impact. Kita sama-sama berdoa pandemik COVID-19 ini segera berakhir. Semoga ada doa dalam kalangan kita dimakbulkan.;1.0;small donation big impact samasama doa pandemik covid moga doa kalang makbul;small donation big impact kita samasama berdoa pandemik covid ini segera berakhir semoga ada doa dalam kalangan kita dimakbulkan;['small', 'donation', 'big', 'impact', 'kita', 'samasama', 'berdoa', 'pandemik', 'covid', 'ini', 'segera', 'berakhir', 'semoga', 'ada', 'doa', 'dalam', 'kalangan', 'kita', 'dimakbulkan'];['small', 'donation', 'big', 'impact', 'kita', 'samasama', 'berdoa', 'pandemik', 'covid', 'ini', 'segera', 'berakhir', 'semoga', 'ada', 'doa', 'dalam', 'kalangan', 'kita', 'dimakbulkan'];['small', 'donation', 'big', 'impact', 'samasama', 'berdoa', 'pandemik', 'covid', 'semoga', 'doa', 'kalangan', 'dimakbulkan'];small donation big impact samasama berdoa pandemik covid semoga doa kalangan dimakbulkan;small donation big impact samasama doa pandemik covid moga doa kalang makbul
758;Update Covid-19 Bengkulu, Ada tambahan 4 kasus ODP;0.0;update covid bengkulu tambah odp;update covid bengkulu ada tambahan kasus odp;['update', 'covid', 'bengkulu', 'ada', 'tambahan', 'kasus', 'odp'];['update', 'covid', 'bengkulu', 'ada', 'tambahan', 'kasus', 'odp'];['update', 'covid', 'bengkulu', 'tambahan', 'odp'];update covid bengkulu tambahan odp;update covid bengkulu tambah odp
759;Personel Satbrimob Polda Kepri yang bertugas dalam Pengamanan Pembangunan Rumah Sakit Khusus Covid-19 di Pulau Galang melaksanakan Patroli dan menghimbau masyarakat terkait maklumat Kapolri, Sabtu (11/04/2020).;1.0;personel satbrimob polda kepri tugas aman bangun rumah sakit khusus covid pulau galang laksana patroli menghimbau masyarakat kait maklumat kapolri sabtu;personel satbrimob polda kepri yang bertugas dalam pengamanan pembangunan rumah sakit khusus covid di pulau galang melaksanakan patroli dan menghimbau masyarakat terkait maklumat kapolri sabtu;['personel', 'satbrimob', 'polda', 'kepri', 'yang', 'bertugas', 'dalam', 'pengamanan', 'pembangunan', 'rumah', 'sakit', 'khusus', 'covid', 'di', 'pulau', 'galang', 'melaksanakan', 'patroli', 'dan', 'menghimbau', 'masyarakat', 'terkait', 'maklumat', 'kapolri', 'sabtu'];['personel', 'satbrimob', 'polda', 'kepri', 'yang', 'bertugas', 'dalam', 'pengamanan', 'pembangunan', 'rumah', 'sakit', 'khusus', 'covid', 'di', 'pulau', 'galang', 'melaksanakan', 'patroli', 'dan', 'menghimbau', 'masyarakat', 'terkait', 'maklumat', 'kapolri', 'sabtu'];['personel', 'satbrimob', 'polda', 'kepri', 'bertugas', 'pengamanan', 'pembangunan', 'rumah', 'sakit', 'khusus', 'covid', 'pulau', 'galang', 'melaksanakan', 'patroli', 'menghimbau', 'masyarakat', 'terkait', 'maklumat', 'kapolri', 'sabtu'];personel satbrimob polda kepri bertugas pengamanan pembangunan rumah sakit khusus covid pulau galang melaksanakan patroli menghimbau masyarakat terkait maklumat kapolri sabtu;personel satbrimob polda kepri tugas aman bangun rumah sakit khusus covid pulau galang laksana patroli menghimbau masyarakat kait maklumat kapolri sabtu
760;Sabtu, 11 April 202014.00 WibData ODP, PDP dan Terkonfirmasi Positif Covid-19 Kota Bogor1. Orang Dalam Pemantauan (ODP) :- Jumlah : 901- Selesai : 485- Dalam Pemantauan : 4162. Pasien Dalam Pengawasan (PDP);0.0;sabtu april wibdata odp pdp konfirmasi positif covid kota bogor orang pantau odp selesai pantau pasien awas pdp;sabtu april wibdata odp pdp dan terkonfirmasi positif covid kota bogor orang dalam pemantauan odp jumlah selesai dalam pemantauan pasien dalam pengawasan pdp;['sabtu', 'april', 'wibdata', 'odp', 'pdp', 'dan', 'terkonfirmasi', 'positif', 'covid', 'kota', 'bogor', 'orang', 'dalam', 'pemantauan', 'odp', 'jumlah', 'selesai', 'dalam', 'pemantauan', 'pasien', 'dalam', 'pengawasan', 'pdp'];['sabtu', 'april', 'wibdata', 'odp', 'pdp', 'dan', 'terkonfirmasi', 'positif', 'covid', 'kota', 'bogor', 'orang', 'dalam', 'pemantauan', 'odp', 'jumlah', 'selesai', 'dalam', 'pemantauan', 'pasien', 'dalam', 'pengawasan', 'pdp'];['sabtu', 'april', 'wibdata', 'odp', 'pdp', 'terkonfirmasi', 'positif', 'covid', 'kota', 'bogor', 'orang', 'pemantauan', 'odp', 'selesai', 'pemantauan', 'pasien', 'pengawasan', 'pdp'];sabtu april wibdata odp pdp terkonfirmasi positif covid kota bogor orang pemantauan odp selesai pemantauan pasien pengawasan pdp;sabtu april wibdata odp pdp konfirmasi positif covid kota bogor orang pantau odp selesai pantau pasien awas pdp
761;Botak la apa lgi. Covid pon licin nk hinggap.;-1.0;botak la covid pon licin nk hinggap;botak la apa lgi covid pon licin nk hinggap;['botak', 'la', 'apa', 'lgi', 'covid', 'pon', 'licin', 'nk', 'hinggap'];['botak', 'la', 'apa', 'lagi', 'covid', 'pon', 'licin', 'nk', 'hinggap'];['botak', 'la', 'covid', 'pon', 'licin', 'nk', 'hinggap'];botak la covid pon licin nk hinggap;botak la covid pon licin nk hinggap
762;disaat orang orang pada mengelukan tenaga medis dan paramedis sbg garda terdepan situasi saat ini, disitu malah nolak pemakaman jenazah perawat yg diduga covid, saaa ae lu tong tongg....;-1.0;saat orang orang elu tenaga medis paramedis garda depan situasi situ nolak makam jenazah awat duga covid saaa tong tongg;disaat orang orang pada mengelukan tenaga medis dan paramedis sbg garda terdepan situasi saat ini disitu malah nolak pemakaman jenazah perawat yg diduga covid saaa ae lu tong tongg;['disaat', 'orang', 'orang', 'pada', 'mengelukan', 'tenaga', 'medis', 'dan', 'paramedis', 'sbg', 'garda', 'terdepan', 'situasi', 'saat', 'ini', 'disitu', 'malah', 'nolak', 'pemakaman', 'jenazah', 'perawat', 'yg', 'diduga', 'covid', 'saaa', 'ae', 'lu', 'tong', 'tongg'];['disaat', 'orang', 'orang', 'pada', 'mengelukan', 'tenaga', 'medis', 'dan', 'paramedis', 'sebagai', 'garda', 'terdepan', 'situasi', 'saat', 'ini', 'disitu', 'malah', 'nolak', 'pemakaman', 'jenazah', 'perawat', 'yang', 'diduga', 'covid', 'saaa', 'saja', 'kamu', 'tong', 'tongg'];['disaat', 'orang', 'orang', 'mengelukan', 'tenaga', 'medis', 'paramedis', 'garda', 'terdepan', 'situasi', 'disitu', 'nolak', 'pemakaman', 'jenazah', 'perawat', 'diduga', 'covid', 'saaa', 'tong', 'tongg'];disaat orang orang mengelukan tenaga medis paramedis garda terdepan situasi disitu nolak pemakaman jenazah perawat diduga covid saaa tong tongg;saat orang orang elu tenaga medis paramedis garda depan situasi situ nolak makam jenazah awat duga covid saaa tong tongg
763;kemarin world war 3 katanya mau kiamat, sekarang banyak gunung berapi erupsi dan ada covid-19 katanya lagi mau kiamat. kiamat itu pasti terjadi tapi hanya allah swt. yang tau;0.0;kemarin world war kiamat gunung rap erupsi covid kiamat kiamat allah swt tau;kemarin world war katanya mau kiamat sekarang banyak gunung berapi erupsi dan ada covid katanya lagi mau kiamat kiamat itu pasti terjadi tapi hanya allah swt yang tau;['kemarin', 'world', 'war', 'katanya', 'mau', 'kiamat', 'sekarang', 'banyak', 'gunung', 'berapi', 'erupsi', 'dan', 'ada', 'covid', 'katanya', 'lagi', 'mau', 'kiamat', 'kiamat', 'itu', 'pasti', 'terjadi', 'tapi', 'hanya', 'allah', 'swt', 'yang', 'tau'];['kemarin', 'world', 'war', 'katanya', 'mau', 'kiamat', 'sekarang', 'banyak', 'gunung', 'berapi', 'erupsi', 'dan', 'ada', 'covid', 'katanya', 'lagi', 'mau', 'kiamat', 'kiamat', 'itu', 'pasti', 'terjadi', 'tapi', 'hanya', 'allah', 'swt', 'yang', 'tau'];['kemarin', 'world', 'war', 'kiamat', 'gunung', 'berapi', 'erupsi', 'covid', 'kiamat', 'kiamat', 'allah', 'swt', 'tau'];kemarin world war kiamat gunung berapi erupsi covid kiamat kiamat allah swt tau;kemarin world war kiamat gunung rap erupsi covid kiamat kiamat allah swt tau
764;Rakyat Indonesia Cemburu Cara Malaysia Tanggani Covid-19, Kita Bagaimana, Syukur Atau Kufur? (bersama video) - Minda Rakyat;-1.0;rakyat indonesia cemburu malaysia tanggani covid syukur kufur video minda rakyat;rakyat indonesia cemburu cara malaysia tanggani covid kita bagaimana syukur atau kufur bersama video minda rakyat;['rakyat', 'indonesia', 'cemburu', 'cara', 'malaysia', 'tanggani', 'covid', 'kita', 'bagaimana', 'syukur', 'atau', 'kufur', 'bersama', 'video', 'minda', 'rakyat'];['rakyat', 'indonesia', 'cemburu', 'cara', 'malaysia', 'tanggani', 'covid', 'kita', 'bagaimana', 'syukur', 'atau', 'kufur', 'bersama', 'video', 'minda', 'rakyat'];['rakyat', 'indonesia', 'cemburu', 'malaysia', 'tanggani', 'covid', 'syukur', 'kufur', 'video', 'minda', 'rakyat'];rakyat indonesia cemburu malaysia tanggani covid syukur kufur video minda rakyat;rakyat indonesia cemburu malaysia tanggani covid syukur kufur video minda rakyat
765;Mereka cocok di jadikan sebagai Kelinci Percobaan Vaksin Covid 19.;-1.0;cocok jadi kelinci coba vaksin covid;mereka cocok di jadikan sebagai kelinci percobaan vaksin covid;['mereka', 'cocok', 'di', 'jadikan', 'sebagai', 'kelinci', 'percobaan', 'vaksin', 'covid'];['mereka', 'cocok', 'di', 'jadikan', 'sebagai', 'kelinci', 'percobaan', 'vaksin', 'covid'];['cocok', 'jadikan', 'kelinci', 'percobaan', 'vaksin', 'covid'];cocok jadikan kelinci percobaan vaksin covid;cocok jadi kelinci coba vaksin covid
766;Mungkin rindu suasana , sebelum negara api menyerang (covid) ;0.0;rindu suasana negara api serang covid;mungkin rindu suasana sebelum negara api menyerang covid;['mungkin', 'rindu', 'suasana', 'sebelum', 'negara', 'api', 'menyerang', 'covid'];['mungkin', 'rindu', 'suasana', 'sebelum', 'negara', 'api', 'menyerang', 'covid'];['rindu', 'suasana', 'negara', 'api', 'menyerang', 'covid'];rindu suasana negara api menyerang covid;rindu suasana negara api serang covid
767;Penyemprotan Disifektan covid 19 mandiri;1.0;semprot disifektan covid mandiri;penyemprotan disifektan covid mandiri;['penyemprotan', 'disifektan', 'covid', 'mandiri'];['penyemprotan', 'disifektan', 'covid', 'mandiri'];['penyemprotan', 'disifektan', 'covid', 'mandiri'];penyemprotan disifektan covid mandiri;semprot disifektan covid mandiri
768;Sayuranch, startup sayuran berbasis daring mengaku mengalami peningkatan omzet sekitar 30-35% selama penerapan bekerja dari rumah (work from home/WFH) saat pandemi Covid-19.;1.0;sayuranch startup sayur bas daring aku alami tingkat omzet terap rumah work from homewfh pandemi covid;sayuranch startup sayuran berbasis daring mengaku mengalami peningkatan omzet sekitar selama penerapan bekerja dari rumah work from homewfh saat pandemi covid;['sayuranch', 'startup', 'sayuran', 'berbasis', 'daring', 'mengaku', 'mengalami', 'peningkatan', 'omzet', 'sekitar', 'selama', 'penerapan', 'bekerja', 'dari', 'rumah', 'work', 'from', 'homewfh', 'saat', 'pandemi', 'covid'];['sayuranch', 'startup', 'sayuran', 'berbasis', 'daring', 'mengaku', 'mengalami', 'peningkatan', 'omzet', 'sekitar', 'selama', 'penerapan', 'bekerja', 'dari', 'rumah', 'work', 'from', 'homewfh', 'saat', 'pandemi', 'covid'];['sayuranch', 'startup', 'sayuran', 'berbasis', 'daring', 'mengaku', 'mengalami', 'peningkatan', 'omzet', 'penerapan', 'rumah', 'work', 'from', 'homewfh', 'pandemi', 'covid'];sayuranch startup sayuran berbasis daring mengaku mengalami peningkatan omzet penerapan rumah work from homewfh pandemi covid;sayuranch startup sayur bas daring aku alami tingkat omzet terap rumah work from homewfh pandemi covid
769;Perawat medis diusir, jenazah covid tidak diterima, beli masker sak dus isinya batu. Sudah benar apa yg dikatakan Thomas Hobbes tentang homo homini lupus (manusia adalah serigala bagi manusia lain);-1.0;awat medis usir jenazah covid terima beli masker sak dus isi batu thomas hobbes homo homini lupus manusia serigala manusia;perawat medis diusir jenazah covid tidak diterima beli masker sak dus isinya batu sudah benar apa yg dikatakan thomas hobbes tentang homo homini lupus manusia adalah serigala bagi manusia lain;['perawat', 'medis', 'diusir', 'jenazah', 'covid', 'tidak', 'diterima', 'beli', 'masker', 'sak', 'dus', 'isinya', 'batu', 'sudah', 'benar', 'apa', 'yg', 'dikatakan', 'thomas', 'hobbes', 'tentang', 'homo', 'homini', 'lupus', 'manusia', 'adalah', 'serigala', 'bagi', 'manusia', 'lain'];['perawat', 'medis', 'diusir', 'jenazah', 'covid', 'tidak', 'diterima', 'beli', 'masker', 'sak', 'dus', 'isinya', 'batu', 'sudah', 'benar', 'apa', 'yang', 'dikatakan', 'thomas', 'hobbes', 'tentang', 'homo', 'homini', 'lupus', 'manusia', 'adalah', 'serigala', 'bagi', 'manusia', 'lain'];['perawat', 'medis', 'diusir', 'jenazah', 'covid', 'diterima', 'beli', 'masker', 'sak', 'dus', 'isinya', 'batu', 'thomas', 'hobbes', 'homo', 'homini', 'lupus', 'manusia', 'serigala', 'manusia'];perawat medis diusir jenazah covid diterima beli masker sak dus isinya batu thomas hobbes homo homini lupus manusia serigala manusia;awat medis usir jenazah covid terima beli masker sak dus isi batu thomas hobbes homo homini lupus manusia serigala manusia
770;COVID-19 : 165 pulih, 184 kes baharu, tiga kematian direkodkan;0.0;covid pulih kes baharu mati direkodkan;covid pulih kes baharu tiga kematian direkodkan;['covid', 'pulih', 'kes', 'baharu', 'tiga', 'kematian', 'direkodkan'];['covid', 'pulih', 'kes', 'baharu', 'tiga', 'kematian', 'direkodkan'];['covid', 'pulih', 'kes', 'baharu', 'kematian', 'direkodkan'];covid pulih kes baharu kematian direkodkan;covid pulih kes baharu mati direkodkan
771;Akak Covid 19;-1.0;akak covid;akak covid;['akak', 'covid'];['akak', 'covid'];['akak', 'covid'];akak covid;akak covid
772;udah ditumpuk ke bapak yang di atas, semoga berkah buat semua, semoga bisa menjadi bantuan untuk penanganan covid-19.;1.0;tumpuk moga berkah moga bantu tangan covid;udah ditumpuk ke bapak yang di atas semoga berkah buat semua semoga bisa menjadi bantuan untuk penanganan covid;['udah', 'ditumpuk', 'ke', 'bapak', 'yang', 'di', 'atas', 'semoga', 'berkah', 'buat', 'semua', 'semoga', 'bisa', 'menjadi', 'bantuan', 'untuk', 'penanganan', 'covid'];['sudah', 'ditumpuk', 'ke', 'bapak', 'yang', 'di', 'atas', 'semoga', 'berkah', 'buat', 'semua', 'semoga', 'bisa', 'menjadi', 'bantuan', 'untuk', 'penanganan', 'covid'];['ditumpuk', 'semoga', 'berkah', 'semoga', 'bantuan', 'penanganan', 'covid'];ditumpuk semoga berkah semoga bantuan penanganan covid;tumpuk moga berkah moga bantu tangan covid
773;"kadang aneh sama orang"" kaya gini,menolak penguburan korban covid tapi mereka bergerombol seolah"" udah paling kebal,wtf";-1.0;kadang aneh orang kaya ginimenolak kubur korban covid gerombol kebalwtf;kadang aneh sama orang kaya ginimenolak penguburan korban covid tapi mereka bergerombol seolah udah paling kebalwtf;['kadang', 'aneh', 'sama', 'orang', 'kaya', 'ginimenolak', 'penguburan', 'korban', 'covid', 'tapi', 'mereka', 'bergerombol', 'seolah', 'udah', 'paling', 'kebalwtf'];['kadang', 'aneh', 'sama', 'orang', 'kaya', 'ginimenolak', 'penguburan', 'korban', 'covid', 'tapi', 'mereka', 'bergerombol', 'seolah', 'sudah', 'paling', 'kebalwtf'];['kadang', 'aneh', 'orang', 'kaya', 'ginimenolak', 'penguburan', 'korban', 'covid', 'bergerombol', 'kebalwtf'];kadang aneh orang kaya ginimenolak penguburan korban covid bergerombol kebalwtf;kadang aneh orang kaya ginimenolak kubur korban covid gerombol kebalwtf
774;Terima kasih untuk semua tenaga medis yang telah berjuang di garis terdepan melawan COVID 19 ;1.0;terima kasih tenaga medis juang garis depan lawan covid;terima kasih untuk semua tenaga medis yang telah berjuang di garis terdepan melawan covid;['terima', 'kasih', 'untuk', 'semua', 'tenaga', 'medis', 'yang', 'telah', 'berjuang', 'di', 'garis', 'terdepan', 'melawan', 'covid'];['terima', 'kasih', 'untuk', 'semua', 'tenaga', 'medis', 'yang', 'telah', 'berjuang', 'di', 'garis', 'terdepan', 'melawan', 'covid'];['terima', 'kasih', 'tenaga', 'medis', 'berjuang', 'garis', 'terdepan', 'melawan', 'covid'];terima kasih tenaga medis berjuang garis terdepan melawan covid;terima kasih tenaga medis juang garis depan lawan covid
775;"Min punteun , klo bebas denda gara"" covid-19 teh dugi ka kaping sbraha? Sareng upami samsat induk soreang masih buka atau tidak?Nuhun";0.0;min punteun bebas denda gara covid teh dugi ka kaping sbraha sareng upam samsat induk soreang buka tidaknuhun;min punteun klo bebas denda gara covid teh dugi ka kaping sbraha sareng upami samsat induk soreang masih buka atau tidaknuhun;['min', 'punteun', 'klo', 'bebas', 'denda', 'gara', 'covid', 'teh', 'dugi', 'ka', 'kaping', 'sbraha', 'sareng', 'upami', 'samsat', 'induk', 'soreang', 'masih', 'buka', 'atau', 'tidaknuhun'];['min', 'punteun', 'kalau', 'bebas', 'denda', 'gara', 'covid', 'teh', 'dugi', 'ka', 'kaping', 'sbraha', 'sareng', 'upami', 'samsat', 'induk', 'soreang', 'masih', 'buka', 'atau', 'tidaknuhun'];['min', 'punteun', 'bebas', 'denda', 'gara', 'covid', 'teh', 'dugi', 'ka', 'kaping', 'sbraha', 'sareng', 'upami', 'samsat', 'induk', 'soreang', 'buka', 'tidaknuhun'];min punteun bebas denda gara covid teh dugi ka kaping sbraha sareng upami samsat induk soreang buka tidaknuhun;min punteun bebas denda gara covid teh dugi ka kaping sbraha sareng upam samsat induk soreang buka tidaknuhun
776;Pemberian bantuan beras kepada masyarakat terdampak Covid-19 oleh Gugus Tugas Covid 19 GP Ansor Merauke - Papua;1.0;beri bantu beras masyarakat dampak covid gugus tugas covid gp ansor merauke papua;pemberian bantuan beras kepada masyarakat terdampak covid oleh gugus tugas covid gp ansor merauke papua;['pemberian', 'bantuan', 'beras', 'kepada', 'masyarakat', 'terdampak', 'covid', 'oleh', 'gugus', 'tugas', 'covid', 'gp', 'ansor', 'merauke', 'papua'];['pemberian', 'bantuan', 'beras', 'kepada', 'masyarakat', 'terdampak', 'covid', 'oleh', 'gugus', 'tugas', 'covid', 'gp', 'ansor', 'merauke', 'papua'];['pemberian', 'bantuan', 'beras', 'masyarakat', 'terdampak', 'covid', 'gugus', 'tugas', 'covid', 'gp', 'ansor', 'merauke', 'papua'];pemberian bantuan beras masyarakat terdampak covid gugus tugas covid gp ansor merauke papua;beri bantu beras masyarakat dampak covid gugus tugas covid gp ansor merauke papua
777;Hahaha niaga online tapi sekarang ni covid duit masuk virus pun masuk nnti.;-1.0;hahaha niaga online covid duit masuk virus masuk;hahaha niaga online tapi sekarang ni covid duit masuk virus pun masuk nnti;['hahaha', 'niaga', 'online', 'tapi', 'sekarang', 'ni', 'covid', 'duit', 'masuk', 'virus', 'pun', 'masuk', 'nnti'];['hahaha', 'niaga', 'online', 'tapi', 'sekarang', 'ini', 'covid', 'duit', 'masuk', 'virus', 'pun', 'masuk', 'nanti'];['hahaha', 'niaga', 'online', 'covid', 'duit', 'masuk', 'virus', 'masuk'];hahaha niaga online covid duit masuk virus masuk;hahaha niaga online covid duit masuk virus masuk
778;When i dirumahkan kemudian ngeluh ga gajian utuh pen balik lgsg di ocehin mak dewe, skrg fikirkan gmn biar ttp sehat kalo punya sisa duit dipake dlu buat biaya hidup kedepan kalo udah gapunya lebih baik mama ngasih duit drpd balik malah bawa penyakit. thx covid;-1.0;when i rumah ngeluh gaji utuh pen langsung ocehin mak dewe fikirkan biar sehat sisa duit pakai biaya hidup depan gapunya mama duit bawa sakit terimakasih covid;when i dirumahkan kemudian ngeluh ga gajian utuh pen balik lgsg di ocehin mak dewe skrg fikirkan gmn biar ttp sehat kalo punya sisa duit dipake dlu buat biaya hidup kedepan kalo udah gapunya lebih baik mama ngasih duit drpd balik malah bawa penyakit thx covid;['when', 'i', 'dirumahkan', 'kemudian', 'ngeluh', 'ga', 'gajian', 'utuh', 'pen', 'balik', 'lgsg', 'di', 'ocehin', 'mak', 'dewe', 'skrg', 'fikirkan', 'gmn', 'biar', 'ttp', 'sehat', 'kalo', 'punya', 'sisa', 'duit', 'dipake', 'dlu', 'buat', 'biaya', 'hidup', 'kedepan', 'kalo', 'udah', 'gapunya', 'lebih', 'baik', 'mama', 'ngasih', 'duit', 'drpd', 'balik', 'malah', 'bawa', 'penyakit', 'thx', 'covid'];['when', 'i', 'dirumahkan', 'kemudian', 'ngeluh', 'tidak', 'gajian', 'utuh', 'pen', 'balik', 'langsung', 'di', 'ocehin', 'mak', 'dewe', 'sekarang', 'fikirkan', 'bagaimana', 'biar', 'tetap', 'sehat', 'kalau', 'punya', 'sisa', 'duit', 'dipakai', 'dulu', 'buat', 'biaya', 'hidup', 'kedepan', 'kalau', 'sudah', 'gapunya', 'lebih', 'baik', 'mama', 'memberi', 'duit', 'daripada', 'balik', 'malah', 'bawa', 'penyakit', 'terimakasih', 'covid'];['when', 'i', 'dirumahkan', 'ngeluh', 'gajian', 'utuh', 'pen', 'langsung', 'ocehin', 'mak', 'dewe', 'fikirkan', 'biar', 'sehat', 'sisa', 'duit', 'dipakai', 'biaya', 'hidup', 'kedepan', 'gapunya', 'mama', 'duit', 'bawa', 'penyakit', 'terimakasih', 'covid'];when i dirumahkan ngeluh gajian utuh pen langsung ocehin mak dewe fikirkan biar sehat sisa duit dipakai biaya hidup kedepan gapunya mama duit bawa penyakit terimakasih covid;when i rumah ngeluh gaji utuh pen langsung ocehin mak dewe fikirkan biar sehat sisa duit pakai biaya hidup depan gapunya mama duit bawa sakit terimakasih covid
779;RM0 MKN : Talian sokongan emosi dan psikososial COVID-19 beroperasi setiap hari 8 pagi - 5 petang. Hubungi 011-63996482, 011-63994236 atau 03-29359935.Huh? ;0.0;rm makan tali sokong emosi psikososial covid operasi pagi petang hubung huh;rm mkn talian sokongan emosi dan psikososial covid beroperasi setiap hari pagi petang hubungi atau huh;['rm', 'mkn', 'talian', 'sokongan', 'emosi', 'dan', 'psikososial', 'covid', 'beroperasi', 'setiap', 'hari', 'pagi', 'petang', 'hubungi', 'atau', 'huh'];['rm', 'makan', 'talian', 'sokongan', 'emosi', 'dan', 'psikososial', 'covid', 'beroperasi', 'setiap', 'hari', 'pagi', 'petang', 'hubungi', 'atau', 'huh'];['rm', 'makan', 'talian', 'sokongan', 'emosi', 'psikososial', 'covid', 'beroperasi', 'pagi', 'petang', 'hubungi', 'huh'];rm makan talian sokongan emosi psikososial covid beroperasi pagi petang hubungi huh;rm makan tali sokong emosi psikososial covid operasi pagi petang hubung huh
780;Sebaran 330 Orang kasus baru COVID-19 di Indonesia pada tanggal 11 April 2020 - Jakarta: 196 Orang- Banten: 36- Jabar: 32- Papua: 24- Jatim: 11- Sulsel: 11- Sulteng: 5- Bali: 4- Riau: 3- Jambi: 2- NTB: 2- Sulbar: 2- Babel: 1- Sultra: 1 Orang;0.0;sebar orang covid indonesia tanggal april jakarta orang banten jabar papua jatim sulsel sulteng bal riau jambi ntb sulbar babel sultra orang;sebaran orang kasus baru covid di indonesia pada tanggal april jakarta orang banten jabar papua jatim sulsel sulteng bali riau jambi ntb sulbar babel sultra orang;['sebaran', 'orang', 'kasus', 'baru', 'covid', 'di', 'indonesia', 'pada', 'tanggal', 'april', 'jakarta', 'orang', 'banten', 'jabar', 'papua', 'jatim', 'sulsel', 'sulteng', 'bali', 'riau', 'jambi', 'ntb', 'sulbar', 'babel', 'sultra', 'orang'];['sebaran', 'orang', 'kasus', 'baru', 'covid', 'di', 'indonesia', 'pada', 'tanggal', 'april', 'jakarta', 'orang', 'banten', 'jabar', 'papua', 'jatim', 'sulsel', 'sulteng', 'bali', 'riau', 'jambi', 'ntb', 'sulbar', 'babel', 'sultra', 'orang'];['sebaran', 'orang', 'covid', 'indonesia', 'tanggal', 'april', 'jakarta', 'orang', 'banten', 'jabar', 'papua', 'jatim', 'sulsel', 'sulteng', 'bali', 'riau', 'jambi', 'ntb', 'sulbar', 'babel', 'sultra', 'orang'];sebaran orang covid indonesia tanggal april jakarta orang banten jabar papua jatim sulsel sulteng bali riau jambi ntb sulbar babel sultra orang;sebar orang covid indonesia tanggal april jakarta orang banten jabar papua jatim sulsel sulteng bal riau jambi ntb sulbar babel sultra orang
781;Indigo indigo apaan lagi covid juga masih belain pemerintah kan lu.;-1.0;indigo indigo covid bain perintah;indigo indigo apaan lagi covid juga masih belain pemerintah kan lu;['indigo', 'indigo', 'apaan', 'lagi', 'covid', 'juga', 'masih', 'belain', 'pemerintah', 'kan', 'lu'];['indigo', 'indigo', 'apaan', 'lagi', 'covid', 'juga', 'masih', 'belain', 'pemerintah', 'kan', 'kamu'];['indigo', 'indigo', 'covid', 'belain', 'pemerintah'];indigo indigo covid belain pemerintah;indigo indigo covid bain perintah
782;Pengen rasanya nebar tanah kuburan ke rumah orang-orang yang nolak jenazah pasien covid-19 biar rumahnya serem terus. Huffttt ;-1.0;nebar tanah kubur rumah orangorang nolak jenazah pasien covid biar rumah rem huffttt;pengen rasanya nebar tanah kuburan ke rumah orangorang yang nolak jenazah pasien covid biar rumahnya serem terus huffttt;['pengen', 'rasanya', 'nebar', 'tanah', 'kuburan', 'ke', 'rumah', 'orangorang', 'yang', 'nolak', 'jenazah', 'pasien', 'covid', 'biar', 'rumahnya', 'serem', 'terus', 'huffttt'];['ingin', 'rasanya', 'nebar', 'tanah', 'kuburan', 'ke', 'rumah', 'orangorang', 'yang', 'nolak', 'jenazah', 'pasien', 'covid', 'biar', 'rumahnya', 'serem', 'terus', 'huffttt'];['nebar', 'tanah', 'kuburan', 'rumah', 'orangorang', 'nolak', 'jenazah', 'pasien', 'covid', 'biar', 'rumahnya', 'serem', 'huffttt'];nebar tanah kuburan rumah orangorang nolak jenazah pasien covid biar rumahnya serem huffttt;nebar tanah kubur rumah orangorang nolak jenazah pasien covid biar rumah rem huffttt
783;Hrus ditindak org2 yg menolak, coba kl keluarganya yg kena covid.;1.0;tindak orang tolak coba keluarga kena covid;hrus ditindak org yg menolak coba kl keluarganya yg kena covid;['hrus', 'ditindak', 'org', 'yg', 'menolak', 'coba', 'kl', 'keluarganya', 'yg', 'kena', 'covid'];['harus', 'ditindak', 'orang', 'yang', 'menolak', 'coba', 'kalau', 'keluarganya', 'yang', 'kena', 'covid'];['ditindak', 'orang', 'menolak', 'coba', 'keluarganya', 'kena', 'covid'];ditindak orang menolak coba keluarganya kena covid;tindak orang tolak coba keluarga kena covid
784;Aku udh resigned mas dr perhotelan, tp msh hrs tetap dan suka nomaden  krn ada beberapa yg di urus. InshaAllah bisa ketemuan ya mas bro, smoga COVID-19 ini cpt berganti dg kesehatan & kebahagiaan utk seluruh umat manusia di sini & dunia ;1.0;resigned mas hotel suka nomaden urus inshaallah ketemu iya mas kakak moga covid cpt ganti sehat bahagia umat manusia dunia;aku udh resigned mas dr perhotelan tp msh hrs tetap dan suka nomaden krn ada beberapa yg di urus inshaallah bisa ketemuan ya mas bro smoga covid ini cpt berganti dg kesehatan kebahagiaan utk seluruh umat manusia di sini dunia;['aku', 'udh', 'resigned', 'mas', 'dr', 'perhotelan', 'tp', 'msh', 'hrs', 'tetap', 'dan', 'suka', 'nomaden', 'krn', 'ada', 'beberapa', 'yg', 'di', 'urus', 'inshaallah', 'bisa', 'ketemuan', 'ya', 'mas', 'bro', 'smoga', 'covid', 'ini', 'cpt', 'berganti', 'dg', 'kesehatan', 'kebahagiaan', 'utk', 'seluruh', 'umat', 'manusia', 'di', 'sini', 'dunia'];['aku', 'sudah', 'resigned', 'mas', 'dari', 'perhotelan', 'tapi', 'masih', 'harus', 'tetap', 'dan', 'suka', 'nomaden', 'karena', 'ada', 'beberapa', 'yang', 'di', 'urus', 'inshaallah', 'bisa', 'ketemuan', 'iya', 'mas', 'kakak', 'semoga', 'covid', 'ini', 'cpt', 'berganti', 'dengan', 'kesehatan', 'kebahagiaan', 'untuk', 'seluruh', 'umat', 'manusia', 'di', 'sini', 'dunia'];['resigned', 'mas', 'perhotelan', 'suka', 'nomaden', 'urus', 'inshaallah', 'ketemuan', 'iya', 'mas', 'kakak', 'semoga', 'covid', 'cpt', 'berganti', 'kesehatan', 'kebahagiaan', 'umat', 'manusia', 'dunia'];resigned mas perhotelan suka nomaden urus inshaallah ketemuan iya mas kakak semoga covid cpt berganti kesehatan kebahagiaan umat manusia dunia;resigned mas hotel suka nomaden urus inshaallah ketemu iya mas kakak moga covid cpt ganti sehat bahagia umat manusia dunia
785;Wali Kota Bogor Bima Arya Dibolehkan Pulang Usai 22 Hari Dirawat karena Positif COVID-19;1.0;wali kota bogor bima arya boleh pulang rawat positif covid;wali kota bogor bima arya dibolehkan pulang usai hari dirawat karena positif covid;['wali', 'kota', 'bogor', 'bima', 'arya', 'dibolehkan', 'pulang', 'usai', 'hari', 'dirawat', 'karena', 'positif', 'covid'];['wali', 'kota', 'bogor', 'bima', 'arya', 'dibolehkan', 'pulang', 'usai', 'hari', 'dirawat', 'karena', 'positif', 'covid'];['wali', 'kota', 'bogor', 'bima', 'arya', 'dibolehkan', 'pulang', 'dirawat', 'positif', 'covid'];wali kota bogor bima arya dibolehkan pulang dirawat positif covid;wali kota bogor bima arya boleh pulang rawat positif covid
786;Bukan soal kemampuan dan tempat Ds , kita tak boleh tahu siapa yg ada Covid-19 tu,sama ada Si barber atau dikalangan pelanggan itu sendiri hatta dibuat di rumah sekali pun..Kita sdg dlm proses mengekang wabak,;1.0;mampu ds covid tusama sih barber kalang langgan hatta rumah punkita sdg proses ekang wabak;bukan soal kemampuan dan tempat ds kita tak boleh tahu siapa yg ada covid tusama ada si barber atau dikalangan pelanggan itu sendiri hatta dibuat di rumah sekali punkita sdg dlm proses mengekang wabak;['bukan', 'soal', 'kemampuan', 'dan', 'tempat', 'ds', 'kita', 'tak', 'boleh', 'tahu', 'siapa', 'yg', 'ada', 'covid', 'tusama', 'ada', 'si', 'barber', 'atau', 'dikalangan', 'pelanggan', 'itu', 'sendiri', 'hatta', 'dibuat', 'di', 'rumah', 'sekali', 'punkita', 'sdg', 'dlm', 'proses', 'mengekang', 'wabak'];['bukan', 'soal', 'kemampuan', 'dan', 'tempat', 'ds', 'kita', 'tak', 'boleh', 'tahu', 'siapa', 'yang', 'ada', 'covid', 'tusama', 'ada', 'sih', 'barber', 'atau', 'dikalangan', 'pelanggan', 'itu', 'sendiri', 'hatta', 'dibuat', 'di', 'rumah', 'sekali', 'punkita', 'sdg', 'dalam', 'proses', 'mengekang', 'wabak'];['kemampuan', 'ds', 'covid', 'tusama', 'sih', 'barber', 'dikalangan', 'pelanggan', 'hatta', 'rumah', 'punkita', 'sdg', 'proses', 'mengekang', 'wabak'];kemampuan ds covid tusama sih barber dikalangan pelanggan hatta rumah punkita sdg proses mengekang wabak;mampu ds covid tusama sih barber kalang langgan hatta rumah punkita sdg proses ekang wabak
787;Antara hadith yang paling dekat dengan isu Covid-19 dan Perintah Kawalan Pergerakan.Nabi S.A.W bersabda :Dua nikmat yang sering dilupakan oleh manusia :1. KESIHATAN2. WAKTU LAPANG(Hadith Riwayat Bukhari);1.0;hadith isu covid perintah kawal pergerakannabi saw sabda nikmat lupa manusia kesihatan lapanghadith riwayat bukhari;antara hadith yang paling dekat dengan isu covid dan perintah kawalan pergerakannabi saw bersabda dua nikmat yang sering dilupakan oleh manusia kesihatan waktu lapanghadith riwayat bukhari;['antara', 'hadith', 'yang', 'paling', 'dekat', 'dengan', 'isu', 'covid', 'dan', 'perintah', 'kawalan', 'pergerakannabi', 'saw', 'bersabda', 'dua', 'nikmat', 'yang', 'sering', 'dilupakan', 'oleh', 'manusia', 'kesihatan', 'waktu', 'lapanghadith', 'riwayat', 'bukhari'];['antara', 'hadith', 'yang', 'paling', 'dekat', 'dengan', 'isu', 'covid', 'dan', 'perintah', 'kawalan', 'pergerakannabi', 'saw', 'bersabda', 'dua', 'nikmat', 'yang', 'sering', 'dilupakan', 'oleh', 'manusia', 'kesihatan', 'waktu', 'lapanghadith', 'riwayat', 'bukhari'];['hadith', 'isu', 'covid', 'perintah', 'kawalan', 'pergerakannabi', 'saw', 'bersabda', 'nikmat', 'dilupakan', 'manusia', 'kesihatan', 'lapanghadith', 'riwayat', 'bukhari'];hadith isu covid perintah kawalan pergerakannabi saw bersabda nikmat dilupakan manusia kesihatan lapanghadith riwayat bukhari;hadith isu covid perintah kawal pergerakannabi saw sabda nikmat lupa manusia kesihatan lapanghadith riwayat bukhari
788;Pertamina Dan Hiswana Serahkan Sembako Dan APD Untuk Bantu Penanganan Covid-19 Di Sulsel;1.0;pertamina hiswana serah sembako apd bantu tangan covid sulsel;pertamina dan hiswana serahkan sembako dan apd untuk bantu penanganan covid di sulsel;['pertamina', 'dan', 'hiswana', 'serahkan', 'sembako', 'dan', 'apd', 'untuk', 'bantu', 'penanganan', 'covid', 'di', 'sulsel'];['pertamina', 'dan', 'hiswana', 'serahkan', 'sembako', 'dan', 'apd', 'untuk', 'bantu', 'penanganan', 'covid', 'di', 'sulsel'];['pertamina', 'hiswana', 'serahkan', 'sembako', 'apd', 'bantu', 'penanganan', 'covid', 'sulsel'];pertamina hiswana serahkan sembako apd bantu penanganan covid sulsel;pertamina hiswana serah sembako apd bantu tangan covid sulsel
789;jangan buang waktu untuk merespons orang2 yg berprilaku negatif tetapi gunakan waktu yg ada untuk persiapan diri menghadapi goncangan di belakang pendemi COVID 19 kekuatan nya 5X lebih dari krisis di 1998 Pahami HUKUM. semoga semua dilalukan dari badai dgn selamatamin;1.0;buang respons orang berprilaku negatif siap hadap goncangan demi covid kuat nya x krisis paham hukum moga lalu badai selamatamin;jangan buang waktu untuk merespons orang yg berprilaku negatif tetapi gunakan waktu yg ada untuk persiapan diri menghadapi goncangan di belakang pendemi covid kekuatan nya x lebih dari krisis di pahami hukum semoga semua dilalukan dari badai dgn selamatamin;['jangan', 'buang', 'waktu', 'untuk', 'merespons', 'orang', 'yg', 'berprilaku', 'negatif', 'tetapi', 'gunakan', 'waktu', 'yg', 'ada', 'untuk', 'persiapan', 'diri', 'menghadapi', 'goncangan', 'di', 'belakang', 'pendemi', 'covid', 'kekuatan', 'nya', 'x', 'lebih', 'dari', 'krisis', 'di', 'pahami', 'hukum', 'semoga', 'semua', 'dilalukan', 'dari', 'badai', 'dgn', 'selamatamin'];['jangan', 'buang', 'waktu', 'untuk', 'merespons', 'orang', 'yang', 'berprilaku', 'negatif', 'tetapi', 'gunakan', 'waktu', 'yang', 'ada', 'untuk', 'persiapan', 'diri', 'menghadapi', 'goncangan', 'di', 'belakang', 'pendemi', 'covid', 'kekuatan', 'nya', 'x', 'lebih', 'dari', 'krisis', 'di', 'pahami', 'hukum', 'semoga', 'semua', 'dilalukan', 'dari', 'badai', 'dengan', 'selamatamin'];['buang', 'merespons', 'orang', 'berprilaku', 'negatif', 'persiapan', 'menghadapi', 'goncangan', 'pendemi', 'covid', 'kekuatan', 'nya', 'x', 'krisis', 'pahami', 'hukum', 'semoga', 'dilalukan', 'badai', 'selamatamin'];buang merespons orang berprilaku negatif persiapan menghadapi goncangan pendemi covid kekuatan nya x krisis pahami hukum semoga dilalukan badai selamatamin;buang respons orang berprilaku negatif siap hadap goncangan demi covid kuat nya x krisis paham hukum moga lalu badai selamatamin
790;Amerika Egois! Potret Buruknya Negara Kapitalis Tangani COVID-19 | Muslimah TalkSimak di link berikut;-1.0;amerika egois potret buruk negara kapitalis tangan covid muslimah talksimak link;amerika egois potret buruknya negara kapitalis tangani covid muslimah talksimak di link berikut;['amerika', 'egois', 'potret', 'buruknya', 'negara', 'kapitalis', 'tangani', 'covid', 'muslimah', 'talksimak', 'di', 'link', 'berikut'];['amerika', 'egois', 'potret', 'buruknya', 'negara', 'kapitalis', 'tangani', 'covid', 'muslimah', 'talksimak', 'di', 'link', 'berikut'];['amerika', 'egois', 'potret', 'buruknya', 'negara', 'kapitalis', 'tangani', 'covid', 'muslimah', 'talksimak', 'link'];amerika egois potret buruknya negara kapitalis tangani covid muslimah talksimak link;amerika egois potret buruk negara kapitalis tangan covid muslimah talksimak link
791;Sore Sedulur Berikut data terbaru pasien COVID-19 di D.I. Yogyakarta, selengkapnya dapat di akses melalui;0.0;sore dulur data baru pasien covid yogyakarta lengkap akses;sore sedulur berikut data terbaru pasien covid di di yogyakarta selengkapnya dapat di akses melalui;['sore', 'sedulur', 'berikut', 'data', 'terbaru', 'pasien', 'covid', 'di', 'di', 'yogyakarta', 'selengkapnya', 'dapat', 'di', 'akses', 'melalui'];['sore', 'sedulur', 'berikut', 'data', 'terbaru', 'pasien', 'covid', 'di', 'di', 'yogyakarta', 'selengkapnya', 'dapat', 'di', 'akses', 'melalui'];['sore', 'sedulur', 'data', 'terbaru', 'pasien', 'covid', 'yogyakarta', 'selengkapnya', 'akses'];sore sedulur data terbaru pasien covid yogyakarta selengkapnya akses;sore dulur data baru pasien covid yogyakarta lengkap akses
792;covid-19 : ada kuliah online ga pernah masuk, tugas jarang ngumpul, senin uts belom bayarreal life : sama;-1.0;covid kuliah online masuk tugas jarang ngumpul senin uts bayarreal life;covid ada kuliah online ga pernah masuk tugas jarang ngumpul senin uts belom bayarreal life sama;['covid', 'ada', 'kuliah', 'online', 'ga', 'pernah', 'masuk', 'tugas', 'jarang', 'ngumpul', 'senin', 'uts', 'belom', 'bayarreal', 'life', 'sama'];['covid', 'ada', 'kuliah', 'online', 'tidak', 'pernah', 'masuk', 'tugas', 'jarang', 'ngumpul', 'senin', 'uts', 'belum', 'bayarreal', 'life', 'sama'];['covid', 'kuliah', 'online', 'masuk', 'tugas', 'jarang', 'ngumpul', 'senin', 'uts', 'bayarreal', 'life'];covid kuliah online masuk tugas jarang ngumpul senin uts bayarreal life;covid kuliah online masuk tugas jarang ngumpul senin uts bayarreal life
793;PT Angkasa Pura II (Persero) memberlakukan jam operasional baru di 12 bandara guna optimalisasi layanan dan mendukung pencegahan penyebaran Covid-19.Selengkapnya ;1.0;pt angkasa pura ii persero laku jam operasional bandara optimalisasi layan dukung cegah sebar covidselengkapnya;pt angkasa pura ii persero memberlakukan jam operasional baru di bandara guna optimalisasi layanan dan mendukung pencegahan penyebaran covidselengkapnya;['pt', 'angkasa', 'pura', 'ii', 'persero', 'memberlakukan', 'jam', 'operasional', 'baru', 'di', 'bandara', 'guna', 'optimalisasi', 'layanan', 'dan', 'mendukung', 'pencegahan', 'penyebaran', 'covidselengkapnya'];['pt', 'angkasa', 'pura', 'ii', 'persero', 'memberlakukan', 'jam', 'operasional', 'baru', 'di', 'bandara', 'guna', 'optimalisasi', 'layanan', 'dan', 'mendukung', 'pencegahan', 'penyebaran', 'covidselengkapnya'];['pt', 'angkasa', 'pura', 'ii', 'persero', 'memberlakukan', 'jam', 'operasional', 'bandara', 'optimalisasi', 'layanan', 'mendukung', 'pencegahan', 'penyebaran', 'covidselengkapnya'];pt angkasa pura ii persero memberlakukan jam operasional bandara optimalisasi layanan mendukung pencegahan penyebaran covidselengkapnya;pt angkasa pura ii persero laku jam operasional bandara optimalisasi layan dukung cegah sebar covidselengkapnya
794;ADUN Bukit Semuja Sumbang Termometer Kepada Pusat Pemeriksaan Virus Covid-19 Serian.;1.0;adun bukit semuja sumbang termometer pusat periksa virus covid seri;adun bukit semuja sumbang termometer kepada pusat pemeriksaan virus covid serian;['adun', 'bukit', 'semuja', 'sumbang', 'termometer', 'kepada', 'pusat', 'pemeriksaan', 'virus', 'covid', 'serian'];['adun', 'bukit', 'semuja', 'sumbang', 'termometer', 'kepada', 'pusat', 'pemeriksaan', 'virus', 'covid', 'serian'];['adun', 'bukit', 'semuja', 'sumbang', 'termometer', 'pusat', 'pemeriksaan', 'virus', 'covid', 'serian'];adun bukit semuja sumbang termometer pusat pemeriksaan virus covid serian;adun bukit semuja sumbang termometer pusat periksa virus covid seri
795;Dari 924 RW di Depok, Kampung SIaga Covid-19 sudah terbentuk di 902 RW.;1.0;rw depok kampung siaga covid bentuk rw;dari rw di depok kampung siaga covid sudah terbentuk di rw;['dari', 'rw', 'di', 'depok', 'kampung', 'siaga', 'covid', 'sudah', 'terbentuk', 'di', 'rw'];['dari', 'rw', 'di', 'depok', 'kampung', 'siaga', 'covid', 'sudah', 'terbentuk', 'di', 'rw'];['rw', 'depok', 'kampung', 'siaga', 'covid', 'terbentuk', 'rw'];rw depok kampung siaga covid terbentuk rw;rw depok kampung siaga covid bentuk rw
796;Luna Maya Anggap Corona Covid-19 sebagai Ujian dalam Hubungannya degan Ryochin;-1.0;luna maya anggap corona covid uji hubung degan ryochin;luna maya anggap corona covid sebagai ujian dalam hubungannya degan ryochin;['luna', 'maya', 'anggap', 'corona', 'covid', 'sebagai', 'ujian', 'dalam', 'hubungannya', 'degan', 'ryochin'];['luna', 'maya', 'anggap', 'corona', 'covid', 'sebagai', 'ujian', 'dalam', 'hubungannya', 'degan', 'ryochin'];['luna', 'maya', 'anggap', 'corona', 'covid', 'ujian', 'hubungannya', 'degan', 'ryochin'];luna maya anggap corona covid ujian hubungannya degan ryochin;luna maya anggap corona covid uji hubung degan ryochin
797;Allahh ! Dah ada positive covid dahh kat blok aku nih;-1.0;allahh positive covid dahh kat blok;allahh dah ada positive covid dahh kat blok aku nih;['allahh', 'dah', 'ada', 'positive', 'covid', 'dahh', 'kat', 'blok', 'aku', 'nih'];['allahh', 'sudah', 'ada', 'positive', 'covid', 'dahh', 'kat', 'blok', 'aku', 'ini'];['allahh', 'positive', 'covid', 'dahh', 'kat', 'blok'];allahh positive covid dahh kat blok;allahh positive covid dahh kat blok
798;Pemerintah pusat melalui Gugus Tugas Percepatan Penanggulangan Wabah COVID-19 Nasional mengirimkan bantuan APD (alat pelindung diri) sebanyak 40 koli (2000 pcs) dan 3.000 pcs masker ke Sulawesi Tenggara (Sultra).;1.0;perintah pusat gugus tugas cepat tanggulang wabah covid nasional kirim bantu apd alat lindung koli pcs pcs masker sulawesi tenggara sultra;pemerintah pusat melalui gugus tugas percepatan penanggulangan wabah covid nasional mengirimkan bantuan apd alat pelindung diri sebanyak koli pcs dan pcs masker ke sulawesi tenggara sultra;['pemerintah', 'pusat', 'melalui', 'gugus', 'tugas', 'percepatan', 'penanggulangan', 'wabah', 'covid', 'nasional', 'mengirimkan', 'bantuan', 'apd', 'alat', 'pelindung', 'diri', 'sebanyak', 'koli', 'pcs', 'dan', 'pcs', 'masker', 'ke', 'sulawesi', 'tenggara', 'sultra'];['pemerintah', 'pusat', 'melalui', 'gugus', 'tugas', 'percepatan', 'penanggulangan', 'wabah', 'covid', 'nasional', 'mengirimkan', 'bantuan', 'apd', 'alat', 'pelindung', 'diri', 'sebanyak', 'koli', 'pcs', 'dan', 'pcs', 'masker', 'ke', 'sulawesi', 'tenggara', 'sultra'];['pemerintah', 'pusat', 'gugus', 'tugas', 'percepatan', 'penanggulangan', 'wabah', 'covid', 'nasional', 'mengirimkan', 'bantuan', 'apd', 'alat', 'pelindung', 'koli', 'pcs', 'pcs', 'masker', 'sulawesi', 'tenggara', 'sultra'];pemerintah pusat gugus tugas percepatan penanggulangan wabah covid nasional mengirimkan bantuan apd alat pelindung koli pcs pcs masker sulawesi tenggara sultra;perintah pusat gugus tugas cepat tanggulang wabah covid nasional kirim bantu apd alat lindung koli pcs pcs masker sulawesi tenggara sultra
799;skrg udh ada lg status OTG, org tanpa gejala, jd risiko kita kontak dgn org byk di RS yg tanpa gejala Covid-19 bs lebih tinggi, dibandingkan dgn kalian yg ttp;0.0;lg status otg orang gejala jadi risiko kontak orang rs gejala covid banding;skrg udh ada lg status otg org tanpa gejala jd risiko kita kontak dgn org byk di rs yg tanpa gejala covid bs lebih tinggi dibandingkan dgn kalian yg ttp;['skrg', 'udh', 'ada', 'lg', 'status', 'otg', 'org', 'tanpa', 'gejala', 'jd', 'risiko', 'kita', 'kontak', 'dgn', 'org', 'byk', 'di', 'rs', 'yg', 'tanpa', 'gejala', 'covid', 'bs', 'lebih', 'tinggi', 'dibandingkan', 'dgn', 'kalian', 'yg', 'ttp'];['sekarang', 'sudah', 'ada', 'lg', 'status', 'otg', 'orang', 'tanpa', 'gejala', 'jadi ', 'risiko', 'kita', 'kontak', 'dengan', 'orang', 'banyak', 'di', 'rs', 'yang', 'tanpa', 'gejala', 'covid', 'bisa', 'lebih', 'tinggi', 'dibandingkan', 'dengan', 'kalian', 'yang', 'tetap'];['lg', 'status', 'otg', 'orang', 'gejala', 'jadi ', 'risiko', 'kontak', 'orang', 'rs', 'gejala', 'covid', 'dibandingkan'];lg status otg orang gejala jadi  risiko kontak orang rs gejala covid dibandingkan;lg status otg orang gejala jadi risiko kontak orang rs gejala covid banding
800;Kembali kepada pangkuan kehidupan Islam, yakni khilafah adalah kewajiban  dan kebutuhan mendesak. Inilah pesan penting berikutnya bagi Indonesia dan dunia. ;0.0;pangku hidup islam khilafah wajib butuh desak pesan indonesia dunia;kembali kepada pangkuan kehidupan islam yakni khilafah adalah kewajiban dan kebutuhan mendesak inilah pesan penting berikutnya bagi indonesia dan dunia;['kembali', 'kepada', 'pangkuan', 'kehidupan', 'islam', 'yakni', 'khilafah', 'adalah', 'kewajiban', 'dan', 'kebutuhan', 'mendesak', 'inilah', 'pesan', 'penting', 'berikutnya', 'bagi', 'indonesia', 'dan', 'dunia'];['kembali', 'kepada', 'pangkuan', 'kehidupan', 'islam', 'yakni', 'khilafah', 'adalah', 'kewajiban', 'dan', 'kebutuhan', 'mendesak', 'inilah', 'pesan', 'penting', 'berikutnya', 'bagi', 'indonesia', 'dan', 'dunia'];['pangkuan', 'kehidupan', 'islam', 'khilafah', 'kewajiban', 'kebutuhan', 'mendesak', 'pesan', 'indonesia', 'dunia'];pangkuan kehidupan islam khilafah kewajiban kebutuhan mendesak pesan indonesia dunia;pangku hidup islam khilafah wajib butuh desak pesan indonesia dunia
801;Jumlah PDP Covid 19 Di Kalsel Naik, PDP Meninggal Asal Batola Negatif Corona lewat;0.0;pdp covid kalsel pdp tinggal batola negatif corona;jumlah pdp covid di kalsel naik pdp meninggal asal batola negatif corona lewat;['jumlah', 'pdp', 'covid', 'di', 'kalsel', 'naik', 'pdp', 'meninggal', 'asal', 'batola', 'negatif', 'corona', 'lewat'];['jumlah', 'pdp', 'covid', 'di', 'kalsel', 'naik', 'pdp', 'meninggal', 'asal', 'batola', 'negatif', 'corona', 'lewat'];['pdp', 'covid', 'kalsel', 'pdp', 'meninggal', 'batola', 'negatif', 'corona'];pdp covid kalsel pdp meninggal batola negatif corona;pdp covid kalsel pdp tinggal batola negatif corona
802;Solusinya mgkin ada tp mesti kompak ya ama spt saran om faisal basri. Fokus dl ama covid ampe semua sehat (dan pmrintah nemu jalur kordinasi penanganan n metode yg tokcer), baru mulei lg roda ekonomi trmasuk cipta krja. Skrg kan masi berantakan smuaa;1.0;solusi mesti kompak iya saran om faisal basri fokus dl covid ampe sehat pmrintah temu jalur kordinasi tangan metode tokcer mulei lg roda ekonomi trmasuk cipta kerja mas beranta smuaa;solusinya mgkin ada tp mesti kompak ya ama spt saran om faisal basri fokus dl ama covid ampe semua sehat dan pmrintah nemu jalur kordinasi penanganan n metode yg tokcer baru mulei lg roda ekonomi trmasuk cipta krja skrg kan masi berantakan smuaa;['solusinya', 'mgkin', 'ada', 'tp', 'mesti', 'kompak', 'ya', 'ama', 'spt', 'saran', 'om', 'faisal', 'basri', 'fokus', 'dl', 'ama', 'covid', 'ampe', 'semua', 'sehat', 'dan', 'pmrintah', 'nemu', 'jalur', 'kordinasi', 'penanganan', 'n', 'metode', 'yg', 'tokcer', 'baru', 'mulei', 'lg', 'roda', 'ekonomi', 'trmasuk', 'cipta', 'krja', 'skrg', 'kan', 'masi', 'berantakan', 'smuaa'];['solusinya', 'mungkin', 'ada', 'tapi', 'mesti', 'kompak', 'iya', 'sama', 'seperti', 'saran', 'om', 'faisal', 'basri', 'fokus', 'dl', 'sama', 'covid', 'ampe', 'semua', 'sehat', 'dan', 'pmrintah', 'menemukan', 'jalur', 'kordinasi', 'penanganan', 'dan', 'metode', 'yang', 'tokcer', 'baru', 'mulei', 'lg', 'roda', 'ekonomi', 'trmasuk', 'cipta', 'kerja', 'sekarang', 'kan', 'masi', 'berantakan', 'smuaa'];['solusinya', 'mesti', 'kompak', 'iya', 'saran', 'om', 'faisal', 'basri', 'fokus', 'dl', 'covid', 'ampe', 'sehat', 'pmrintah', 'menemukan', 'jalur', 'kordinasi', 'penanganan', 'metode', 'tokcer', 'mulei', 'lg', 'roda', 'ekonomi', 'trmasuk', 'cipta', 'kerja', 'masi', 'berantakan', 'smuaa'];solusinya mesti kompak iya saran om faisal basri fokus dl covid ampe sehat pmrintah menemukan jalur kordinasi penanganan metode tokcer mulei lg roda ekonomi trmasuk cipta kerja masi berantakan smuaa;solusi mesti kompak iya saran om faisal basri fokus dl covid ampe sehat pmrintah temu jalur kordinasi tangan metode tokcer mulei lg roda ekonomi trmasuk cipta kerja mas beranta smuaa
803;Tidak tau kenapa, sedang malas mendengar berita Covid-19, apalagi yang ada hubungannya dengan pemerintah. Begitu2 aja.;-1.0;tau malas dengar berita covid hubung perintah;tidak tau kenapa sedang malas mendengar berita covid apalagi yang ada hubungannya dengan pemerintah begitu aja;['tidak', 'tau', 'kenapa', 'sedang', 'malas', 'mendengar', 'berita', 'covid', 'apalagi', 'yang', 'ada', 'hubungannya', 'dengan', 'pemerintah', 'begitu', 'aja'];['tidak', 'tau', 'kenapa', 'sedang', 'malas', 'mendengar', 'berita', 'covid', 'apalagi', 'yang', 'ada', 'hubungannya', 'dengan', 'pemerintah', 'begitu', 'saja'];['tau', 'malas', 'mendengar', 'berita', 'covid', 'hubungannya', 'pemerintah'];tau malas mendengar berita covid hubungannya pemerintah;tau malas dengar berita covid hubung perintah
804;Himbauan wali nagari tandikek kec. Patamuan kab. Pd. Pariaman dalam penanganan covid 19;1.0;himbauan wali nagari tandikek kec patamuan kab pariaman tangan covid;himbauan wali nagari tandikek kec patamuan kab pd pariaman dalam penanganan covid;['himbauan', 'wali', 'nagari', 'tandikek', 'kec', 'patamuan', 'kab', 'pd', 'pariaman', 'dalam', 'penanganan', 'covid'];['himbauan', 'wali', 'nagari', 'tandikek', 'kec', 'patamuan', 'kab', 'pada', 'pariaman', 'dalam', 'penanganan', 'covid'];['himbauan', 'wali', 'nagari', 'tandikek', 'kec', 'patamuan', 'kab', 'pariaman', 'penanganan', 'covid'];himbauan wali nagari tandikek kec patamuan kab pariaman penanganan covid;himbauan wali nagari tandikek kec patamuan kab pariaman tangan covid
805;Dukung Relawan Covid-19, Alpenland Management Serahkan Bantuan;1.0;dukung rawan covid alpenland management serah bantu;dukung relawan covid alpenland management serahkan bantuan;['dukung', 'relawan', 'covid', 'alpenland', 'management', 'serahkan', 'bantuan'];['dukung', 'relawan', 'covid', 'alpenland', 'management', 'serahkan', 'bantuan'];['dukung', 'relawan', 'covid', 'alpenland', 'management', 'serahkan', 'bantuan'];dukung relawan covid alpenland management serahkan bantuan;dukung rawan covid alpenland management serah bantu
806;Tiba2 dejavu yg aku buat online discussion utk assignment dgn grpmate. Idk but maybe, covid atau bukan, kita tetap akan kena kuarintin.;0.0;dejavu online discussion assignment grpmate idk but maybe covid kena kuarintin;tiba dejavu yg aku buat online discussion utk assignment dgn grpmate idk but maybe covid atau bukan kita tetap akan kena kuarintin;['tiba', 'dejavu', 'yg', 'aku', 'buat', 'online', 'discussion', 'utk', 'assignment', 'dgn', 'grpmate', 'idk', 'but', 'maybe', 'covid', 'atau', 'bukan', 'kita', 'tetap', 'akan', 'kena', 'kuarintin'];['tiba', 'dejavu', 'yang', 'aku', 'buat', 'online', 'discussion', 'untuk', 'assignment', 'dengan', 'grpmate', 'idk', 'but', 'maybe', 'covid', 'atau', 'bukan', 'kita', 'tetap', 'akan', 'kena', 'kuarintin'];['dejavu', 'online', 'discussion', 'assignment', 'grpmate', 'idk', 'but', 'maybe', 'covid', 'kena', 'kuarintin'];dejavu online discussion assignment grpmate idk but maybe covid kena kuarintin;dejavu online discussion assignment grpmate idk but maybe covid kena kuarintin
807;Hm tak dapat noti lagi, tapi takpelah musim2 covid pun duit masuk. Covid tu since awal tahun lagi now dah RMO 3rd phase still tadek pun kena potong macam HSBC, asb pulak dengar2 4.75% . Reits minimum pun dah 4% MONTHLY PULAKTU NIKMAT APA LAGI YANG KAU DUSTAKAN;-1.0;hm not takpelah musim covid duit masuk covid since now rmo rd phase still tadek kena potong hsbc asb pulak dengar reits minimum monthly pulaktu nikmat kau dusta;hm tak dapat noti lagi tapi takpelah musim covid pun duit masuk covid tu since awal tahun lagi now dah rmo rd phase still tadek pun kena potong macam hsbc asb pulak dengar reits minimum pun dah monthly pulaktu nikmat apa lagi yang kau dustakan;['hm', 'tak', 'dapat', 'noti', 'lagi', 'tapi', 'takpelah', 'musim', 'covid', 'pun', 'duit', 'masuk', 'covid', 'tu', 'since', 'awal', 'tahun', 'lagi', 'now', 'dah', 'rmo', 'rd', 'phase', 'still', 'tadek', 'pun', 'kena', 'potong', 'macam', 'hsbc', 'asb', 'pulak', 'dengar', 'reits', 'minimum', 'pun', 'dah', 'monthly', 'pulaktu', 'nikmat', 'apa', 'lagi', 'yang', 'kau', 'dustakan'];['hm', 'tak', 'dapat', 'noti', 'lagi', 'tapi', 'takpelah', 'musim', 'covid', 'pun', 'duit', 'masuk', 'covid', 'itu', 'since', 'awal', 'tahun', 'lagi', 'now', 'sudah', 'rmo', 'rd', 'phase', 'still', 'tadek', 'pun', 'kena', 'potong', 'macam', 'hsbc', 'asb', 'pulak', 'dengar', 'reits', 'minimum', 'pun', 'sudah', 'monthly', 'pulaktu', 'nikmat', 'apa', 'lagi', 'yang', 'kau', 'dustakan'];['hm', 'noti', 'takpelah', 'musim', 'covid', 'duit', 'masuk', 'covid', 'since', 'now', 'rmo', 'rd', 'phase', 'still', 'tadek', 'kena', 'potong', 'hsbc', 'asb', 'pulak', 'dengar', 'reits', 'minimum', 'monthly', 'pulaktu', 'nikmat', 'kau', 'dustakan'];hm noti takpelah musim covid duit masuk covid since now rmo rd phase still tadek kena potong hsbc asb pulak dengar reits minimum monthly pulaktu nikmat kau dustakan;hm not takpelah musim covid duit masuk covid since now rmo rd phase still tadek kena potong hsbc asb pulak dengar reits minimum monthly pulaktu nikmat kau dusta
808;THR PNS & Gaji ke 13 yang Terancam Sirna 'Dimakan' Covid-19 Dana hutang dipakai utk penanganan virus corona. Masalahnya = hasilnya apa ?? Kenapa gaji anggota DPR yg pasti gede tidak juga di potong yaaa ????;-1.0;thr pns gaji ancam sirna makan covid dana hutang pakai tangan virus corona hasil gaji anggota dpr potong yaaa;thr pns gaji ke yang terancam sirna dimakan covid dana hutang dipakai utk penanganan virus corona masalahnya hasilnya apa kenapa gaji anggota dpr yg pasti gede tidak juga di potong yaaa;['thr', 'pns', 'gaji', 'ke', 'yang', 'terancam', 'sirna', 'dimakan', 'covid', 'dana', 'hutang', 'dipakai', 'utk', 'penanganan', 'virus', 'corona', 'masalahnya', 'hasilnya', 'apa', 'kenapa', 'gaji', 'anggota', 'dpr', 'yg', 'pasti', 'gede', 'tidak', 'juga', 'di', 'potong', 'yaaa'];['thr', 'pns', 'gaji', 'ke', 'yang', 'terancam', 'sirna', 'dimakan', 'covid', 'dana', 'hutang', 'dipakai', 'untuk', 'penanganan', 'virus', 'corona', 'masalahnya', 'hasilnya', 'apa', 'kenapa', 'gaji', 'anggota', 'dpr', 'yang', 'pasti', 'besar', 'tidak', 'juga', 'di', 'potong', 'yaaa'];['thr', 'pns', 'gaji', 'terancam', 'sirna', 'dimakan', 'covid', 'dana', 'hutang', 'dipakai', 'penanganan', 'virus', 'corona', 'hasilnya', 'gaji', 'anggota', 'dpr', 'potong', 'yaaa'];thr pns gaji terancam sirna dimakan covid dana hutang dipakai penanganan virus corona hasilnya gaji anggota dpr potong yaaa;thr pns gaji ancam sirna makan covid dana hutang pakai tangan virus corona hasil gaji anggota dpr potong yaaa
809;Saya sangat kecewa kepada pihak PLN/BUMN pak, Katanya menolong meringankan beban biaya listrik pak.. Tertama pelanggan rmh tngga. Klu yg berkode R1M mampu tk dpt discon, masalahnya mampu tk mampu disebbkan COVID semua rumah tgga terdampak. Sya pkai 900 watt dan trdmpak COVID pak.;-1.0;kecewa plnbumn tolong ringan beban biaya listrik tertama langgan rumah tngga kode rm tingkat dapat discon tingkat disebbkan covid rumah tgga dampak pkai watt trdmpak covid;saya sangat kecewa kepada pihak plnbumn pak katanya menolong meringankan beban biaya listrik pak tertama pelanggan rmh tngga klu yg berkode rm mampu tk dpt discon masalahnya mampu tk mampu disebbkan covid semua rumah tgga terdampak sya pkai watt dan trdmpak covid pak;['saya', 'sangat', 'kecewa', 'kepada', 'pihak', 'plnbumn', 'pak', 'katanya', 'menolong', 'meringankan', 'beban', 'biaya', 'listrik', 'pak', 'tertama', 'pelanggan', 'rmh', 'tngga', 'klu', 'yg', 'berkode', 'rm', 'mampu', 'tk', 'dpt', 'discon', 'masalahnya', 'mampu', 'tk', 'mampu', 'disebbkan', 'covid', 'semua', 'rumah', 'tgga', 'terdampak', 'sya', 'pkai', 'watt', 'dan', 'trdmpak', 'covid', 'pak'];['saya', 'sangat', 'kecewa', 'kepada', 'pihak', 'plnbumn', 'pak', 'katanya', 'menolong', 'meringankan', 'beban', 'biaya', 'listrik', 'pak', 'tertama', 'pelanggan', 'rumah', 'tngga', 'kalau', 'yang', 'berkode', 'rm', 'mampu', 'tingkat', 'dapat ', 'discon', 'masalahnya', 'mampu', 'tingkat', 'mampu', 'disebbkan', 'covid', 'semua', 'rumah', 'tgga', 'terdampak', 'saya', 'pkai', 'watt', 'dan', 'trdmpak', 'covid', 'pak'];['kecewa', 'plnbumn', 'menolong', 'meringankan', 'beban', 'biaya', 'listrik', 'tertama', 'pelanggan', 'rumah', 'tngga', 'berkode', 'rm', 'tingkat', 'dapat ', 'discon', 'tingkat', 'disebbkan', 'covid', 'rumah', 'tgga', 'terdampak', 'pkai', 'watt', 'trdmpak', 'covid'];kecewa plnbumn menolong meringankan beban biaya listrik tertama pelanggan rumah tngga berkode rm tingkat dapat  discon tingkat disebbkan covid rumah tgga terdampak pkai watt trdmpak covid;kecewa plnbumn tolong ringan beban biaya listrik tertama langgan rumah tngga kode rm tingkat dapat discon tingkat disebbkan covid rumah tgga dampak pkai watt trdmpak covid
810;Penerangan Keliling Bersatu Lawan Covid 19 Oleh Sat Lantas Polres Bone.;1.0;terang keliling satu lawan covid sat lantas polres bone;penerangan keliling bersatu lawan covid oleh sat lantas polres bone;['penerangan', 'keliling', 'bersatu', 'lawan', 'covid', 'oleh', 'sat', 'lantas', 'polres', 'bone'];['penerangan', 'keliling', 'bersatu', 'lawan', 'covid', 'oleh', 'sat', 'lantas', 'polres', 'bone'];['penerangan', 'keliling', 'bersatu', 'lawan', 'covid', 'sat', 'lantas', 'polres', 'bone'];penerangan keliling bersatu lawan covid sat lantas polres bone;terang keliling satu lawan covid sat lantas polres bone
811;AS ini diketahui adalah seorang anggota Jamaah Tabligh yang mengikuti Ijtima di Kabupaten Gowa dan saat ini menjadi cluster baru penyebaran Covid 19 karena juga mendatangkan peserta jamaah dari berbagai negara.;-1.0;as anggota jamaah tabligh ikut ijtima kabupaten gowa cluster sebar covid serta jamaah negara;as ini diketahui adalah seorang anggota jamaah tabligh yang mengikuti ijtima di kabupaten gowa dan saat ini menjadi cluster baru penyebaran covid karena juga mendatangkan peserta jamaah dari berbagai negara;['as', 'ini', 'diketahui', 'adalah', 'seorang', 'anggota', 'jamaah', 'tabligh', 'yang', 'mengikuti', 'ijtima', 'di', 'kabupaten', 'gowa', 'dan', 'saat', 'ini', 'menjadi', 'cluster', 'baru', 'penyebaran', 'covid', 'karena', 'juga', 'mendatangkan', 'peserta', 'jamaah', 'dari', 'berbagai', 'negara'];['as', 'ini', 'diketahui', 'adalah', 'seorang', 'anggota', 'jamaah', 'tabligh', 'yang', 'mengikuti', 'ijtima', 'di', 'kabupaten', 'gowa', 'dan', 'saat', 'ini', 'menjadi', 'cluster', 'baru', 'penyebaran', 'covid', 'karena', 'juga', 'mendatangkan', 'peserta', 'jamaah', 'dari', 'berbagai', 'negara'];['as', 'anggota', 'jamaah', 'tabligh', 'mengikuti', 'ijtima', 'kabupaten', 'gowa', 'cluster', 'penyebaran', 'covid', 'peserta', 'jamaah', 'negara'];as anggota jamaah tabligh mengikuti ijtima kabupaten gowa cluster penyebaran covid peserta jamaah negara;as anggota jamaah tabligh ikut ijtima kabupaten gowa cluster sebar covid serta jamaah negara
812;Kengen banget nonton badminton lagi kangen jantungan nonton badminton, kangen teriak2 ga jls karena lg nonton badminton huhu. Semoga pandemi covid-19 ini cepat berlalu.;1.0;kengen banget nonton badminton kangen jantung nonton badminton kangen teriak jls lg nonton badminton huhu moga pandemi covid cepat;kengen banget nonton badminton lagi kangen jantungan nonton badminton kangen teriak ga jls karena lg nonton badminton huhu semoga pandemi covid ini cepat berlalu;['kengen', 'banget', 'nonton', 'badminton', 'lagi', 'kangen', 'jantungan', 'nonton', 'badminton', 'kangen', 'teriak', 'ga', 'jls', 'karena', 'lg', 'nonton', 'badminton', 'huhu', 'semoga', 'pandemi', 'covid', 'ini', 'cepat', 'berlalu'];['kengen', 'banget', 'nonton', 'badminton', 'lagi', 'kangen', 'jantungan', 'nonton', 'badminton', 'kangen', 'teriak', 'tidak', 'jls', 'karena', 'lg', 'nonton', 'badminton', 'huhu', 'semoga', 'pandemi', 'covid', 'ini', 'cepat', 'berlalu'];['kengen', 'banget', 'nonton', 'badminton', 'kangen', 'jantungan', 'nonton', 'badminton', 'kangen', 'teriak', 'jls', 'lg', 'nonton', 'badminton', 'huhu', 'semoga', 'pandemi', 'covid', 'cepat'];kengen banget nonton badminton kangen jantungan nonton badminton kangen teriak jls lg nonton badminton huhu semoga pandemi covid cepat;kengen banget nonton badminton kangen jantung nonton badminton kangen teriak jls lg nonton badminton huhu moga pandemi covid cepat
813;Keluar rumah buat cari makan dan banyak yang berubah. Halte depan rumah yang selalu penuh sekarang nggak ada orang sama sekali. Proyek gedung yang selalu ramai sekarang sepi. Langit yang selalu kotor sekarang bersih COVID-19 changes everything.;1.0;rumah cari makan ubah halte rumah penuh nggak orang proyek gedung ramai sepi langit kotor bersih covid changes everything;keluar rumah buat cari makan dan banyak yang berubah halte depan rumah yang selalu penuh sekarang nggak ada orang sama sekali proyek gedung yang selalu ramai sekarang sepi langit yang selalu kotor sekarang bersih covid changes everything;['keluar', 'rumah', 'buat', 'cari', 'makan', 'dan', 'banyak', 'yang', 'berubah', 'halte', 'depan', 'rumah', 'yang', 'selalu', 'penuh', 'sekarang', 'nggak', 'ada', 'orang', 'sama', 'sekali', 'proyek', 'gedung', 'yang', 'selalu', 'ramai', 'sekarang', 'sepi', 'langit', 'yang', 'selalu', 'kotor', 'sekarang', 'bersih', 'covid', 'changes', 'everything'];['keluar', 'rumah', 'buat', 'cari', 'makan', 'dan', 'banyak', 'yang', 'berubah', 'halte', 'depan', 'rumah', 'yang', 'selalu', 'penuh', 'sekarang', 'nggak', 'ada', 'orang', 'sama', 'sekali', 'proyek', 'gedung', 'yang', 'selalu', 'ramai', 'sekarang', 'sepi', 'langit', 'yang', 'selalu', 'kotor', 'sekarang', 'bersih', 'covid', 'changes', 'everything'];['rumah', 'cari', 'makan', 'berubah', 'halte', 'rumah', 'penuh', 'nggak', 'orang', 'proyek', 'gedung', 'ramai', 'sepi', 'langit', 'kotor', 'bersih', 'covid', 'changes', 'everything'];rumah cari makan berubah halte rumah penuh nggak orang proyek gedung ramai sepi langit kotor bersih covid changes everything;rumah cari makan ubah halte rumah penuh nggak orang proyek gedung ramai sepi langit kotor bersih covid changes everything
814;Tiga kematian COVID-19 hari ini menjadikan jumlah kumulatif kes kematian sebanyak 73 kes.;-1.0;mati covid jadi kumulatif kes mati kes;tiga kematian covid hari ini menjadikan jumlah kumulatif kes kematian sebanyak kes;['tiga', 'kematian', 'covid', 'hari', 'ini', 'menjadikan', 'jumlah', 'kumulatif', 'kes', 'kematian', 'sebanyak', 'kes'];['tiga', 'kematian', 'covid', 'hari', 'ini', 'menjadikan', 'jumlah', 'kumulatif', 'kes', 'kematian', 'sebanyak', 'kes'];['kematian', 'covid', 'menjadikan', 'kumulatif', 'kes', 'kematian', 'kes'];kematian covid menjadikan kumulatif kes kematian kes;mati covid jadi kumulatif kes mati kes
815;Dalam penanganan pencegahan dan penyebaran Virus COVID-19, pemerintah memberikan fasilitas pajak untuk alat kesehatan dan pendukungnya. Apa saja fasilitasnya? Simak infografis berikut.;1.0;tangan cegah sebar virus covid perintah fasilitas pajak alat sehat dukung fasilitas simak infografis;dalam penanganan pencegahan dan penyebaran virus covid pemerintah memberikan fasilitas pajak untuk alat kesehatan dan pendukungnya apa saja fasilitasnya simak infografis berikut;['dalam', 'penanganan', 'pencegahan', 'dan', 'penyebaran', 'virus', 'covid', 'pemerintah', 'memberikan', 'fasilitas', 'pajak', 'untuk', 'alat', 'kesehatan', 'dan', 'pendukungnya', 'apa', 'saja', 'fasilitasnya', 'simak', 'infografis', 'berikut'];['dalam', 'penanganan', 'pencegahan', 'dan', 'penyebaran', 'virus', 'covid', 'pemerintah', 'memberikan', 'fasilitas', 'pajak', 'untuk', 'alat', 'kesehatan', 'dan', 'pendukungnya', 'apa', 'saja', 'fasilitasnya', 'simak', 'infografis', 'berikut'];['penanganan', 'pencegahan', 'penyebaran', 'virus', 'covid', 'pemerintah', 'fasilitas', 'pajak', 'alat', 'kesehatan', 'pendukungnya', 'fasilitasnya', 'simak', 'infografis'];penanganan pencegahan penyebaran virus covid pemerintah fasilitas pajak alat kesehatan pendukungnya fasilitasnya simak infografis;tangan cegah sebar virus covid perintah fasilitas pajak alat sehat dukung fasilitas simak infografis
816;Buntut Pasien Positif Covid-19 Grobogan Keluyuran ke Sragen, Pemkab Bakal Tes Semua Warga Yang Sempat Kontak di Jagongan Tanon dan Dokter yang Menangani!;0.0;buntut pasien positif covid grobogan keluyur sragen pemkab tes warga kontak jagongan tanon dokter tangan;buntut pasien positif covid grobogan keluyuran ke sragen pemkab bakal tes semua warga yang sempat kontak di jagongan tanon dan dokter yang menangani;['buntut', 'pasien', 'positif', 'covid', 'grobogan', 'keluyuran', 'ke', 'sragen', 'pemkab', 'bakal', 'tes', 'semua', 'warga', 'yang', 'sempat', 'kontak', 'di', 'jagongan', 'tanon', 'dan', 'dokter', 'yang', 'menangani'];['buntut', 'pasien', 'positif', 'covid', 'grobogan', 'keluyuran', 'ke', 'sragen', 'pemkab', 'bakal', 'tes', 'semua', 'warga', 'yang', 'sempat', 'kontak', 'di', 'jagongan', 'tanon', 'dan', 'dokter', 'yang', 'menangani'];['buntut', 'pasien', 'positif', 'covid', 'grobogan', 'keluyuran', 'sragen', 'pemkab', 'tes', 'warga', 'kontak', 'jagongan', 'tanon', 'dokter', 'menangani'];buntut pasien positif covid grobogan keluyuran sragen pemkab tes warga kontak jagongan tanon dokter menangani;buntut pasien positif covid grobogan keluyur sragen pemkab tes warga kontak jagongan tanon dokter tangan
817;"Fraksi Partai Gerindra DPR RI Memberikan Bantuan 5.000 APD dan 150.000 masker untuk disebarkan keRumah Sakit yang DiDaerah Rawan Covid 19 Seperti DKI Jakarta, Jawa Barat, Banten, Sumut dan Sul-sel  Alhamdulilah""";1.0;fraksi partai gerindra dpr bantu apd masker sebar rumah sakit daerah rawan covid dki jakarta jawa barat banten sumut sulsel syukur;fraksi partai gerindra dpr ri memberikan bantuan apd dan masker untuk disebarkan kerumah sakit yang didaerah rawan covid seperti dki jakarta jawa barat banten sumut dan sulsel alhamdulilah;['fraksi', 'partai', 'gerindra', 'dpr', 'ri', 'memberikan', 'bantuan', 'apd', 'dan', 'masker', 'untuk', 'disebarkan', 'kerumah', 'sakit', 'yang', 'didaerah', 'rawan', 'covid', 'seperti', 'dki', 'jakarta', 'jawa', 'barat', 'banten', 'sumut', 'dan', 'sulsel', 'alhamdulilah'];['fraksi', 'partai', 'gerindra', 'dpr', 'di', 'memberikan', 'bantuan', 'apd', 'dan', 'masker', 'untuk', 'disebarkan', 'kerumah', 'sakit', 'yang', 'didaerah', 'rawan', 'covid', 'seperti', 'dki', 'jakarta', 'jawa', 'barat', 'banten', 'sumut', 'dan', 'sulsel', 'syukur'];['fraksi', 'partai', 'gerindra', 'dpr', 'bantuan', 'apd', 'masker', 'disebarkan', 'kerumah', 'sakit', 'didaerah', 'rawan', 'covid', 'dki', 'jakarta', 'jawa', 'barat', 'banten', 'sumut', 'sulsel', 'syukur'];fraksi partai gerindra dpr bantuan apd masker disebarkan kerumah sakit didaerah rawan covid dki jakarta jawa barat banten sumut sulsel syukur;fraksi partai gerindra dpr bantu apd masker sebar rumah sakit daerah rawan covid dki jakarta jawa barat banten sumut sulsel syukur
818;Bright side from covid-19 situation: uda ga minum dan ngerokok lagi sebulan (semoga bs lanjut) biasa kalo buka puasa ramadhan bnykan di kantor atau ga bukber sama tmn2. Jrg bgt di rumah (smoga covid ilang pas ramadan) makes me realize family is the most important things;1.0;bright side from covid situation minum ngerokok bulan moga buka puasa ramadhan bnykan kantor bukber tmn jrg banget rumah moga covid ilang cocok ramadan makes realize family is the most important things;bright side from covid situation uda ga minum dan ngerokok lagi sebulan semoga bs lanjut biasa kalo buka puasa ramadhan bnykan di kantor atau ga bukber sama tmn jrg bgt di rumah smoga covid ilang pas ramadan makes me realize family is the most important things;['bright', 'side', 'from', 'covid', 'situation', 'uda', 'ga', 'minum', 'dan', 'ngerokok', 'lagi', 'sebulan', 'semoga', 'bs', 'lanjut', 'biasa', 'kalo', 'buka', 'puasa', 'ramadhan', 'bnykan', 'di', 'kantor', 'atau', 'ga', 'bukber', 'sama', 'tmn', 'jrg', 'bgt', 'di', 'rumah', 'smoga', 'covid', 'ilang', 'pas', 'ramadan', 'makes', 'me', 'realize', 'family', 'is', 'the', 'most', 'important', 'things'];['bright', 'side', 'from', 'covid', 'situation', 'sudah', 'tidak', 'minum', 'dan', 'ngerokok', 'lagi', 'sebulan', 'semoga', 'bisa', 'lanjut', 'biasa', 'kalau', 'buka', 'puasa', 'ramadhan', 'bnykan', 'di', 'kantor', 'atau', 'tidak', 'bukber', 'sama', 'tmn', 'jrg', 'banget', 'di', 'rumah', 'semoga', 'covid', 'ilang', 'cocok', 'ramadan', 'makes', 'saya', 'realize', 'family', 'is', 'the', 'most', 'important', 'things'];['bright', 'side', 'from', 'covid', 'situation', 'minum', 'ngerokok', 'sebulan', 'semoga', 'buka', 'puasa', 'ramadhan', 'bnykan', 'kantor', 'bukber', 'tmn', 'jrg', 'banget', 'rumah', 'semoga', 'covid', 'ilang', 'cocok', 'ramadan', 'makes', 'realize', 'family', 'is', 'the', 'most', 'important', 'things'];bright side from covid situation minum ngerokok sebulan semoga buka puasa ramadhan bnykan kantor bukber tmn jrg banget rumah semoga covid ilang cocok ramadan makes realize family is the most important things;bright side from covid situation minum ngerokok bulan moga buka puasa ramadhan bnykan kantor bukber tmn jrg banget rumah moga covid ilang cocok ramadan makes realize family is the most important things
819;Kejadian di semarang yang bikin sedih, seorang perawat yang ngurus pasien covid, meninggal. Kemudian jenazahnya ditolak 3 tempat oleh warga. Akhirnya dikembalikan ke rs. Dapet info langsung dari wali santri yang ibunya juga perawat pasien covid.;-1.0;jadi semarang sedih awat ngurus pasien covid tinggal jenazah tolak warga kembali rs info langsung wali santri ibu awat pasien covid;kejadian di semarang yang bikin sedih seorang perawat yang ngurus pasien covid meninggal kemudian jenazahnya ditolak tempat oleh warga akhirnya dikembalikan ke rs dapet info langsung dari wali santri yang ibunya juga perawat pasien covid;['kejadian', 'di', 'semarang', 'yang', 'bikin', 'sedih', 'seorang', 'perawat', 'yang', 'ngurus', 'pasien', 'covid', 'meninggal', 'kemudian', 'jenazahnya', 'ditolak', 'tempat', 'oleh', 'warga', 'akhirnya', 'dikembalikan', 'ke', 'rs', 'dapet', 'info', 'langsung', 'dari', 'wali', 'santri', 'yang', 'ibunya', 'juga', 'perawat', 'pasien', 'covid'];['kejadian', 'di', 'semarang', 'yang', 'membuat', 'sedih', 'seorang', 'perawat', 'yang', 'ngurus', 'pasien', 'covid', 'meninggal', 'kemudian', 'jenazahnya', 'ditolak', 'tempat', 'oleh', 'warga', 'akhirnya', 'dikembalikan', 'ke', 'rs', 'mendapat', 'info', 'langsung', 'dari', 'wali', 'santri', 'yang', 'ibunya', 'juga', 'perawat', 'pasien', 'covid'];['kejadian', 'semarang', 'sedih', 'perawat', 'ngurus', 'pasien', 'covid', 'meninggal', 'jenazahnya', 'ditolak', 'warga', 'dikembalikan', 'rs', 'info', 'langsung', 'wali', 'santri', 'ibunya', 'perawat', 'pasien', 'covid'];kejadian semarang sedih perawat ngurus pasien covid meninggal jenazahnya ditolak warga dikembalikan rs info langsung wali santri ibunya perawat pasien covid;jadi semarang sedih awat ngurus pasien covid tinggal jenazah tolak warga kembali rs info langsung wali santri ibu awat pasien covid
820;Menggunakan kajian perubatan berkaitan gunting rambut, tapi dalam masa yang sama memperlekehkan kadar infeksi/penyebaran Covid-19.;0.0;kaji ubat kait gunting rambut memperlekehkan kadar infeksipenyebaran covid;menggunakan kajian perubatan berkaitan gunting rambut tapi dalam masa yang sama memperlekehkan kadar infeksipenyebaran covid;['menggunakan', 'kajian', 'perubatan', 'berkaitan', 'gunting', 'rambut', 'tapi', 'dalam', 'masa', 'yang', 'sama', 'memperlekehkan', 'kadar', 'infeksipenyebaran', 'covid'];['menggunakan', 'kajian', 'perubatan', 'berkaitan', 'gunting', 'rambut', 'tapi', 'dalam', 'masa', 'yang', 'sama', 'memperlekehkan', 'kadar', 'infeksipenyebaran', 'covid'];['kajian', 'perubatan', 'berkaitan', 'gunting', 'rambut', 'memperlekehkan', 'kadar', 'infeksipenyebaran', 'covid'];kajian perubatan berkaitan gunting rambut memperlekehkan kadar infeksipenyebaran covid;kaji ubat kait gunting rambut memperlekehkan kadar infeksipenyebaran covid
821;Rapid yang ada sekarang mendeteksi antibodi tubuh kita bukan keberadaan virus dalam tubuh kita. Kalo gejala klinis dan pemeriksaan lab dicurigai covid tapi rapid negatif biasanya akan di rapid ulang hari ke 10 kalo ga salah. Pemeriksaan yang akurat ya swab, tapi ya gitu;0.0;rapid deteksi antibodi tubuh ada virus tubuh gejala klinis periksa lab curiga covid rapid negatif rapid ulang salah periksa akurat iya swab iya gitu;rapid yang ada sekarang mendeteksi antibodi tubuh kita bukan keberadaan virus dalam tubuh kita kalo gejala klinis dan pemeriksaan lab dicurigai covid tapi rapid negatif biasanya akan di rapid ulang hari ke kalo ga salah pemeriksaan yang akurat ya swab tapi ya gitu;['rapid', 'yang', 'ada', 'sekarang', 'mendeteksi', 'antibodi', 'tubuh', 'kita', 'bukan', 'keberadaan', 'virus', 'dalam', 'tubuh', 'kita', 'kalo', 'gejala', 'klinis', 'dan', 'pemeriksaan', 'lab', 'dicurigai', 'covid', 'tapi', 'rapid', 'negatif', 'biasanya', 'akan', 'di', 'rapid', 'ulang', 'hari', 'ke', 'kalo', 'ga', 'salah', 'pemeriksaan', 'yang', 'akurat', 'ya', 'swab', 'tapi', 'ya', 'gitu'];['rapid', 'yang', 'ada', 'sekarang', 'mendeteksi', 'antibodi', 'tubuh', 'kita', 'bukan', 'keberadaan', 'virus', 'dalam', 'tubuh', 'kita', 'kalau', 'gejala', 'klinis', 'dan', 'pemeriksaan', 'lab', 'dicurigai', 'covid', 'tapi', 'rapid', 'negatif', 'biasanya', 'akan', 'di', 'rapid', 'ulang', 'hari', 'ke', 'kalau', 'tidak', 'salah', 'pemeriksaan', 'yang', 'akurat', 'iya', 'swab', 'tapi', 'iya', 'gitu'];['rapid', 'mendeteksi', 'antibodi', 'tubuh', 'keberadaan', 'virus', 'tubuh', 'gejala', 'klinis', 'pemeriksaan', 'lab', 'dicurigai', 'covid', 'rapid', 'negatif', 'rapid', 'ulang', 'salah', 'pemeriksaan', 'akurat', 'iya', 'swab', 'iya', 'gitu'];rapid mendeteksi antibodi tubuh keberadaan virus tubuh gejala klinis pemeriksaan lab dicurigai covid rapid negatif rapid ulang salah pemeriksaan akurat iya swab iya gitu;rapid deteksi antibodi tubuh ada virus tubuh gejala klinis periksa lab curiga covid rapid negatif rapid ulang salah periksa akurat iya swab iya gitu
822;Api asmara yang dahulu pernah membara Semakin hangat bagai ciuman yang pertama Detak jantungku seakan ikut irama Karna terlena oleh pesona alunan covid dangdut~;-1.0;api asmara bara hangat cium detak jantung akan irama lena pesona alun covid dangdut;api asmara yang dahulu pernah membara semakin hangat bagai ciuman yang pertama detak jantungku seakan ikut irama karna terlena oleh pesona alunan covid dangdut;['api', 'asmara', 'yang', 'dahulu', 'pernah', 'membara', 'semakin', 'hangat', 'bagai', 'ciuman', 'yang', 'pertama', 'detak', 'jantungku', 'seakan', 'ikut', 'irama', 'karna', 'terlena', 'oleh', 'pesona', 'alunan', 'covid', 'dangdut'];['api', 'asmara', 'yang', 'dahulu', 'pernah', 'membara', 'semakin', 'hangat', 'bagai', 'ciuman', 'yang', 'pertama', 'detak', 'jantungku', 'seakan', 'ikut', 'irama', 'karena', 'terlena', 'oleh', 'pesona', 'alunan', 'covid', 'dangdut'];['api', 'asmara', 'membara', 'hangat', 'ciuman', 'detak', 'jantungku', 'seakan', 'irama', 'terlena', 'pesona', 'alunan', 'covid', 'dangdut'];api asmara membara hangat ciuman detak jantungku seakan irama terlena pesona alunan covid dangdut;api asmara bara hangat cium detak jantung akan irama lena pesona alun covid dangdut
823;Tak hanya sampai disitu saja, bawaslu Kabupaten Magetan juga memberi bantuan sembako dan masker. Kami harapkan apa yang kita berikan bisa bermanfaat dan membantu mengurangi beban masyarakat yang terdampak wabah covid 19, kata Hendrad.;1.0;situ bawaslu kabupaten magetan bantu sembako masker harap manfaat bantu kurang beban masyarakat dampak wabah covid hendrad;tak hanya sampai disitu saja bawaslu kabupaten magetan juga memberi bantuan sembako dan masker kami harapkan apa yang kita berikan bisa bermanfaat dan membantu mengurangi beban masyarakat yang terdampak wabah covid kata hendrad;['tak', 'hanya', 'sampai', 'disitu', 'saja', 'bawaslu', 'kabupaten', 'magetan', 'juga', 'memberi', 'bantuan', 'sembako', 'dan', 'masker', 'kami', 'harapkan', 'apa', 'yang', 'kita', 'berikan', 'bisa', 'bermanfaat', 'dan', 'membantu', 'mengurangi', 'beban', 'masyarakat', 'yang', 'terdampak', 'wabah', 'covid', 'kata', 'hendrad'];['tak', 'hanya', 'sampai', 'disitu', 'saja', 'bawaslu', 'kabupaten', 'magetan', 'juga', 'memberi', 'bantuan', 'sembako', 'dan', 'masker', 'kami', 'harapkan', 'apa', 'yang', 'kita', 'berikan', 'bisa', 'bermanfaat', 'dan', 'membantu', 'mengurangi', 'beban', 'masyarakat', 'yang', 'terdampak', 'wabah', 'covid', 'kata', 'hendrad'];['disitu', 'bawaslu', 'kabupaten', 'magetan', 'bantuan', 'sembako', 'masker', 'harapkan', 'bermanfaat', 'membantu', 'mengurangi', 'beban', 'masyarakat', 'terdampak', 'wabah', 'covid', 'hendrad'];disitu bawaslu kabupaten magetan bantuan sembako masker harapkan bermanfaat membantu mengurangi beban masyarakat terdampak wabah covid hendrad;situ bawaslu kabupaten magetan bantu sembako masker harap manfaat bantu kurang beban masyarakat dampak wabah covid hendrad
824;Puasa time PKP ni sendu sangat ke sebab tak boleh nak buka kt luar, tak dapat pergi bazar, tak dapat terawih dekat masjid ? Duduk je lah diam2 kat rumah, kang terkena covid-19 lagi sendu hidup kau tahu tak !! Mengada !!;-1.0;puasa time pkp sendu nak buka kt pergi bazar terawih masjid duduk je diam kat rumah kang kena covid sendu hidup kau ada;puasa time pkp ni sendu sangat ke sebab tak boleh nak buka kt luar tak dapat pergi bazar tak dapat terawih dekat masjid duduk je lah diam kat rumah kang terkena covid lagi sendu hidup kau tahu tak mengada;['puasa', 'time', 'pkp', 'ni', 'sendu', 'sangat', 'ke', 'sebab', 'tak', 'boleh', 'nak', 'buka', 'kt', 'luar', 'tak', 'dapat', 'pergi', 'bazar', 'tak', 'dapat', 'terawih', 'dekat', 'masjid', 'duduk', 'je', 'lah', 'diam', 'kat', 'rumah', 'kang', 'terkena', 'covid', 'lagi', 'sendu', 'hidup', 'kau', 'tahu', 'tak', 'mengada'];['puasa', 'time', 'pkp', 'ini', 'sendu', 'sangat', 'ke', 'sebab', 'tak', 'boleh', 'nak', 'buka', 'kt', 'luar', 'tak', 'dapat', 'pergi', 'bazar', 'tak', 'dapat', 'terawih', 'dekat', 'masjid', 'duduk', 'je', 'lah', 'diam', 'kat', 'rumah', 'kang', 'terkena', 'covid', 'lagi', 'sendu', 'hidup', 'kau', 'tahu', 'tak', 'mengada'];['puasa', 'time', 'pkp', 'sendu', 'nak', 'buka', 'kt', 'pergi', 'bazar', 'terawih', 'masjid', 'duduk', 'je', 'diam', 'kat', 'rumah', 'kang', 'terkena', 'covid', 'sendu', 'hidup', 'kau', 'mengada'];puasa time pkp sendu nak buka kt pergi bazar terawih masjid duduk je diam kat rumah kang terkena covid sendu hidup kau mengada;puasa time pkp sendu nak buka kt pergi bazar terawih masjid duduk je diam kat rumah kang kena covid sendu hidup kau ada
825;Antisipasi Penyebaran Covid-19, Ini Arahan Gubernur Jatim ;1.0;antisipasi sebar covid arah gubernur jatim;antisipasi penyebaran covid ini arahan gubernur jatim;['antisipasi', 'penyebaran', 'covid', 'ini', 'arahan', 'gubernur', 'jatim'];['antisipasi', 'penyebaran', 'covid', 'ini', 'arahan', 'gubernur', 'jatim'];['antisipasi', 'penyebaran', 'covid', 'arahan', 'gubernur', 'jatim'];antisipasi penyebaran covid arahan gubernur jatim;antisipasi sebar covid arah gubernur jatim
826;RM0 Talian sokongan emosi dan psikososial COVID-19 beroperasi setiap hari 8 pagi - 5 petang. Hubungi 011-63996482, 011-63994236 atau 03-29359935;1.0;rm tali sokong emosi psikososial covid operasi pagi petang hubung;rm talian sokongan emosi dan psikososial covid beroperasi setiap hari pagi petang hubungi atau;['rm', 'talian', 'sokongan', 'emosi', 'dan', 'psikososial', 'covid', 'beroperasi', 'setiap', 'hari', 'pagi', 'petang', 'hubungi', 'atau'];['rm', 'talian', 'sokongan', 'emosi', 'dan', 'psikososial', 'covid', 'beroperasi', 'setiap', 'hari', 'pagi', 'petang', 'hubungi', 'atau'];['rm', 'talian', 'sokongan', 'emosi', 'psikososial', 'covid', 'beroperasi', 'pagi', 'petang', 'hubungi'];rm talian sokongan emosi psikososial covid beroperasi pagi petang hubungi;rm tali sokong emosi psikososial covid operasi pagi petang hubung
827;Tgk betapa mudahnya droplet Covid-19 untuk merebak dalam kawasan tertutup. Peraturan mudah musim Covid-19 . 1kalau sakit, batuk jangan mengada2 nak keluar tempat org ramai. 2Elakkan dari menyentuh muka semasa berada di luar 3. Pakai mask semasa diluar dan cuci tangan;1.0;tgk betapa mudah droplet covid rebak kawasan tutup atur mudah musim covid sakit batuk ada nak orang ramai elak sentuh muka pakai mask luar cuci tangan;tgk betapa mudahnya droplet covid untuk merebak dalam kawasan tertutup peraturan mudah musim covid kalau sakit batuk jangan mengada nak keluar tempat org ramai elakkan dari menyentuh muka semasa berada di luar pakai mask semasa diluar dan cuci tangan;['tgk', 'betapa', 'mudahnya', 'droplet', 'covid', 'untuk', 'merebak', 'dalam', 'kawasan', 'tertutup', 'peraturan', 'mudah', 'musim', 'covid', 'kalau', 'sakit', 'batuk', 'jangan', 'mengada', 'nak', 'keluar', 'tempat', 'org', 'ramai', 'elakkan', 'dari', 'menyentuh', 'muka', 'semasa', 'berada', 'di', 'luar', 'pakai', 'mask', 'semasa', 'diluar', 'dan', 'cuci', 'tangan'];['tgk', 'betapa', 'mudahnya', 'droplet', 'covid', 'untuk', 'merebak', 'dalam', 'kawasan', 'tertutup', 'peraturan', 'mudah', 'musim', 'covid', 'kalau', 'sakit', 'batuk', 'jangan', 'mengada', 'nak', 'keluar', 'tempat', 'orang', 'ramai', 'elakkan', 'dari', 'menyentuh', 'muka', 'semasa', 'berada', 'di', 'luar', 'pakai', 'mask', 'semasa', 'diluar', 'dan', 'cuci', 'tangan'];['tgk', 'betapa', 'mudahnya', 'droplet', 'covid', 'merebak', 'kawasan', 'tertutup', 'peraturan', 'mudah', 'musim', 'covid', 'sakit', 'batuk', 'mengada', 'nak', 'orang', 'ramai', 'elakkan', 'menyentuh', 'muka', 'pakai', 'mask', 'diluar', 'cuci', 'tangan'];tgk betapa mudahnya droplet covid merebak kawasan tertutup peraturan mudah musim covid sakit batuk mengada nak orang ramai elakkan menyentuh muka pakai mask diluar cuci tangan;tgk betapa mudah droplet covid rebak kawasan tutup atur mudah musim covid sakit batuk ada nak orang ramai elak sentuh muka pakai mask luar cuci tangan
828;"Achmad Yurianto: ""Tetap menjaga jarak pada saat kontak sosial, hindari kerumunan, hindari pertemuan-pertemuan yang menghadirkan banyak orang, ini penting untuk mencegah penularan Covid-19"" ";1.0;achmad yurianto jaga jarak kontak sosial hindar kerumun hindar pertemuanpertemuan hadir orang cegah tular covid;achmad yurianto tetap menjaga jarak pada saat kontak sosial hindari kerumunan hindari pertemuanpertemuan yang menghadirkan banyak orang ini penting untuk mencegah penularan covid;['achmad', 'yurianto', 'tetap', 'menjaga', 'jarak', 'pada', 'saat', 'kontak', 'sosial', 'hindari', 'kerumunan', 'hindari', 'pertemuanpertemuan', 'yang', 'menghadirkan', 'banyak', 'orang', 'ini', 'penting', 'untuk', 'mencegah', 'penularan', 'covid'];['achmad', 'yurianto', 'tetap', 'menjaga', 'jarak', 'pada', 'saat', 'kontak', 'sosial', 'hindari', 'kerumunan', 'hindari', 'pertemuanpertemuan', 'yang', 'menghadirkan', 'banyak', 'orang', 'ini', 'penting', 'untuk', 'mencegah', 'penularan', 'covid'];['achmad', 'yurianto', 'menjaga', 'jarak', 'kontak', 'sosial', 'hindari', 'kerumunan', 'hindari', 'pertemuanpertemuan', 'menghadirkan', 'orang', 'mencegah', 'penularan', 'covid'];achmad yurianto menjaga jarak kontak sosial hindari kerumunan hindari pertemuanpertemuan menghadirkan orang mencegah penularan covid;achmad yurianto jaga jarak kontak sosial hindar kerumun hindar pertemuanpertemuan hadir orang cegah tular covid
829;Sepertinya Anak Krakatau mengalami gejala covid-19;-1.0;anak krakatau alami gejala covid;sepertinya anak krakatau mengalami gejala covid;['sepertinya', 'anak', 'krakatau', 'mengalami', 'gejala', 'covid'];['sepertinya', 'anak', 'krakatau', 'mengalami', 'gejala', 'covid'];['anak', 'krakatau', 'mengalami', 'gejala', 'covid'];anak krakatau mengalami gejala covid;anak krakatau alami gejala covid
830;Kaya covid-19 aja yg lagi terkenal;-1.0;kaya covid kenal;kaya covid aja yg lagi terkenal;['kaya', 'covid', 'aja', 'yg', 'lagi', 'terkenal'];['kaya', 'covid', 'saja', 'yang', 'lagi', 'terkenal'];['kaya', 'covid', 'terkenal'];kaya covid terkenal;kaya covid kenal
831;Cegah Covid-19 dengan tetap Di Rumah Ajah;1.0;cegah covid rumah ajah;cegah covid dengan tetap di rumah ajah;['cegah', 'covid', 'dengan', 'tetap', 'di', 'rumah', 'ajah'];['cegah', 'covid', 'dengan', 'tetap', 'di', 'rumah', 'ajah'];['cegah', 'covid', 'rumah', 'ajah'];cegah covid rumah ajah;cegah covid rumah ajah
832;Mantaaap Polda Jateng proses tiga pelaku penolak pemakaman jenazah COVID-19 Sudah kami amankan tiga orang yang diduga memprovokasi warga untuk menolak pemakaman jenazah tersebut,;1.0;mantaaap polda jateng proses laku tolak makam jenazah covid aman orang duga provokasi warga tolak makam jenazah;mantaaap polda jateng proses tiga pelaku penolak pemakaman jenazah covid sudah kami amankan tiga orang yang diduga memprovokasi warga untuk menolak pemakaman jenazah tersebut;['mantaaap', 'polda', 'jateng', 'proses', 'tiga', 'pelaku', 'penolak', 'pemakaman', 'jenazah', 'covid', 'sudah', 'kami', 'amankan', 'tiga', 'orang', 'yang', 'diduga', 'memprovokasi', 'warga', 'untuk', 'menolak', 'pemakaman', 'jenazah', 'tersebut'];['mantaaap', 'polda', 'jateng', 'proses', 'tiga', 'pelaku', 'penolak', 'pemakaman', 'jenazah', 'covid', 'sudah', 'kami', 'amankan', 'tiga', 'orang', 'yang', 'diduga', 'memprovokasi', 'warga', 'untuk', 'menolak', 'pemakaman', 'jenazah', 'tersebut'];['mantaaap', 'polda', 'jateng', 'proses', 'pelaku', 'penolak', 'pemakaman', 'jenazah', 'covid', 'amankan', 'orang', 'diduga', 'memprovokasi', 'warga', 'menolak', 'pemakaman', 'jenazah'];mantaaap polda jateng proses pelaku penolak pemakaman jenazah covid amankan orang diduga memprovokasi warga menolak pemakaman jenazah;mantaaap polda jateng proses laku tolak makam jenazah covid aman orang duga provokasi warga tolak makam jenazah
833;Apa hubungan covid 19 dgn pandemi2 lainnya? Apa yang dapat disimpulkan dari peristiwa pandemi yg pernah terjadi di dunia termasuk covid 19? Apa hikmah covid 19 yg bisa diambil utk masa mendatang?;0.0;hubung covid pandemi simpul peristiwa pandemi dunia covid hikmah covid ambil;apa hubungan covid dgn pandemi lainnya apa yang dapat disimpulkan dari peristiwa pandemi yg pernah terjadi di dunia termasuk covid apa hikmah covid yg bisa diambil utk masa mendatang;['apa', 'hubungan', 'covid', 'dgn', 'pandemi', 'lainnya', 'apa', 'yang', 'dapat', 'disimpulkan', 'dari', 'peristiwa', 'pandemi', 'yg', 'pernah', 'terjadi', 'di', 'dunia', 'termasuk', 'covid', 'apa', 'hikmah', 'covid', 'yg', 'bisa', 'diambil', 'utk', 'masa', 'mendatang'];['apa', 'hubungan', 'covid', 'dengan', 'pandemi', 'lainnya', 'apa', 'yang', 'dapat', 'disimpulkan', 'dari', 'peristiwa', 'pandemi', 'yang', 'pernah', 'terjadi', 'di', 'dunia', 'termasuk', 'covid', 'apa', 'hikmah', 'covid', 'yang', 'bisa', 'diambil', 'untuk', 'masa', 'mendatang'];['hubungan', 'covid', 'pandemi', 'disimpulkan', 'peristiwa', 'pandemi', 'dunia', 'covid', 'hikmah', 'covid', 'diambil'];hubungan covid pandemi disimpulkan peristiwa pandemi dunia covid hikmah covid diambil;hubung covid pandemi simpul peristiwa pandemi dunia covid hikmah covid ambil
834;Sumbang barangan keperluan serta risalah COVID-19;1.0;sumbang barangan perlu risalah covid;sumbang barangan keperluan serta risalah covid;['sumbang', 'barangan', 'keperluan', 'serta', 'risalah', 'covid'];['sumbang', 'barangan', 'keperluan', 'serta', 'risalah', 'covid'];['sumbang', 'barangan', 'keperluan', 'risalah', 'covid'];sumbang barangan keperluan risalah covid;sumbang barangan perlu risalah covid
835;Sehat-sehat mas. Semoga covid ini lekas usai agar ekonomi pulih kembali;1.0;sehatsehat mas moga covid lekas ekonomi pulih;sehatsehat mas semoga covid ini lekas usai agar ekonomi pulih kembali;['sehatsehat', 'mas', 'semoga', 'covid', 'ini', 'lekas', 'usai', 'agar', 'ekonomi', 'pulih', 'kembali'];['sehatsehat', 'mas', 'semoga', 'covid', 'ini', 'lekas', 'usai', 'agar', 'ekonomi', 'pulih', 'kembali'];['sehatsehat', 'mas', 'semoga', 'covid', 'lekas', 'ekonomi', 'pulih'];sehatsehat mas semoga covid lekas ekonomi pulih;sehatsehat mas moga covid lekas ekonomi pulih
836;w tu kadang suka ketawa ngeliat org Indo yg ngetwit dgn nada2 seolah SG salah/kelabakan menangani covid, smntr dianya gatau keseharian di SG, stay jg di Indo, yg juga nggak lebih baik dlm penanganan covid.tp yaudahlah ya, biarin aja kalo bs bikin dia feel better, kasian;0.0;w kadang suka ketawa ngeliat orang indo ngetwit nada sg salahkelabakan tangan covid smntr dia gatau hari sg stay jg indo nggak tangan covidtp yaudahlah iya biarin feel better kasihan;w tu kadang suka ketawa ngeliat org indo yg ngetwit dgn nada seolah sg salahkelabakan menangani covid smntr dianya gatau keseharian di sg stay jg di indo yg juga nggak lebih baik dlm penanganan covidtp yaudahlah ya biarin aja kalo bs bikin dia feel better kasian;['w', 'tu', 'kadang', 'suka', 'ketawa', 'ngeliat', 'org', 'indo', 'yg', 'ngetwit', 'dgn', 'nada', 'seolah', 'sg', 'salahkelabakan', 'menangani', 'covid', 'smntr', 'dianya', 'gatau', 'keseharian', 'di', 'sg', 'stay', 'jg', 'di', 'indo', 'yg', 'juga', 'nggak', 'lebih', 'baik', 'dlm', 'penanganan', 'covidtp', 'yaudahlah', 'ya', 'biarin', 'aja', 'kalo', 'bs', 'bikin', 'dia', 'feel', 'better', 'kasian'];['w', 'itu', 'kadang', 'suka', 'ketawa', 'ngeliat', 'orang', 'indo', 'yang', 'ngetwit', 'dengan', 'nada', 'seolah', 'sg', 'salahkelabakan', 'menangani', 'covid', 'smntr', 'dianya', 'gatau', 'keseharian', 'di', 'sg', 'stay', 'jg', 'di', 'indo', 'yang', 'juga', 'nggak', 'lebih', 'baik', 'dalam', 'penanganan', 'covidtp', 'yaudahlah', 'iya', 'biarin', 'saja', 'kalau', 'bisa', 'membuat', 'dia', 'feel', 'better', 'kasihan'];['w', 'kadang', 'suka', 'ketawa', 'ngeliat', 'orang', 'indo', 'ngetwit', 'nada', 'sg', 'salahkelabakan', 'menangani', 'covid', 'smntr', 'dianya', 'gatau', 'keseharian', 'sg', 'stay', 'jg', 'indo', 'nggak', 'penanganan', 'covidtp', 'yaudahlah', 'iya', 'biarin', 'feel', 'better', 'kasihan'];w kadang suka ketawa ngeliat orang indo ngetwit nada sg salahkelabakan menangani covid smntr dianya gatau keseharian sg stay jg indo nggak penanganan covidtp yaudahlah iya biarin feel better kasihan;w kadang suka ketawa ngeliat orang indo ngetwit nada sg salahkelabakan tangan covid smntr dia gatau hari sg stay jg indo nggak tangan covidtp yaudahlah iya biarin feel better kasihan
837;Di tengah masa darurat COVID-19, KUA Tamalate, Makassar tetap memberikan layanan menikahkan pasangan suami-istri di kantornya.;1.0;darurat covid kua tamalate makassar layan nikah pasang suamiistri kantor;di tengah masa darurat covid kua tamalate makassar tetap memberikan layanan menikahkan pasangan suamiistri di kantornya;['di', 'tengah', 'masa', 'darurat', 'covid', 'kua', 'tamalate', 'makassar', 'tetap', 'memberikan', 'layanan', 'menikahkan', 'pasangan', 'suamiistri', 'di', 'kantornya'];['di', 'tengah', 'masa', 'darurat', 'covid', 'kua', 'tamalate', 'makassar', 'tetap', 'memberikan', 'layanan', 'menikahkan', 'pasangan', 'suamiistri', 'di', 'kantornya'];['darurat', 'covid', 'kua', 'tamalate', 'makassar', 'layanan', 'menikahkan', 'pasangan', 'suamiistri', 'kantornya'];darurat covid kua tamalate makassar layanan menikahkan pasangan suamiistri kantornya;darurat covid kua tamalate makassar layan nikah pasang suamiistri kantor
838;Kerjasama Pengadaan Obat COVID-19 Indonesia dengan Jepang dan India - Pusat Siaran Pers Indonesia -;1.0;kerjasama ada obat covid indonesia jepang india pusat siar pers indonesia;kerjasama pengadaan obat covid indonesia dengan jepang dan india pusat siaran pers indonesia;['kerjasama', 'pengadaan', 'obat', 'covid', 'indonesia', 'dengan', 'jepang', 'dan', 'india', 'pusat', 'siaran', 'pers', 'indonesia'];['kerjasama', 'pengadaan', 'obat', 'covid', 'indonesia', 'dengan', 'jepang', 'dan', 'india', 'pusat', 'siaran', 'pers', 'indonesia'];['kerjasama', 'pengadaan', 'obat', 'covid', 'indonesia', 'jepang', 'india', 'pusat', 'siaran', 'pers', 'indonesia'];kerjasama pengadaan obat covid indonesia jepang india pusat siaran pers indonesia;kerjasama ada obat covid indonesia jepang india pusat siar pers indonesia
839;Covid-19: 224 anggota KKM positif setakat 10 April 2020;0.0;covid anggota kkm positif takat april;covid anggota kkm positif setakat april;['covid', 'anggota', 'kkm', 'positif', 'setakat', 'april'];['covid', 'anggota', 'kkm', 'positif', 'setakat', 'april'];['covid', 'anggota', 'kkm', 'positif', 'setakat', 'april'];covid anggota kkm positif setakat april;covid anggota kkm positif takat april
840;Operasi Nyahkuman Di Sekitar Pekan Simunjan Cegah Penularan Covid-19. Dapatkan Berita Penuh Di FB :;1.0;operasi nyahkuman pekan simunjan cegah tular covid dapat berita penuh fb;operasi nyahkuman di sekitar pekan simunjan cegah penularan covid dapatkan berita penuh di fb;['operasi', 'nyahkuman', 'di', 'sekitar', 'pekan', 'simunjan', 'cegah', 'penularan', 'covid', 'dapatkan', 'berita', 'penuh', 'di', 'fb'];['operasi', 'nyahkuman', 'di', 'sekitar', 'pekan', 'simunjan', 'cegah', 'penularan', 'covid', 'dapatkan', 'berita', 'penuh', 'di', 'fb'];['operasi', 'nyahkuman', 'pekan', 'simunjan', 'cegah', 'penularan', 'covid', 'dapatkan', 'berita', 'penuh', 'fb'];operasi nyahkuman pekan simunjan cegah penularan covid dapatkan berita penuh fb;operasi nyahkuman pekan simunjan cegah tular covid dapat berita penuh fb
841;Penumpang Gelap Bernama Covid-19;0.0;tumpang gelap nama covid;penumpang gelap bernama covid;['penumpang', 'gelap', 'bernama', 'covid'];['penumpang', 'gelap', 'bernama', 'covid'];['penumpang', 'gelap', 'bernama', 'covid'];penumpang gelap bernama covid;tumpang gelap nama covid
842;Patroli Dialogis personil Polsek palu utara melaksanaka giat patroli himbauan dan bagi selebaran maklumat Kapolri tentang bahaya dan cara menangkal penyebaran Wabah Virus Corona atau covid-19 di swalayan,pasar dan spbu,Kegiatan ini rutin dilakukan oleh Polsek Palu utara;1.0;patroli dialogis personil polsek palu utara melaksanaka giat patroli himbauan selebaran maklumat kapolri bahaya tangkal sebar wabah virus corona covid swalayanpasar spbukegiatan rutin polsek palu utara;patroli dialogis personil polsek palu utara melaksanaka giat patroli himbauan dan bagi selebaran maklumat kapolri tentang bahaya dan cara menangkal penyebaran wabah virus corona atau covid di swalayanpasar dan spbukegiatan ini rutin dilakukan oleh polsek palu utara;['patroli', 'dialogis', 'personil', 'polsek', 'palu', 'utara', 'melaksanaka', 'giat', 'patroli', 'himbauan', 'dan', 'bagi', 'selebaran', 'maklumat', 'kapolri', 'tentang', 'bahaya', 'dan', 'cara', 'menangkal', 'penyebaran', 'wabah', 'virus', 'corona', 'atau', 'covid', 'di', 'swalayanpasar', 'dan', 'spbukegiatan', 'ini', 'rutin', 'dilakukan', 'oleh', 'polsek', 'palu', 'utara'];['patroli', 'dialogis', 'personil', 'polsek', 'palu', 'utara', 'melaksanaka', 'giat', 'patroli', 'himbauan', 'dan', 'bagi', 'selebaran', 'maklumat', 'kapolri', 'tentang', 'bahaya', 'dan', 'cara', 'menangkal', 'penyebaran', 'wabah', 'virus', 'corona', 'atau', 'covid', 'di', 'swalayanpasar', 'dan', 'spbukegiatan', 'ini', 'rutin', 'dilakukan', 'oleh', 'polsek', 'palu', 'utara'];['patroli', 'dialogis', 'personil', 'polsek', 'palu', 'utara', 'melaksanaka', 'giat', 'patroli', 'himbauan', 'selebaran', 'maklumat', 'kapolri', 'bahaya', 'menangkal', 'penyebaran', 'wabah', 'virus', 'corona', 'covid', 'swalayanpasar', 'spbukegiatan', 'rutin', 'polsek', 'palu', 'utara'];patroli dialogis personil polsek palu utara melaksanaka giat patroli himbauan selebaran maklumat kapolri bahaya menangkal penyebaran wabah virus corona covid swalayanpasar spbukegiatan rutin polsek palu utara;patroli dialogis personil polsek palu utara melaksanaka giat patroli himbauan selebaran maklumat kapolri bahaya tangkal sebar wabah virus corona covid swalayanpasar spbukegiatan rutin polsek palu utara
843;UPDATE tanggal 11 April 2020: Indonesia mengumumkan 330 Orang kasus baru COVID-19  Total: 3.842 Orang Dalam perawatan: 3.229 Orang Sembuh: 286 Orang (+4) Meninggal dunia: 327 Orang (+21);0.0;update tanggal april indonesia umum orang covid total orang awat orang sembuh orang tinggal dunia orang;update tanggal april indonesia mengumumkan orang kasus baru covid total orang dalam perawatan orang sembuh orang meninggal dunia orang;['update', 'tanggal', 'april', 'indonesia', 'mengumumkan', 'orang', 'kasus', 'baru', 'covid', 'total', 'orang', 'dalam', 'perawatan', 'orang', 'sembuh', 'orang', 'meninggal', 'dunia', 'orang'];['update', 'tanggal', 'april', 'indonesia', 'mengumumkan', 'orang', 'kasus', 'baru', 'covid', 'total', 'orang', 'dalam', 'perawatan', 'orang', 'sembuh', 'orang', 'meninggal', 'dunia', 'orang'];['update', 'tanggal', 'april', 'indonesia', 'mengumumkan', 'orang', 'covid', 'total', 'orang', 'perawatan', 'orang', 'sembuh', 'orang', 'meninggal', 'dunia', 'orang'];update tanggal april indonesia mengumumkan orang covid total orang perawatan orang sembuh orang meninggal dunia orang;update tanggal april indonesia umum orang covid total orang awat orang sembuh orang tinggal dunia orang
844;jokowi: Pembatasan sosial dan protokol kesehatan yang ketat sudah kita terapkan untuk mengendalikan penyebaran Covid-19. Sementara, untuk mengurangi dampak perekonomian yang mengikutinya, pemerintah mengeluarkan paket insentif ekonomi: untuk warga,;1.0;jokowi batas sosial protokol sehat ketat terap kendali sebar covid kurang dampak ekonomi ikut perintah keluar paket insentif ekonomi warga;jokowi pembatasan sosial dan protokol kesehatan yang ketat sudah kita terapkan untuk mengendalikan penyebaran covid sementara untuk mengurangi dampak perekonomian yang mengikutinya pemerintah mengeluarkan paket insentif ekonomi untuk warga;['jokowi', 'pembatasan', 'sosial', 'dan', 'protokol', 'kesehatan', 'yang', 'ketat', 'sudah', 'kita', 'terapkan', 'untuk', 'mengendalikan', 'penyebaran', 'covid', 'sementara', 'untuk', 'mengurangi', 'dampak', 'perekonomian', 'yang', 'mengikutinya', 'pemerintah', 'mengeluarkan', 'paket', 'insentif', 'ekonomi', 'untuk', 'warga'];['jokowi', 'pembatasan', 'sosial', 'dan', 'protokol', 'kesehatan', 'yang', 'ketat', 'sudah', 'kita', 'terapkan', 'untuk', 'mengendalikan', 'penyebaran', 'covid', 'sementara', 'untuk', 'mengurangi', 'dampak', 'perekonomian', 'yang', 'mengikutinya', 'pemerintah', 'mengeluarkan', 'paket', 'insentif', 'ekonomi', 'untuk', 'warga'];['jokowi', 'pembatasan', 'sosial', 'protokol', 'kesehatan', 'ketat', 'terapkan', 'mengendalikan', 'penyebaran', 'covid', 'mengurangi', 'dampak', 'perekonomian', 'mengikutinya', 'pemerintah', 'mengeluarkan', 'paket', 'insentif', 'ekonomi', 'warga'];jokowi pembatasan sosial protokol kesehatan ketat terapkan mengendalikan penyebaran covid mengurangi dampak perekonomian mengikutinya pemerintah mengeluarkan paket insentif ekonomi warga;jokowi batas sosial protokol sehat ketat terap kendali sebar covid kurang dampak ekonomi ikut perintah keluar paket insentif ekonomi warga
845;Ada 349 Posko Covid-19 Berdiri di Sidoarjo, Dilengkapi Fasilitas Alat Kesehatan dan APD;1.0;posko covid diri sidoarjo lengkap fasilitas alat sehat apd;ada posko covid berdiri di sidoarjo dilengkapi fasilitas alat kesehatan dan apd;['ada', 'posko', 'covid', 'berdiri', 'di', 'sidoarjo', 'dilengkapi', 'fasilitas', 'alat', 'kesehatan', 'dan', 'apd'];['ada', 'posko', 'covid', 'berdiri', 'di', 'sidoarjo', 'dilengkapi', 'fasilitas', 'alat', 'kesehatan', 'dan', 'apd'];['posko', 'covid', 'berdiri', 'sidoarjo', 'dilengkapi', 'fasilitas', 'alat', 'kesehatan', 'apd'];posko covid berdiri sidoarjo dilengkapi fasilitas alat kesehatan apd;posko covid diri sidoarjo lengkap fasilitas alat sehat apd
846;"Ketika dapet obat methylprednisolone dan cefixime. Ingin rasanya tidak minum itu tapi dokter langsung bilang ""Minumnya de biar cespleng, wayahna bisi disangka covid mun gohgoy wae. Jangan lupa minum air anget kalo bisa 2,5 - 3 L"". Akhirnya minum obat dewa dan bom itu ";0.0;obat methylprednisolone cefixime minum dokter langsung bilang minum de biar cespleng wayahna bis sangka covid mun gohgoy wae lupa minum air anget l minum obat dewa bom;ketika dapet obat methylprednisolone dan cefixime ingin rasanya tidak minum itu tapi dokter langsung bilang minumnya de biar cespleng wayahna bisi disangka covid mun gohgoy wae jangan lupa minum air anget kalo bisa l akhirnya minum obat dewa dan bom itu;['ketika', 'dapet', 'obat', 'methylprednisolone', 'dan', 'cefixime', 'ingin', 'rasanya', 'tidak', 'minum', 'itu', 'tapi', 'dokter', 'langsung', 'bilang', 'minumnya', 'de', 'biar', 'cespleng', 'wayahna', 'bisi', 'disangka', 'covid', 'mun', 'gohgoy', 'wae', 'jangan', 'lupa', 'minum', 'air', 'anget', 'kalo', 'bisa', 'l', 'akhirnya', 'minum', 'obat', 'dewa', 'dan', 'bom', 'itu'];['ketika', 'mendapat', 'obat', 'methylprednisolone', 'dan', 'cefixime', 'ingin', 'rasanya', 'tidak', 'minum', 'itu', 'tapi', 'dokter', 'langsung', 'bilang', 'minumnya', 'de', 'biar', 'cespleng', 'wayahna', 'bisi', 'disangka', 'covid', 'mun', 'gohgoy', 'wae', 'jangan', 'lupa', 'minum', 'air', 'anget', 'kalau', 'bisa', 'l', 'akhirnya', 'minum', 'obat', 'dewa', 'dan', 'bom', 'itu'];['obat', 'methylprednisolone', 'cefixime', 'minum', 'dokter', 'langsung', 'bilang', 'minumnya', 'de', 'biar', 'cespleng', 'wayahna', 'bisi', 'disangka', 'covid', 'mun', 'gohgoy', 'wae', 'lupa', 'minum', 'air', 'anget', 'l', 'minum', 'obat', 'dewa', 'bom'];obat methylprednisolone cefixime minum dokter langsung bilang minumnya de biar cespleng wayahna bisi disangka covid mun gohgoy wae lupa minum air anget l minum obat dewa bom;obat methylprednisolone cefixime minum dokter langsung bilang minum de biar cespleng wayahna bis sangka covid mun gohgoy wae lupa minum air anget l minum obat dewa bom
847;Sobat KUKM tahukah anda bahwa Rapat Anggota Koperasi dapat dilaksanakan melalui media online maupun secara tertulis? Di saat maraknya penyebaran Virus Covid-19 ini Koperasi tetap dapat melaksanakan RAT dengan secara;0.0;sobat kukm tahu rapat anggota koperasi laksana media online tulis marak sebar virus covid koperasi laksana rat;sobat kukm tahukah anda bahwa rapat anggota koperasi dapat dilaksanakan melalui media online maupun secara tertulis di saat maraknya penyebaran virus covid ini koperasi tetap dapat melaksanakan rat dengan secara;['sobat', 'kukm', 'tahukah', 'anda', 'bahwa', 'rapat', 'anggota', 'koperasi', 'dapat', 'dilaksanakan', 'melalui', 'media', 'online', 'maupun', 'secara', 'tertulis', 'di', 'saat', 'maraknya', 'penyebaran', 'virus', 'covid', 'ini', 'koperasi', 'tetap', 'dapat', 'melaksanakan', 'rat', 'dengan', 'secara'];['sobat', 'kukm', 'tahukah', 'anda', 'bahwa', 'rapat', 'anggota', 'koperasi', 'dapat', 'dilaksanakan', 'melalui', 'media', 'online', 'maupun', 'secara', 'tertulis', 'di', 'saat', 'maraknya', 'penyebaran', 'virus', 'covid', 'ini', 'koperasi', 'tetap', 'dapat', 'melaksanakan', 'rat', 'dengan', 'secara'];['sobat', 'kukm', 'tahukah', 'rapat', 'anggota', 'koperasi', 'dilaksanakan', 'media', 'online', 'tertulis', 'maraknya', 'penyebaran', 'virus', 'covid', 'koperasi', 'melaksanakan', 'rat'];sobat kukm tahukah rapat anggota koperasi dilaksanakan media online tertulis maraknya penyebaran virus covid koperasi melaksanakan rat;sobat kukm tahu rapat anggota koperasi laksana media online tulis marak sebar virus covid koperasi laksana rat
848;EGOIS Bgm kondisi terkini negara adidaya AS stlh diserang virus corona? Rupanya pmerintah AS smkin mmprlihatkan wjh asli. Sikap egois bgitu nyta ditunjukkan bhkn kpd negara tetangga yg tlh brjasa mnyelamatkannya dr msa sulit akibat pandemi COVID-19. ;0.0;egois bgm kondisi kini negara adidaya as serang virus corona pmerintah as smkin mmprlihatkan wjh asli sikap egois bgitu nyta bhkn negara tetangga brjasa mnyelamatkannya msa sulit akibat pandemi covid;egois bgm kondisi terkini negara adidaya as stlh diserang virus corona rupanya pmerintah as smkin mmprlihatkan wjh asli sikap egois bgitu nyta ditunjukkan bhkn kpd negara tetangga yg tlh brjasa mnyelamatkannya dr msa sulit akibat pandemi covid;['egois', 'bgm', 'kondisi', 'terkini', 'negara', 'adidaya', 'as', 'stlh', 'diserang', 'virus', 'corona', 'rupanya', 'pmerintah', 'as', 'smkin', 'mmprlihatkan', 'wjh', 'asli', 'sikap', 'egois', 'bgitu', 'nyta', 'ditunjukkan', 'bhkn', 'kpd', 'negara', 'tetangga', 'yg', 'tlh', 'brjasa', 'mnyelamatkannya', 'dr', 'msa', 'sulit', 'akibat', 'pandemi', 'covid'];['egois', 'bgm', 'kondisi', 'terkini', 'negara', 'adidaya', 'as', 'setelah', 'diserang', 'virus', 'corona', 'rupanya', 'pmerintah', 'as', 'smkin', 'mmprlihatkan', 'wjh', 'asli', 'sikap', 'egois', 'bgitu', 'nyta', 'ditunjukkan', 'bhkn', 'kepada', 'negara', 'tetangga', 'yang', 'telah', 'brjasa', 'mnyelamatkannya', 'dari', 'msa', 'sulit', 'akibat', 'pandemi', 'covid'];['egois', 'bgm', 'kondisi', 'terkini', 'negara', 'adidaya', 'as', 'diserang', 'virus', 'corona', 'pmerintah', 'as', 'smkin', 'mmprlihatkan', 'wjh', 'asli', 'sikap', 'egois', 'bgitu', 'nyta', 'bhkn', 'negara', 'tetangga', 'brjasa', 'mnyelamatkannya', 'msa', 'sulit', 'akibat', 'pandemi', 'covid'];egois bgm kondisi terkini negara adidaya as diserang virus corona pmerintah as smkin mmprlihatkan wjh asli sikap egois bgitu nyta bhkn negara tetangga brjasa mnyelamatkannya msa sulit akibat pandemi covid;egois bgm kondisi kini negara adidaya as serang virus corona pmerintah as smkin mmprlihatkan wjh asli sikap egois bgitu nyta bhkn negara tetangga brjasa mnyelamatkannya msa sulit akibat pandemi covid
849;punya teman yang usahanya terdampak covid dan PSBB? mungkin ini bisa membantu;0.0;teman usaha dampak covid psbb bantu;punya teman yang usahanya terdampak covid dan psbb mungkin ini bisa membantu;['punya', 'teman', 'yang', 'usahanya', 'terdampak', 'covid', 'dan', 'psbb', 'mungkin', 'ini', 'bisa', 'membantu'];['punya', 'teman', 'yang', 'usahanya', 'terdampak', 'covid', 'dan', 'psbb', 'mungkin', 'ini', 'bisa', 'membantu'];['teman', 'usahanya', 'terdampak', 'covid', 'psbb', 'membantu'];teman usahanya terdampak covid psbb membantu;teman usaha dampak covid psbb bantu
850;"Gara-gara tiap hari baca berita ttg Covid-19, pas mau search lagu kesukaan di google yg terketik secara refleks malah ""Covid""/ Mau nge wa temen, yg ke ketik malah ""Covid"" bukannya nama temen gua. Mau revisi judul artikel, lagi2 refleks ngetik ""covid"". covid-19 haunts me ";-1.0;garagara baca berita covid cocok search lagu suka google ketik refleks covid nge wa teman ketik covid nama teman revisi judul artikel refleks etik covid covid haunts;garagara tiap hari baca berita ttg covid pas mau search lagu kesukaan di google yg terketik secara refleks malah covid mau nge wa temen yg ke ketik malah covid bukannya nama temen gua mau revisi judul artikel lagi refleks ngetik covid covid haunts me;['garagara', 'tiap', 'hari', 'baca', 'berita', 'ttg', 'covid', 'pas', 'mau', 'search', 'lagu', 'kesukaan', 'di', 'google', 'yg', 'terketik', 'secara', 'refleks', 'malah', 'covid', 'mau', 'nge', 'wa', 'temen', 'yg', 'ke', 'ketik', 'malah', 'covid', 'bukannya', 'nama', 'temen', 'gua', 'mau', 'revisi', 'judul', 'artikel', 'lagi', 'refleks', 'ngetik', 'covid', 'covid', 'haunts', 'me'];['garagara', 'tiap', 'hari', 'baca', 'berita', 'tentang', 'covid', 'cocok', 'mau', 'search', 'lagu', 'kesukaan', 'di', 'google', 'yang', 'terketik', 'secara', 'refleks', 'malah', 'covid', 'mau', 'nge', 'wa', 'teman', 'yang', 'ke', 'ketik', 'malah', 'covid', 'bukannya', 'nama', 'teman', 'saya', 'mau', 'revisi', 'judul', 'artikel', 'lagi', 'refleks', 'mengetik', 'covid', 'covid', 'haunts', 'saya'];['garagara', 'baca', 'berita', 'covid', 'cocok', 'search', 'lagu', 'kesukaan', 'google', 'terketik', 'refleks', 'covid', 'nge', 'wa', 'teman', 'ketik', 'covid', 'nama', 'teman', 'revisi', 'judul', 'artikel', 'refleks', 'mengetik', 'covid', 'covid', 'haunts'];garagara baca berita covid cocok search lagu kesukaan google terketik refleks covid nge wa teman ketik covid nama teman revisi judul artikel refleks mengetik covid covid haunts;garagara baca berita covid cocok search lagu suka google ketik refleks covid nge wa teman ketik covid nama teman revisi judul artikel refleks etik covid covid haunts
851;"Tolong kuarantin ""kluster kayangan"" disini...biar malam2 mimpi kena kusta covid";-1.0;tolong kuarantin kluster kayangan disinibiar malam mimpi kena kusta covid;tolong kuarantin kluster kayangan disinibiar malam mimpi kena kusta covid;['tolong', 'kuarantin', 'kluster', 'kayangan', 'disinibiar', 'malam', 'mimpi', 'kena', 'kusta', 'covid'];['tolong', 'kuarantin', 'kluster', 'kayangan', 'disinibiar', 'malam', 'mimpi', 'kena', 'kusta', 'covid'];['tolong', 'kuarantin', 'kluster', 'kayangan', 'disinibiar', 'malam', 'mimpi', 'kena', 'kusta', 'covid'];tolong kuarantin kluster kayangan disinibiar malam mimpi kena kusta covid;tolong kuarantin kluster kayangan disinibiar malam mimpi kena kusta covid
852;Yess... Aku bahkan kmren priksanya ke rs yg nampung pasien covid tp ttep hati2 sih jaga jarak cuci tangan dst.;1.0;yess kmren priksanya rs nampung pasien covid ttep hati sih jaga jarak cuci tangan dst;yess aku bahkan kmren priksanya ke rs yg nampung pasien covid tp ttep hati sih jaga jarak cuci tangan dst;['yess', 'aku', 'bahkan', 'kmren', 'priksanya', 'ke', 'rs', 'yg', 'nampung', 'pasien', 'covid', 'tp', 'ttep', 'hati', 'sih', 'jaga', 'jarak', 'cuci', 'tangan', 'dst'];['yess', 'aku', 'bahkan', 'kmren', 'priksanya', 'ke', 'rs', 'yang', 'nampung', 'pasien', 'covid', 'tapi', 'ttep', 'hati', 'sih', 'jaga', 'jarak', 'cuci', 'tangan', 'dst'];['yess', 'kmren', 'priksanya', 'rs', 'nampung', 'pasien', 'covid', 'ttep', 'hati', 'sih', 'jaga', 'jarak', 'cuci', 'tangan', 'dst'];yess kmren priksanya rs nampung pasien covid ttep hati sih jaga jarak cuci tangan dst;yess kmren priksanya rs nampung pasien covid ttep hati sih jaga jarak cuci tangan dst
853;Komsos Babinsa Gubeng Edukasi Warga Cegah Penyebaran Covid-19;1.0;komsos babinsa gubeng edukasi warga cegah sebar covid;komsos babinsa gubeng edukasi warga cegah penyebaran covid;['komsos', 'babinsa', 'gubeng', 'edukasi', 'warga', 'cegah', 'penyebaran', 'covid'];['komsos', 'babinsa', 'gubeng', 'edukasi', 'warga', 'cegah', 'penyebaran', 'covid'];['komsos', 'babinsa', 'gubeng', 'edukasi', 'warga', 'cegah', 'penyebaran', 'covid'];komsos babinsa gubeng edukasi warga cegah penyebaran covid;komsos babinsa gubeng edukasi warga cegah sebar covid
854;Ketua Bawaslu Kabupaten Magetan, Hendrad Subiyakto mengatakan pihaknya mengadakan bhakti sosial ini dalam rangka ulang tahun Bawaslu yang ke 12 dan membangun solidaritas kebangsaan melawan covid 19 atau virus corona.;1.0;ketua bawaslu kabupaten magetan hendrad subiyakto ada bhakti sosial rangka ulang bawaslu bangun solidaritas bangsa lawan covid virus corona;ketua bawaslu kabupaten magetan hendrad subiyakto mengatakan pihaknya mengadakan bhakti sosial ini dalam rangka ulang tahun bawaslu yang ke dan membangun solidaritas kebangsaan melawan covid atau virus corona;['ketua', 'bawaslu', 'kabupaten', 'magetan', 'hendrad', 'subiyakto', 'mengatakan', 'pihaknya', 'mengadakan', 'bhakti', 'sosial', 'ini', 'dalam', 'rangka', 'ulang', 'tahun', 'bawaslu', 'yang', 'ke', 'dan', 'membangun', 'solidaritas', 'kebangsaan', 'melawan', 'covid', 'atau', 'virus', 'corona'];['ketua', 'bawaslu', 'kabupaten', 'magetan', 'hendrad', 'subiyakto', 'mengatakan', 'pihaknya', 'mengadakan', 'bhakti', 'sosial', 'ini', 'dalam', 'rangka', 'ulang', 'tahun', 'bawaslu', 'yang', 'ke', 'dan', 'membangun', 'solidaritas', 'kebangsaan', 'melawan', 'covid', 'atau', 'virus', 'corona'];['ketua', 'bawaslu', 'kabupaten', 'magetan', 'hendrad', 'subiyakto', 'mengadakan', 'bhakti', 'sosial', 'rangka', 'ulang', 'bawaslu', 'membangun', 'solidaritas', 'kebangsaan', 'melawan', 'covid', 'virus', 'corona'];ketua bawaslu kabupaten magetan hendrad subiyakto mengadakan bhakti sosial rangka ulang bawaslu membangun solidaritas kebangsaan melawan covid virus corona;ketua bawaslu kabupaten magetan hendrad subiyakto ada bhakti sosial rangka ulang bawaslu bangun solidaritas bangsa lawan covid virus corona
855;Antisipasi Penularan Covid-19, Polres Tanjung Balai Himbau Masyarakat yang Masih Berkerumun Agar Kembali Kerumah;1.0;antisipasi tular covid polres tanjung balai himbau masyarakat kerumun rumah;antisipasi penularan covid polres tanjung balai himbau masyarakat yang masih berkerumun agar kembali kerumah;['antisipasi', 'penularan', 'covid', 'polres', 'tanjung', 'balai', 'himbau', 'masyarakat', 'yang', 'masih', 'berkerumun', 'agar', 'kembali', 'kerumah'];['antisipasi', 'penularan', 'covid', 'polres', 'tanjung', 'balai', 'himbau', 'masyarakat', 'yang', 'masih', 'berkerumun', 'agar', 'kembali', 'kerumah'];['antisipasi', 'penularan', 'covid', 'polres', 'tanjung', 'balai', 'himbau', 'masyarakat', 'berkerumun', 'kerumah'];antisipasi penularan covid polres tanjung balai himbau masyarakat berkerumun kerumah;antisipasi tular covid polres tanjung balai himbau masyarakat kerumun rumah
856;Ringkasnya.. positive thinking yang keliru menghadapi covid songolas akibatnya: 1. Ilusi kontrol 2. Ilusi superioritas 3. Ilusi kemungkinan;1.0;ringkas positive thinking salah hadap covid songolas akibat ilusi kontrol ilusi superioritas ilusi;ringkasnya positive thinking yang keliru menghadapi covid songolas akibatnya ilusi kontrol ilusi superioritas ilusi kemungkinan;['ringkasnya', 'positive', 'thinking', 'yang', 'keliru', 'menghadapi', 'covid', 'songolas', 'akibatnya', 'ilusi', 'kontrol', 'ilusi', 'superioritas', 'ilusi', 'kemungkinan'];['ringkasnya', 'positive', 'thinking', 'yang', 'salah', 'menghadapi', 'covid', 'songolas', 'akibatnya', 'ilusi', 'kontrol', 'ilusi', 'superioritas', 'ilusi', 'kemungkinan'];['ringkasnya', 'positive', 'thinking', 'salah', 'menghadapi', 'covid', 'songolas', 'akibatnya', 'ilusi', 'kontrol', 'ilusi', 'superioritas', 'ilusi'];ringkasnya positive thinking salah menghadapi covid songolas akibatnya ilusi kontrol ilusi superioritas ilusi;ringkas positive thinking salah hadap covid songolas akibat ilusi kontrol ilusi superioritas ilusi
857;Pasien 03-04 Covid-19 Jambi Diisolasi, Apakah Keluarga Gubernur FU?;0.0;pasien covid jambi isolasi keluarga gubernur fu;pasien covid jambi diisolasi apakah keluarga gubernur fu;['pasien', 'covid', 'jambi', 'diisolasi', 'apakah', 'keluarga', 'gubernur', 'fu'];['pasien', 'covid', 'jambi', 'diisolasi', 'apakah', 'keluarga', 'gubernur', 'fu'];['pasien', 'covid', 'jambi', 'diisolasi', 'keluarga', 'gubernur', 'fu'];pasien covid jambi diisolasi keluarga gubernur fu;pasien covid jambi isolasi keluarga gubernur fu
858;Grafik Perkembangan Kasus COVID-19 di Kabupaten Bantul 11 April 2020;0.0;grafik kembang covid kabupaten bantul april;grafik perkembangan kasus covid di kabupaten bantul april;['grafik', 'perkembangan', 'kasus', 'covid', 'di', 'kabupaten', 'bantul', 'april'];['grafik', 'perkembangan', 'kasus', 'covid', 'di', 'kabupaten', 'bantul', 'april'];['grafik', 'perkembangan', 'covid', 'kabupaten', 'bantul', 'april'];grafik perkembangan covid kabupaten bantul april;grafik kembang covid kabupaten bantul april
859;Mari Bersama Kita Putus Rantai Penyebaran Virus COVID-19. STAY HOME TETAP TENANG TETAP WASPADA. Sayangi Diri Anda dan Keluarga Anda ;1.0;mari putus rantai sebar virus covid stay home tenang waspada sayang keluarga;mari bersama kita putus rantai penyebaran virus covid stay home tetap tenang tetap waspada sayangi diri anda dan keluarga anda;['mari', 'bersama', 'kita', 'putus', 'rantai', 'penyebaran', 'virus', 'covid', 'stay', 'home', 'tetap', 'tenang', 'tetap', 'waspada', 'sayangi', 'diri', 'anda', 'dan', 'keluarga', 'anda'];['mari', 'bersama', 'kita', 'putus', 'rantai', 'penyebaran', 'virus', 'covid', 'stay', 'home', 'tetap', 'tenang', 'tetap', 'waspada', 'sayangi', 'diri', 'anda', 'dan', 'keluarga', 'anda'];['mari', 'putus', 'rantai', 'penyebaran', 'virus', 'covid', 'stay', 'home', 'tenang', 'waspada', 'sayangi', 'keluarga'];mari putus rantai penyebaran virus covid stay home tenang waspada sayangi keluarga;mari putus rantai sebar virus covid stay home tenang waspada sayang keluarga
860;Dicurhatin si pasien covid yg lagi jenuh, bete karna harus di ruang isolasi mulu. Idupnya rebahan, main hape, makan, mandi. Repeat;0.0;dicurhatin sih pasien covid jenuh bete ruang isolasi mulu idupnya rebah main hape makan mandi repeat;dicurhatin si pasien covid yg lagi jenuh bete karna harus di ruang isolasi mulu idupnya rebahan main hape makan mandi repeat;['dicurhatin', 'si', 'pasien', 'covid', 'yg', 'lagi', 'jenuh', 'bete', 'karna', 'harus', 'di', 'ruang', 'isolasi', 'mulu', 'idupnya', 'rebahan', 'main', 'hape', 'makan', 'mandi', 'repeat'];['dicurhatin', 'sih', 'pasien', 'covid', 'yang', 'lagi', 'jenuh', 'bete', 'karena', 'harus', 'di', 'ruang', 'isolasi', 'mulu', 'idupnya', 'rebahan', 'main', 'hape', 'makan', 'mandi', 'repeat'];['dicurhatin', 'sih', 'pasien', 'covid', 'jenuh', 'bete', 'ruang', 'isolasi', 'mulu', 'idupnya', 'rebahan', 'main', 'hape', 'makan', 'mandi', 'repeat'];dicurhatin sih pasien covid jenuh bete ruang isolasi mulu idupnya rebahan main hape makan mandi repeat;dicurhatin sih pasien covid jenuh bete ruang isolasi mulu idupnya rebah main hape makan mandi repeat
861;Anggota Komisi II Minta Kepala Daerah Ambil Langkah Strategis Tangani Corona Covid-19 - News;1.0;anggota komisi ii kepala daerah ambil langkah strategis tangan corona covid news;anggota komisi ii minta kepala daerah ambil langkah strategis tangani corona covid news;['anggota', 'komisi', 'ii', 'minta', 'kepala', 'daerah', 'ambil', 'langkah', 'strategis', 'tangani', 'corona', 'covid', 'news'];['anggota', 'komisi', 'ii', 'minta', 'kepala', 'daerah', 'ambil', 'langkah', 'strategis', 'tangani', 'corona', 'covid', 'news'];['anggota', 'komisi', 'ii', 'kepala', 'daerah', 'ambil', 'langkah', 'strategis', 'tangani', 'corona', 'covid', 'news'];anggota komisi ii kepala daerah ambil langkah strategis tangani corona covid news;anggota komisi ii kepala daerah ambil langkah strategis tangan corona covid news
862;Angka Positif Covid-19 Tembus 3.842, Pemerintah: Masyarakat Belum Disiplin .;0.0;angka positif covid tembus perintah masyarakat disiplin;angka positif covid tembus pemerintah masyarakat belum disiplin;['angka', 'positif', 'covid', 'tembus', 'pemerintah', 'masyarakat', 'belum', 'disiplin'];['angka', 'positif', 'covid', 'tembus', 'pemerintah', 'masyarakat', 'belum', 'disiplin'];['angka', 'positif', 'covid', 'tembus', 'pemerintah', 'masyarakat', 'disiplin'];angka positif covid tembus pemerintah masyarakat disiplin;angka positif covid tembus perintah masyarakat disiplin
863;Tapi kalau tersangkut covid mcm mana. Aku lagi sarankan keluar pakai mask. Supaya kau tak menyebar dan di sebarkan;1.0;sangkut covid mcm saran pakai mask kau sebar sebar;tapi kalau tersangkut covid mcm mana aku lagi sarankan keluar pakai mask supaya kau tak menyebar dan di sebarkan;['tapi', 'kalau', 'tersangkut', 'covid', 'mcm', 'mana', 'aku', 'lagi', 'sarankan', 'keluar', 'pakai', 'mask', 'supaya', 'kau', 'tak', 'menyebar', 'dan', 'di', 'sebarkan'];['tapi', 'kalau', 'tersangkut', 'covid', 'mcm', 'mana', 'aku', 'lagi', 'sarankan', 'keluar', 'pakai', 'mask', 'supaya', 'kau', 'tak', 'menyebar', 'dan', 'di', 'sebarkan'];['tersangkut', 'covid', 'mcm', 'sarankan', 'pakai', 'mask', 'kau', 'menyebar', 'sebarkan'];tersangkut covid mcm sarankan pakai mask kau menyebar sebarkan;sangkut covid mcm saran pakai mask kau sebar sebar
864;Covid-19 ikut memukul perekonomian, dan pemerintah pun memberikan stimulus bagi dunia usaha dan industri. Berapa jumlah UMKM di Indonesia?;0.0;covid pukul ekonomi perintah stimulus dunia usaha industri umkm indonesia;covid ikut memukul perekonomian dan pemerintah pun memberikan stimulus bagi dunia usaha dan industri berapa jumlah umkm di indonesia;['covid', 'ikut', 'memukul', 'perekonomian', 'dan', 'pemerintah', 'pun', 'memberikan', 'stimulus', 'bagi', 'dunia', 'usaha', 'dan', 'industri', 'berapa', 'jumlah', 'umkm', 'di', 'indonesia'];['covid', 'ikut', 'memukul', 'perekonomian', 'dan', 'pemerintah', 'pun', 'memberikan', 'stimulus', 'bagi', 'dunia', 'usaha', 'dan', 'industri', 'berapa', 'jumlah', 'umkm', 'di', 'indonesia'];['covid', 'memukul', 'perekonomian', 'pemerintah', 'stimulus', 'dunia', 'usaha', 'industri', 'umkm', 'indonesia'];covid memukul perekonomian pemerintah stimulus dunia usaha industri umkm indonesia;covid pukul ekonomi perintah stimulus dunia usaha industri umkm indonesia
865;[DISTENSIF Distensif ke 2 kali ini kita akan berdiskusi terkait penangan COVID-19 dalam pandangan kesehatan masyarakat dengan narasumber Dr. Irvan Afriandi, dr., Grad. Dipl. OEH., MPH., Selaku Wakil Dekan Fakultas Kedokteran Unpad.;1.0;distensif distensif kali diskus kait nang covid pandang sehat masyarakat narasumber irvan afriandi grad dipl oeh mph wakil dekan fakultas dokter unpad;distensif distensif ke kali ini kita akan berdiskusi terkait penangan covid dalam pandangan kesehatan masyarakat dengan narasumber dr irvan afriandi dr grad dipl oeh mph selaku wakil dekan fakultas kedokteran unpad;['distensif', 'distensif', 'ke', 'kali', 'ini', 'kita', 'akan', 'berdiskusi', 'terkait', 'penangan', 'covid', 'dalam', 'pandangan', 'kesehatan', 'masyarakat', 'dengan', 'narasumber', 'dr', 'irvan', 'afriandi', 'dr', 'grad', 'dipl', 'oeh', 'mph', 'selaku', 'wakil', 'dekan', 'fakultas', 'kedokteran', 'unpad'];['distensif', 'distensif', 'ke', 'kali', 'ini', 'kita', 'akan', 'berdiskusi', 'terkait', 'penangan', 'covid', 'dalam', 'pandangan', 'kesehatan', 'masyarakat', 'dengan', 'narasumber', 'dari', 'irvan', 'afriandi', 'dari', 'grad', 'dipl', 'oeh', 'mph', 'selaku', 'wakil', 'dekan', 'fakultas', 'kedokteran', 'unpad'];['distensif', 'distensif', 'kali', 'berdiskusi', 'terkait', 'penangan', 'covid', 'pandangan', 'kesehatan', 'masyarakat', 'narasumber', 'irvan', 'afriandi', 'grad', 'dipl', 'oeh', 'mph', 'wakil', 'dekan', 'fakultas', 'kedokteran', 'unpad'];distensif distensif kali berdiskusi terkait penangan covid pandangan kesehatan masyarakat narasumber irvan afriandi grad dipl oeh mph wakil dekan fakultas kedokteran unpad;distensif distensif kali diskus kait nang covid pandang sehat masyarakat narasumber irvan afriandi grad dipl oeh mph wakil dekan fakultas dokter unpad
866;Apalagi orang yg lebih berbahaya dari covid 19. Lurus, Belok,Pergi;-1.0;orang bahaya covid lurus belokpergi;apalagi orang yg lebih berbahaya dari covid lurus belokpergi;['apalagi', 'orang', 'yg', 'lebih', 'berbahaya', 'dari', 'covid', 'lurus', 'belokpergi'];['apalagi', 'orang', 'yang', 'lebih', 'berbahaya', 'dari', 'covid', 'lurus', 'belokpergi'];['orang', 'berbahaya', 'covid', 'lurus', 'belokpergi'];orang berbahaya covid lurus belokpergi;orang bahaya covid lurus belokpergi
867;salah satu temen ngegame ada yang positif covid-19. aku yakin dia bakal sembuh dan baik-baik saja, tapi ngerti dia panik dan ketakutan, aku langsung sedih;1.0;salah teman ngegame positif covid sembuh baikbaik ngerti panik takut langsung sedih;salah satu temen ngegame ada yang positif covid aku yakin dia bakal sembuh dan baikbaik saja tapi ngerti dia panik dan ketakutan aku langsung sedih;['salah', 'satu', 'temen', 'ngegame', 'ada', 'yang', 'positif', 'covid', 'aku', 'yakin', 'dia', 'bakal', 'sembuh', 'dan', 'baikbaik', 'saja', 'tapi', 'ngerti', 'dia', 'panik', 'dan', 'ketakutan', 'aku', 'langsung', 'sedih'];['salah', 'satu', 'teman', 'ngegame', 'ada', 'yang', 'positif', 'covid', 'aku', 'yakin', 'dia', 'bakal', 'sembuh', 'dan', 'baikbaik', 'saja', 'tapi', 'ngerti', 'dia', 'panik', 'dan', 'ketakutan', 'aku', 'langsung', 'sedih'];['salah', 'teman', 'ngegame', 'positif', 'covid', 'sembuh', 'baikbaik', 'ngerti', 'panik', 'ketakutan', 'langsung', 'sedih'];salah teman ngegame positif covid sembuh baikbaik ngerti panik ketakutan langsung sedih;salah teman ngegame positif covid sembuh baikbaik ngerti panik takut langsung sedih
868;Masa covid ni la kita nak hiburkan orang dengan kebodohan;-1.0;covid la nak hibur orang bodoh;masa covid ni la kita nak hiburkan orang dengan kebodohan;['masa', 'covid', 'ni', 'la', 'kita', 'nak', 'hiburkan', 'orang', 'dengan', 'kebodohan'];['masa', 'covid', 'ini', 'la', 'kita', 'nak', 'hiburkan', 'orang', 'dengan', 'kebodohan'];['covid', 'la', 'nak', 'hiburkan', 'orang', 'kebodohan'];covid la nak hiburkan orang kebodohan;covid la nak hibur orang bodoh
869;Pak gubernur trend positif covid di sulsel semakin hari semakin mengkhawatirkan, apa lg di daerah bnyk pemudik dr jkt dan mksr,, kami d daerah cemas sekali pak apa lg ada OTG, pak sebaiknya PSBB maki juga kodong cepat ki sblum terlambat kasian;1.0;gubernur trend positif covid sulsel khawatir lg daerah mudik jkt mksr d daerah cemas lg otg psbb maki kodong cepat ki sblum lambat kasihan;pak gubernur trend positif covid di sulsel semakin hari semakin mengkhawatirkan apa lg di daerah bnyk pemudik dr jkt dan mksr kami d daerah cemas sekali pak apa lg ada otg pak sebaiknya psbb maki juga kodong cepat ki sblum terlambat kasian;['pak', 'gubernur', 'trend', 'positif', 'covid', 'di', 'sulsel', 'semakin', 'hari', 'semakin', 'mengkhawatirkan', 'apa', 'lg', 'di', 'daerah', 'bnyk', 'pemudik', 'dr', 'jkt', 'dan', 'mksr', 'kami', 'd', 'daerah', 'cemas', 'sekali', 'pak', 'apa', 'lg', 'ada', 'otg', 'pak', 'sebaiknya', 'psbb', 'maki', 'juga', 'kodong', 'cepat', 'ki', 'sblum', 'terlambat', 'kasian'];['pak', 'gubernur', 'trend', 'positif', 'covid', 'di', 'sulsel', 'semakin', 'hari', 'semakin', 'mengkhawatirkan', 'apa', 'lg', 'di', 'daerah', 'banyak', 'pemudik', 'dari', 'jkt', 'dan', 'mksr', 'kami', 'd', 'daerah', 'cemas', 'sekali', 'pak', 'apa', 'lg', 'ada', 'otg', 'pak', 'sebaiknya', 'psbb', 'maki', 'juga', 'kodong', 'cepat', 'ki', 'sblum', 'terlambat', 'kasihan'];['gubernur', 'trend', 'positif', 'covid', 'sulsel', 'mengkhawatirkan', 'lg', 'daerah', 'pemudik', 'jkt', 'mksr', 'd', 'daerah', 'cemas', 'lg', 'otg', 'psbb', 'maki', 'kodong', 'cepat', 'ki', 'sblum', 'terlambat', 'kasihan'];gubernur trend positif covid sulsel mengkhawatirkan lg daerah pemudik jkt mksr d daerah cemas lg otg psbb maki kodong cepat ki sblum terlambat kasihan;gubernur trend positif covid sulsel khawatir lg daerah mudik jkt mksr d daerah cemas lg otg psbb maki kodong cepat ki sblum lambat kasihan
870;"NKRI Lawan Corona; Hasil Tes Swab Empat Wanita Praja IPDN Negatif Covid-19 ";1.0;nkri lawan corona hasil tes swab wanita praja ipdn negatif covid;nkri lawan corona hasil tes swab empat wanita praja ipdn negatif covid;['nkri', 'lawan', 'corona', 'hasil', 'tes', 'swab', 'empat', 'wanita', 'praja', 'ipdn', 'negatif', 'covid'];['nkri', 'lawan', 'corona', 'hasil', 'tes', 'swab', 'empat', 'wanita', 'praja', 'ipdn', 'negatif', 'covid'];['nkri', 'lawan', 'corona', 'hasil', 'tes', 'swab', 'wanita', 'praja', 'ipdn', 'negatif', 'covid'];nkri lawan corona hasil tes swab wanita praja ipdn negatif covid;nkri lawan corona hasil tes swab wanita praja ipdn negatif covid
871;Surat terbuka dokter (PDUI) hrs jd perhatian. WHO kemarin livestreaming katakan, 2 jutaan item alat & APD telah dikirim ke 133 negara. BIN malah buka lowongan kerja bagi yg mau jd relawan Covid-19. Aneh. Bingung hadapi wabah Covid-19, berUTANG cepat, gak bingung. Iya gak sih?;0.0;surat buka dokter pdui jadi perhati who kemarin livestreaming juta item alat apd kirim negara bin buka lowong kerja jadi rawan covid aneh bingung hadap wabah covid utang cepat bingung iya sih;surat terbuka dokter pdui hrs jd perhatian who kemarin livestreaming katakan jutaan item alat apd telah dikirim ke negara bin malah buka lowongan kerja bagi yg mau jd relawan covid aneh bingung hadapi wabah covid berutang cepat gak bingung iya gak sih;['surat', 'terbuka', 'dokter', 'pdui', 'hrs', 'jd', 'perhatian', 'who', 'kemarin', 'livestreaming', 'katakan', 'jutaan', 'item', 'alat', 'apd', 'telah', 'dikirim', 'ke', 'negara', 'bin', 'malah', 'buka', 'lowongan', 'kerja', 'bagi', 'yg', 'mau', 'jd', 'relawan', 'covid', 'aneh', 'bingung', 'hadapi', 'wabah', 'covid', 'berutang', 'cepat', 'gak', 'bingung', 'iya', 'gak', 'sih'];['surat', 'terbuka', 'dokter', 'pdui', 'harus', 'jadi ', 'perhatian', 'who', 'kemarin', 'livestreaming', 'katakan', 'jutaan', 'item', 'alat', 'apd', 'telah', 'dikirim', 'ke', 'negara', 'bin', 'malah', 'buka', 'lowongan', 'kerja', 'bagi', 'yang', 'mau', 'jadi ', 'relawan', 'covid', 'aneh', 'bingung', 'hadapi', 'wabah', 'covid', 'berutang', 'cepat', 'tidak', 'bingung', 'iya', 'tidak', 'sih'];['surat', 'terbuka', 'dokter', 'pdui', 'jadi ', 'perhatian', 'who', 'kemarin', 'livestreaming', 'jutaan', 'item', 'alat', 'apd', 'dikirim', 'negara', 'bin', 'buka', 'lowongan', 'kerja', 'jadi ', 'relawan', 'covid', 'aneh', 'bingung', 'hadapi', 'wabah', 'covid', 'berutang', 'cepat', 'bingung', 'iya', 'sih'];surat terbuka dokter pdui jadi  perhatian who kemarin livestreaming jutaan item alat apd dikirim negara bin buka lowongan kerja jadi  relawan covid aneh bingung hadapi wabah covid berutang cepat bingung iya sih;surat buka dokter pdui jadi perhati who kemarin livestreaming juta item alat apd kirim negara bin buka lowong kerja jadi rawan covid aneh bingung hadap wabah covid utang cepat bingung iya sih
872;Nanya dong... Pertama kali covid-19 ada di Indonesia kpn ya? Maret tgl brp gtu...?;0.0;nanya kali covid indonesia iya maret tanggal brp gitu;nanya dong pertama kali covid ada di indonesia kpn ya maret tgl brp gtu;['nanya', 'dong', 'pertama', 'kali', 'covid', 'ada', 'di', 'indonesia', 'kpn', 'ya', 'maret', 'tgl', 'brp', 'gtu'];['nanya', 'dong', 'pertama', 'kali', 'covid', 'ada', 'di', 'indonesia', 'kapan', 'iya', 'maret', 'tanggal', 'brp', 'gitu'];['nanya', 'kali', 'covid', 'indonesia', 'iya', 'maret', 'tanggal', 'brp', 'gitu'];nanya kali covid indonesia iya maret tanggal brp gitu;nanya kali covid indonesia iya maret tanggal brp gitu
873;Jika kawalan ketat melalui kebenaran yg diberikan Kerajaan kepada sebahagian industri berjaya dilaksanakan tanpa mencetuskan kenaikan mendadak kes positif COVID-19, kita mampu menyelamatkan Nyawa, kedudukan Sosio-Ekonomi Rakyat dan Kewangan Negara.;1.0;kawal ketat benar raja sebahagian industri jaya laksana cetus naik dadak kes positif covid selamat nyawa duduk sosioekonomi rakyat wang negara;jika kawalan ketat melalui kebenaran yg diberikan kerajaan kepada sebahagian industri berjaya dilaksanakan tanpa mencetuskan kenaikan mendadak kes positif covid kita mampu menyelamatkan nyawa kedudukan sosioekonomi rakyat dan kewangan negara;['jika', 'kawalan', 'ketat', 'melalui', 'kebenaran', 'yg', 'diberikan', 'kerajaan', 'kepada', 'sebahagian', 'industri', 'berjaya', 'dilaksanakan', 'tanpa', 'mencetuskan', 'kenaikan', 'mendadak', 'kes', 'positif', 'covid', 'kita', 'mampu', 'menyelamatkan', 'nyawa', 'kedudukan', 'sosioekonomi', 'rakyat', 'dan', 'kewangan', 'negara'];['jika', 'kawalan', 'ketat', 'melalui', 'kebenaran', 'yang', 'diberikan', 'kerajaan', 'kepada', 'sebahagian', 'industri', 'berjaya', 'dilaksanakan', 'tanpa', 'mencetuskan', 'kenaikan', 'mendadak', 'kes', 'positif', 'covid', 'kita', 'mampu', 'menyelamatkan', 'nyawa', 'kedudukan', 'sosioekonomi', 'rakyat', 'dan', 'kewangan', 'negara'];['kawalan', 'ketat', 'kebenaran', 'kerajaan', 'sebahagian', 'industri', 'berjaya', 'dilaksanakan', 'mencetuskan', 'kenaikan', 'mendadak', 'kes', 'positif', 'covid', 'menyelamatkan', 'nyawa', 'kedudukan', 'sosioekonomi', 'rakyat', 'kewangan', 'negara'];kawalan ketat kebenaran kerajaan sebahagian industri berjaya dilaksanakan mencetuskan kenaikan mendadak kes positif covid menyelamatkan nyawa kedudukan sosioekonomi rakyat kewangan negara;kawal ketat benar raja sebahagian industri jaya laksana cetus naik dadak kes positif covid selamat nyawa duduk sosioekonomi rakyat wang negara
874;Kami informasikan sebaran kasus Covid-19 di Kabupaten Bantul, berdasarkan data dari Dinas Kesehatan Kabupaten Bantul per Sabtu (11/4) pukul 16.30 WIB. Terdapat 1 pasien positif dari Kecamatan Bambanglipuro yang sembuh.;1.0;informasi sebar covid kabupaten bantul dasar data dinas sehat kabupaten bantul sabtu wib pasien positif camat bambanglipuro sembuh;kami informasikan sebaran kasus covid di kabupaten bantul berdasarkan data dari dinas kesehatan kabupaten bantul per sabtu pukul wib terdapat pasien positif dari kecamatan bambanglipuro yang sembuh;['kami', 'informasikan', 'sebaran', 'kasus', 'covid', 'di', 'kabupaten', 'bantul', 'berdasarkan', 'data', 'dari', 'dinas', 'kesehatan', 'kabupaten', 'bantul', 'per', 'sabtu', 'pukul', 'wib', 'terdapat', 'pasien', 'positif', 'dari', 'kecamatan', 'bambanglipuro', 'yang', 'sembuh'];['kami', 'informasikan', 'sebaran', 'kasus', 'covid', 'di', 'kabupaten', 'bantul', 'berdasarkan', 'data', 'dari', 'dinas', 'kesehatan', 'kabupaten', 'bantul', 'per', 'sabtu', 'pukul', 'wib', 'terdapat', 'pasien', 'positif', 'dari', 'kecamatan', 'bambanglipuro', 'yang', 'sembuh'];['informasikan', 'sebaran', 'covid', 'kabupaten', 'bantul', 'berdasarkan', 'data', 'dinas', 'kesehatan', 'kabupaten', 'bantul', 'sabtu', 'wib', 'pasien', 'positif', 'kecamatan', 'bambanglipuro', 'sembuh'];informasikan sebaran covid kabupaten bantul berdasarkan data dinas kesehatan kabupaten bantul sabtu wib pasien positif kecamatan bambanglipuro sembuh;informasi sebar covid kabupaten bantul dasar data dinas sehat kabupaten bantul sabtu wib pasien positif camat bambanglipuro sembuh
875;Setelah covid selesai, pasti semua akan memudar. Sedih, tapi ya mau bagaimana lagi heuheu;0.0;covid selesai pudar sedih iya heuheu;setelah covid selesai pasti semua akan memudar sedih tapi ya mau bagaimana lagi heuheu;['setelah', 'covid', 'selesai', 'pasti', 'semua', 'akan', 'memudar', 'sedih', 'tapi', 'ya', 'mau', 'bagaimana', 'lagi', 'heuheu'];['setelah', 'covid', 'selesai', 'pasti', 'semua', 'akan', 'memudar', 'sedih', 'tapi', 'iya', 'mau', 'bagaimana', 'lagi', 'heuheu'];['covid', 'selesai', 'memudar', 'sedih', 'iya', 'heuheu'];covid selesai memudar sedih iya heuheu;covid selesai pudar sedih iya heuheu
876;Kalau gak ada Covid-19 entah berapa puluh tahun yang akan datang ya Dok?;0.0;covid puluh iya dok;kalau gak ada covid entah berapa puluh tahun yang akan datang ya dok;['kalau', 'gak', 'ada', 'covid', 'entah', 'berapa', 'puluh', 'tahun', 'yang', 'akan', 'datang', 'ya', 'dok'];['kalau', 'tidak', 'ada', 'covid', 'entah', 'berapa', 'puluh', 'tahun', 'yang', 'akan', 'datang', 'iya', 'dok'];['covid', 'puluh', 'iya', 'dok'];covid puluh iya dok;covid puluh iya dok
877;Gak heran sih, udah bertahun-tahun aja masih banyak yg blm paham penularan HIV/AIDS, ngejauhin penderitanya karna takut tertular. Apalagi Covid-19 yg baru beberapa bulan ini, bukti masyarakat masih sulit dpt informasi yg benar atau emang mereka emang susah dikasih taunya ;1.0;heran sih bertahuntahun paham tular hivaids ngejauhin derita takut tular covid bukti masyarakat sulit dapat informasi susah kasih tau;gak heran sih udah bertahuntahun aja masih banyak yg blm paham penularan hivaids ngejauhin penderitanya karna takut tertular apalagi covid yg baru beberapa bulan ini bukti masyarakat masih sulit dpt informasi yg benar atau emang mereka emang susah dikasih taunya;['gak', 'heran', 'sih', 'udah', 'bertahuntahun', 'aja', 'masih', 'banyak', 'yg', 'blm', 'paham', 'penularan', 'hivaids', 'ngejauhin', 'penderitanya', 'karna', 'takut', 'tertular', 'apalagi', 'covid', 'yg', 'baru', 'beberapa', 'bulan', 'ini', 'bukti', 'masyarakat', 'masih', 'sulit', 'dpt', 'informasi', 'yg', 'benar', 'atau', 'emang', 'mereka', 'emang', 'susah', 'dikasih', 'taunya'];['tidak', 'heran', 'sih', 'sudah', 'bertahuntahun', 'saja', 'masih', 'banyak', 'yang', 'belum', 'paham', 'penularan', 'hivaids', 'ngejauhin', 'penderitanya', 'karena', 'takut', 'tertular', 'apalagi', 'covid', 'yang', 'baru', 'beberapa', 'bulan', 'ini', 'bukti', 'masyarakat', 'masih', 'sulit', 'dapat ', 'informasi', 'yang', 'benar', 'atau', 'memang', 'mereka', 'memang', 'susah', 'dikasih', 'taunya'];['heran', 'sih', 'bertahuntahun', 'paham', 'penularan', 'hivaids', 'ngejauhin', 'penderitanya', 'takut', 'tertular', 'covid', 'bukti', 'masyarakat', 'sulit', 'dapat ', 'informasi', 'susah', 'dikasih', 'taunya'];heran sih bertahuntahun paham penularan hivaids ngejauhin penderitanya takut tertular covid bukti masyarakat sulit dapat  informasi susah dikasih taunya;heran sih bertahuntahun paham tular hivaids ngejauhin derita takut tular covid bukti masyarakat sulit dapat informasi susah kasih tau
878;Saat Indonesia berjibaku melawan pandemi Covid-19 sungguh sia-sia bila seorang yang terbukti ahli dan kaya pengalaman justru berada di penjara;0.0;indonesia jibaku lawan pandemi covid sungguh siasia bukti ahli kaya alam penjara;saat indonesia berjibaku melawan pandemi covid sungguh siasia bila seorang yang terbukti ahli dan kaya pengalaman justru berada di penjara;['saat', 'indonesia', 'berjibaku', 'melawan', 'pandemi', 'covid', 'sungguh', 'siasia', 'bila', 'seorang', 'yang', 'terbukti', 'ahli', 'dan', 'kaya', 'pengalaman', 'justru', 'berada', 'di', 'penjara'];['saat', 'indonesia', 'berjibaku', 'melawan', 'pandemi', 'covid', 'sungguh', 'siasia', 'bila', 'seorang', 'yang', 'terbukti', 'ahli', 'dan', 'kaya', 'pengalaman', 'justru', 'berada', 'di', 'penjara'];['indonesia', 'berjibaku', 'melawan', 'pandemi', 'covid', 'sungguh', 'siasia', 'terbukti', 'ahli', 'kaya', 'pengalaman', 'penjara'];indonesia berjibaku melawan pandemi covid sungguh siasia terbukti ahli kaya pengalaman penjara;indonesia jibaku lawan pandemi covid sungguh siasia bukti ahli kaya alam penjara
879;tapi sejak covid udah hilang di peredaran, padahal buat berkebun juga enak terus ga bau meskipun keringetan kayak sarung2 tangan yg di ace (yg harga 30an) tapi emang agak pendek yg ikea;0.0;covid hilang edar kebun enak bau keringetan kayak sarung tangan ace harga an pendek ikea;tapi sejak covid udah hilang di peredaran padahal buat berkebun juga enak terus ga bau meskipun keringetan kayak sarung tangan yg di ace yg harga an tapi emang agak pendek yg ikea;['tapi', 'sejak', 'covid', 'udah', 'hilang', 'di', 'peredaran', 'padahal', 'buat', 'berkebun', 'juga', 'enak', 'terus', 'ga', 'bau', 'meskipun', 'keringetan', 'kayak', 'sarung', 'tangan', 'yg', 'di', 'ace', 'yg', 'harga', 'an', 'tapi', 'emang', 'agak', 'pendek', 'yg', 'ikea'];['tapi', 'sejak', 'covid', 'sudah', 'hilang', 'di', 'peredaran', 'padahal', 'buat', 'berkebun', 'juga', 'enak', 'terus', 'tidak', 'bau', 'meskipun', 'keringetan', 'kayak', 'sarung', 'tangan', 'yang', 'di', 'ace', 'yang', 'harga', 'an', 'tapi', 'memang', 'agak', 'pendek', 'yang', 'ikea'];['covid', 'hilang', 'peredaran', 'berkebun', 'enak', 'bau', 'keringetan', 'kayak', 'sarung', 'tangan', 'ace', 'harga', 'an', 'pendek', 'ikea'];covid hilang peredaran berkebun enak bau keringetan kayak sarung tangan ace harga an pendek ikea;covid hilang edar kebun enak bau keringetan kayak sarung tangan ace harga an pendek ikea
880;Terima kasih kepada para dokter, perawat, serta tenaga medis lainnya yang turut membantu dalam memberantas pandemi COVID-19!Untuk membantu para tenaga medis, kalian tetep ya! Jangan lupa untuk stock Yupi kesukaan kalian biar hepi teruss meskipun di rumah ajaaa!;1.0;terima kasih dokter awat tenaga medis bantu berantas pandemi coviduntuk bantu tenaga medis iya lupa stock yupi suka biar hepi rumah ajaaa;terima kasih kepada para dokter perawat serta tenaga medis lainnya yang turut membantu dalam memberantas pandemi coviduntuk membantu para tenaga medis kalian tetep ya jangan lupa untuk stock yupi kesukaan kalian biar hepi teruss meskipun di rumah ajaaa;['terima', 'kasih', 'kepada', 'para', 'dokter', 'perawat', 'serta', 'tenaga', 'medis', 'lainnya', 'yang', 'turut', 'membantu', 'dalam', 'memberantas', 'pandemi', 'coviduntuk', 'membantu', 'para', 'tenaga', 'medis', 'kalian', 'tetep', 'ya', 'jangan', 'lupa', 'untuk', 'stock', 'yupi', 'kesukaan', 'kalian', 'biar', 'hepi', 'teruss', 'meskipun', 'di', 'rumah', 'ajaaa'];['terima', 'kasih', 'kepada', 'para', 'dokter', 'perawat', 'serta', 'tenaga', 'medis', 'lainnya', 'yang', 'turut', 'membantu', 'dalam', 'memberantas', 'pandemi', 'coviduntuk', 'membantu', 'para', 'tenaga', 'medis', 'kalian', 'tetap', 'iya', 'jangan', 'lupa', 'untuk', 'stock', 'yupi', 'kesukaan', 'kalian', 'biar', 'hepi', 'terus', 'meskipun', 'di', 'rumah', 'ajaaa'];['terima', 'kasih', 'dokter', 'perawat', 'tenaga', 'medis', 'membantu', 'memberantas', 'pandemi', 'coviduntuk', 'membantu', 'tenaga', 'medis', 'iya', 'lupa', 'stock', 'yupi', 'kesukaan', 'biar', 'hepi', 'rumah', 'ajaaa'];terima kasih dokter perawat tenaga medis membantu memberantas pandemi coviduntuk membantu tenaga medis iya lupa stock yupi kesukaan biar hepi rumah ajaaa;terima kasih dokter awat tenaga medis bantu berantas pandemi coviduntuk bantu tenaga medis iya lupa stock yupi suka biar hepi rumah ajaaa
881;Ketua Pengarah Kesihatan Datuk Dr Noor Hisham Abdullah berkata, pihaknya membuat 2,054 saringan ke atas penduduk di Menara Plaza City One dan daripada jumlah itu, 30 positif Covid-19.;1.0;ketua arah kesihatan datuk noor hisham abdullah saring duduk menara plaza city one positif covid;ketua pengarah kesihatan datuk dr noor hisham abdullah berkata pihaknya membuat saringan ke atas penduduk di menara plaza city one dan daripada jumlah itu positif covid;['ketua', 'pengarah', 'kesihatan', 'datuk', 'dr', 'noor', 'hisham', 'abdullah', 'berkata', 'pihaknya', 'membuat', 'saringan', 'ke', 'atas', 'penduduk', 'di', 'menara', 'plaza', 'city', 'one', 'dan', 'daripada', 'jumlah', 'itu', 'positif', 'covid'];['ketua', 'pengarah', 'kesihatan', 'datuk', 'dari', 'noor', 'hisham', 'abdullah', 'berkata', 'pihaknya', 'membuat', 'saringan', 'ke', 'atas', 'penduduk', 'di', 'menara', 'plaza', 'city', 'one', 'dan', 'daripada', 'jumlah', 'itu', 'positif', 'covid'];['ketua', 'pengarah', 'kesihatan', 'datuk', 'noor', 'hisham', 'abdullah', 'saringan', 'penduduk', 'menara', 'plaza', 'city', 'one', 'positif', 'covid'];ketua pengarah kesihatan datuk noor hisham abdullah saringan penduduk menara plaza city one positif covid;ketua arah kesihatan datuk noor hisham abdullah saring duduk menara plaza city one positif covid
882;Bagi aku elok je rmo ni extend, fasa ke 3 ni patut diperketatkan lagi. Tak boleh lah sesetangah industri di buka, barber shop lah apa lah. Tahu semua rugi. Tapi demi kesihatan, demi negara bebas covid, kena berkorban.;1.0;elok je rmo extend fasa patut ketat sesetangah industri buka barber shop rugi kesihatan negara bebas covid kena korban;bagi aku elok je rmo ni extend fasa ke ni patut diperketatkan lagi tak boleh lah sesetangah industri di buka barber shop lah apa lah tahu semua rugi tapi demi kesihatan demi negara bebas covid kena berkorban;['bagi', 'aku', 'elok', 'je', 'rmo', 'ni', 'extend', 'fasa', 'ke', 'ni', 'patut', 'diperketatkan', 'lagi', 'tak', 'boleh', 'lah', 'sesetangah', 'industri', 'di', 'buka', 'barber', 'shop', 'lah', 'apa', 'lah', 'tahu', 'semua', 'rugi', 'tapi', 'demi', 'kesihatan', 'demi', 'negara', 'bebas', 'covid', 'kena', 'berkorban'];['bagi', 'aku', 'elok', 'je', 'rmo', 'ini', 'extend', 'fasa', 'ke', 'ini', 'patut', 'diperketatkan', 'lagi', 'tak', 'boleh', 'lah', 'sesetangah', 'industri', 'di', 'buka', 'barber', 'shop', 'lah', 'apa', 'lah', 'tahu', 'semua', 'rugi', 'tapi', 'demi', 'kesihatan', 'demi', 'negara', 'bebas', 'covid', 'kena', 'berkorban'];['elok', 'je', 'rmo', 'extend', 'fasa', 'patut', 'diperketatkan', 'sesetangah', 'industri', 'buka', 'barber', 'shop', 'rugi', 'kesihatan', 'negara', 'bebas', 'covid', 'kena', 'berkorban'];elok je rmo extend fasa patut diperketatkan sesetangah industri buka barber shop rugi kesihatan negara bebas covid kena berkorban;elok je rmo extend fasa patut ketat sesetangah industri buka barber shop rugi kesihatan negara bebas covid kena korban
883;Amerika Egois!? Potret buruknya negara kapitalis tangangi COVID 19;-1.0;amerika egois potret buruk negara kapitalis tangangi covid;amerika egois potret buruknya negara kapitalis tangangi covid;['amerika', 'egois', 'potret', 'buruknya', 'negara', 'kapitalis', 'tangangi', 'covid'];['amerika', 'egois', 'potret', 'buruknya', 'negara', 'kapitalis', 'tangangi', 'covid'];['amerika', 'egois', 'potret', 'buruknya', 'negara', 'kapitalis', 'tangangi', 'covid'];amerika egois potret buruknya negara kapitalis tangangi covid;amerika egois potret buruk negara kapitalis tangangi covid
884;Imbas Pandemi Covid-19, Renault Liburkan Karyawan Tim hingga Akhir Mei;0.0;imbas pandemi covid renault libur karyawan tim mei;imbas pandemi covid renault liburkan karyawan tim hingga akhir mei;['imbas', 'pandemi', 'covid', 'renault', 'liburkan', 'karyawan', 'tim', 'hingga', 'akhir', 'mei'];['imbas', 'pandemi', 'covid', 'renault', 'liburkan', 'karyawan', 'tim', 'hingga', 'akhir', 'mei'];['imbas', 'pandemi', 'covid', 'renault', 'liburkan', 'karyawan', 'tim', 'mei'];imbas pandemi covid renault liburkan karyawan tim mei;imbas pandemi covid renault libur karyawan tim mei
885;Malam Ini NU dan Muhammadiyah Inggris Kaji Voluntarisme Covid-19;1.0;malam nu muhammadiyah inggris kaji voluntarisme covid;malam ini nu dan muhammadiyah inggris kaji voluntarisme covid;['malam', 'ini', 'nu', 'dan', 'muhammadiyah', 'inggris', 'kaji', 'voluntarisme', 'covid'];['malam', 'ini', 'nu', 'dan', 'muhammadiyah', 'inggris', 'kaji', 'voluntarisme', 'covid'];['malam', 'nu', 'muhammadiyah', 'inggris', 'kaji', 'voluntarisme', 'covid'];malam nu muhammadiyah inggris kaji voluntarisme covid;malam nu muhammadiyah inggris kaji voluntarisme covid
886;Corona Makin Merajalela, Motivator Tung Desem Waringin Positif Terinfeksi Covid-19 lewat;0.0;corona rajalela motivator tung desem waringin positif infeksi covid;corona makin merajalela motivator tung desem waringin positif terinfeksi covid lewat;['corona', 'makin', 'merajalela', 'motivator', 'tung', 'desem', 'waringin', 'positif', 'terinfeksi', 'covid', 'lewat'];['corona', 'makin', 'merajalela', 'motivator', 'tung', 'desem', 'waringin', 'positif', 'terinfeksi', 'covid', 'lewat'];['corona', 'merajalela', 'motivator', 'tung', 'desem', 'waringin', 'positif', 'terinfeksi', 'covid'];corona merajalela motivator tung desem waringin positif terinfeksi covid;corona rajalela motivator tung desem waringin positif infeksi covid
887;Benar la yb. Elok tak kena darah tinggi dari kena covid;0.0;la yb elok kena darah kena covid;benar la yb elok tak kena darah tinggi dari kena covid;['benar', 'la', 'yb', 'elok', 'tak', 'kena', 'darah', 'tinggi', 'dari', 'kena', 'covid'];['benar', 'la', 'yb', 'elok', 'tak', 'kena', 'darah', 'tinggi', 'dari', 'kena', 'covid'];['la', 'yb', 'elok', 'kena', 'darah', 'kena', 'covid'];la yb elok kena darah kena covid;la yb elok kena darah kena covid
888;Covid aja yg ilang,kamu jangan:'');0.0;covid ilangkamu;covid aja yg ilangkamu jangan;['covid', 'aja', 'yg', 'ilangkamu', 'jangan'];['covid', 'saja', 'yang', 'ilangkamu', 'jangan'];['covid', 'ilangkamu'];covid ilangkamu;covid ilangkamu
889;covid-19 menyusahkan semuanya.;-1.0;covid susah;covid menyusahkan semuanya;['covid', 'menyusahkan', 'semuanya'];['covid', 'menyusahkan', 'semuanya'];['covid', 'menyusahkan'];covid menyusahkan;covid susah
890;Penerima harus beragama Islam. Lembaga bantuan berbasis agama memangnya tidak mau atau tidak boleh membantu orang susah yang beragama lain, sih? Syarat Penerima Bantuan Covid-19 di Bangka Belitung Harus Beragama Islam;-1.0;terima agama islam lembaga bantu bas agama memang bantu orang susah agama sih syarat terima bantu covid bangka belitung agama islam;penerima harus beragama islam lembaga bantuan berbasis agama memangnya tidak mau atau tidak boleh membantu orang susah yang beragama lain sih syarat penerima bantuan covid di bangka belitung harus beragama islam;['penerima', 'harus', 'beragama', 'islam', 'lembaga', 'bantuan', 'berbasis', 'agama', 'memangnya', 'tidak', 'mau', 'atau', 'tidak', 'boleh', 'membantu', 'orang', 'susah', 'yang', 'beragama', 'lain', 'sih', 'syarat', 'penerima', 'bantuan', 'covid', 'di', 'bangka', 'belitung', 'harus', 'beragama', 'islam'];['penerima', 'harus', 'beragama', 'islam', 'lembaga', 'bantuan', 'berbasis', 'agama', 'memangnya', 'tidak', 'mau', 'atau', 'tidak', 'boleh', 'membantu', 'orang', 'susah', 'yang', 'beragama', 'lain', 'sih', 'syarat', 'penerima', 'bantuan', 'covid', 'di', 'bangka', 'belitung', 'harus', 'beragama', 'islam'];['penerima', 'beragama', 'islam', 'lembaga', 'bantuan', 'berbasis', 'agama', 'memangnya', 'membantu', 'orang', 'susah', 'beragama', 'sih', 'syarat', 'penerima', 'bantuan', 'covid', 'bangka', 'belitung', 'beragama', 'islam'];penerima beragama islam lembaga bantuan berbasis agama memangnya membantu orang susah beragama sih syarat penerima bantuan covid bangka belitung beragama islam;terima agama islam lembaga bantu bas agama memang bantu orang susah agama sih syarat terima bantu covid bangka belitung agama islam
891;ayo kita bersama sama cegah penyebaran covid-19!!;1.0;ayo cegah sebar covid;ayo kita bersama sama cegah penyebaran covid;['ayo', 'kita', 'bersama', 'sama', 'cegah', 'penyebaran', 'covid'];['ayo', 'kita', 'bersama', 'sama', 'cegah', 'penyebaran', 'covid'];['ayo', 'cegah', 'penyebaran', 'covid'];ayo cegah penyebaran covid;ayo cegah sebar covid
892;Lg covid 19 gini hidup semua susah, mau mkn susah cari nafkah juga susah, pgn nangis teriak tp ya prcuma mesti sabar dan kuat, ada Tuhan bersamaku..;1.0;lg covid gin hidup susah makan susah cari nafkah susah pgn nang teriak iya prcuma mesti sabar kuat tuhan sama;lg covid gini hidup semua susah mau mkn susah cari nafkah juga susah pgn nangis teriak tp ya prcuma mesti sabar dan kuat ada tuhan bersamaku;['lg', 'covid', 'gini', 'hidup', 'semua', 'susah', 'mau', 'mkn', 'susah', 'cari', 'nafkah', 'juga', 'susah', 'pgn', 'nangis', 'teriak', 'tp', 'ya', 'prcuma', 'mesti', 'sabar', 'dan', 'kuat', 'ada', 'tuhan', 'bersamaku'];['lg', 'covid', 'gini', 'hidup', 'semua', 'susah', 'mau', 'makan', 'susah', 'cari', 'nafkah', 'juga', 'susah', 'pgn', 'nangis', 'teriak', 'tapi', 'iya', 'prcuma', 'mesti', 'sabar', 'dan', 'kuat', 'ada', 'tuhan', 'bersamaku'];['lg', 'covid', 'gini', 'hidup', 'susah', 'makan', 'susah', 'cari', 'nafkah', 'susah', 'pgn', 'nangis', 'teriak', 'iya', 'prcuma', 'mesti', 'sabar', 'kuat', 'tuhan', 'bersamaku'];lg covid gini hidup susah makan susah cari nafkah susah pgn nangis teriak iya prcuma mesti sabar kuat tuhan bersamaku;lg covid gin hidup susah makan susah cari nafkah susah pgn nang teriak iya prcuma mesti sabar kuat tuhan sama
893;yarabbi, banyak banget ya berita perawat atau pasien yg postif COVID-19 ditolak jenazahnya waktu mau dimakamkan. gila jahat bgt ya manusia;-1.0;yarabbi banget iya berita awat pasien postif covid tolak jenazah makam gila jahat banget iya manusia;yarabbi banyak banget ya berita perawat atau pasien yg postif covid ditolak jenazahnya waktu mau dimakamkan gila jahat bgt ya manusia;['yarabbi', 'banyak', 'banget', 'ya', 'berita', 'perawat', 'atau', 'pasien', 'yg', 'postif', 'covid', 'ditolak', 'jenazahnya', 'waktu', 'mau', 'dimakamkan', 'gila', 'jahat', 'bgt', 'ya', 'manusia'];['yarabbi', 'banyak', 'banget', 'iya', 'berita', 'perawat', 'atau', 'pasien', 'yang', 'postif', 'covid', 'ditolak', 'jenazahnya', 'waktu', 'mau', 'dimakamkan', 'gila', 'jahat', 'banget', 'iya', 'manusia'];['yarabbi', 'banget', 'iya', 'berita', 'perawat', 'pasien', 'postif', 'covid', 'ditolak', 'jenazahnya', 'dimakamkan', 'gila', 'jahat', 'banget', 'iya', 'manusia'];yarabbi banget iya berita perawat pasien postif covid ditolak jenazahnya dimakamkan gila jahat banget iya manusia;yarabbi banget iya berita awat pasien postif covid tolak jenazah makam gila jahat banget iya manusia
894;kita sebagai rakyat yang prihatin dan mahukan yang terbaik untuk negara akan ikut pkp utk banteras wabak covid-19!;1.0;rakyat prihatin mahukan baik negara pkp banteras wabak covid;kita sebagai rakyat yang prihatin dan mahukan yang terbaik untuk negara akan ikut pkp utk banteras wabak covid;['kita', 'sebagai', 'rakyat', 'yang', 'prihatin', 'dan', 'mahukan', 'yang', 'terbaik', 'untuk', 'negara', 'akan', 'ikut', 'pkp', 'utk', 'banteras', 'wabak', 'covid'];['kita', 'sebagai', 'rakyat', 'yang', 'prihatin', 'dan', 'mahukan', 'yang', 'terbaik', 'untuk', 'negara', 'akan', 'ikut', 'pkp', 'untuk', 'banteras', 'wabak', 'covid'];['rakyat', 'prihatin', 'mahukan', 'terbaik', 'negara', 'pkp', 'banteras', 'wabak', 'covid'];rakyat prihatin mahukan terbaik negara pkp banteras wabak covid;rakyat prihatin mahukan baik negara pkp banteras wabak covid
895;apa ini bisa diartikan untuk sembuh dari infeksi covid kita bisa makan tanah,dok ;-1.0;arti sembuh infeksi covid makan tanahdok;apa ini bisa diartikan untuk sembuh dari infeksi covid kita bisa makan tanahdok;['apa', 'ini', 'bisa', 'diartikan', 'untuk', 'sembuh', 'dari', 'infeksi', 'covid', 'kita', 'bisa', 'makan', 'tanahdok'];['apa', 'ini', 'bisa', 'diartikan', 'untuk', 'sembuh', 'dari', 'infeksi', 'covid', 'kita', 'bisa', 'makan', 'tanahdok'];['diartikan', 'sembuh', 'infeksi', 'covid', 'makan', 'tanahdok'];diartikan sembuh infeksi covid makan tanahdok;arti sembuh infeksi covid makan tanahdok
896;"Pobia COVID-19 mengalahkan pobia ""MANTAN"" para manteman yg gagal move on";0.0;pobia covid kalah pobia mantan manteman gagal move on;pobia covid mengalahkan pobia mantan para manteman yg gagal move on;['pobia', 'covid', 'mengalahkan', 'pobia', 'mantan', 'para', 'manteman', 'yg', 'gagal', 'move', 'on'];['pobia', 'covid', 'mengalahkan', 'pobia', 'mantan', 'para', 'manteman', 'yang', 'gagal', 'move', 'on'];['pobia', 'covid', 'mengalahkan', 'pobia', 'mantan', 'manteman', 'gagal', 'move', 'on'];pobia covid mengalahkan pobia mantan manteman gagal move on;pobia covid kalah pobia mantan manteman gagal move on
897;Kalo kata temen gue, masa covid gini semua anak Indigo jadi Indihome.;-1.0;teman covid gin anak indigo indihome;kalo kata temen gue masa covid gini semua anak indigo jadi indihome;['kalo', 'kata', 'temen', 'gue', 'masa', 'covid', 'gini', 'semua', 'anak', 'indigo', 'jadi', 'indihome'];['kalau', 'kata', 'teman', 'saya', 'masa', 'covid', 'gini', 'semua', 'anak', 'indigo', 'jadi', 'indihome'];['teman', 'covid', 'gini', 'anak', 'indigo', 'indihome'];teman covid gini anak indigo indihome;teman covid gin anak indigo indihome
898;Anggota Komisi II Minta Kepala Daerah Ambil Langkah Strategis Tangani Corona Covid-19;1.0;anggota komisi ii kepala daerah ambil langkah strategis tangan corona covid;anggota komisi ii minta kepala daerah ambil langkah strategis tangani corona covid;['anggota', 'komisi', 'ii', 'minta', 'kepala', 'daerah', 'ambil', 'langkah', 'strategis', 'tangani', 'corona', 'covid'];['anggota', 'komisi', 'ii', 'minta', 'kepala', 'daerah', 'ambil', 'langkah', 'strategis', 'tangani', 'corona', 'covid'];['anggota', 'komisi', 'ii', 'kepala', 'daerah', 'ambil', 'langkah', 'strategis', 'tangani', 'corona', 'covid'];anggota komisi ii kepala daerah ambil langkah strategis tangani corona covid;anggota komisi ii kepala daerah ambil langkah strategis tangan corona covid
899;Lama sangat cuti covid ni. Baik raya terus;0.0;cuti covid raya;lama sangat cuti covid ni baik raya terus;['lama', 'sangat', 'cuti', 'covid', 'ni', 'baik', 'raya', 'terus'];['lama', 'sangat', 'cuti', 'covid', 'ini', 'baik', 'raya', 'terus'];['cuti', 'covid', 'raya'];cuti covid raya;cuti covid raya
900;Seluruh negara di dunia mengalami masa sulit karena covid-19..Rakyat Indonesia bersatu, bahu membahu mendukung dan mendoakan Pemerintah agar Nusantara dapat melewati masa2 sulit ini. Bukankah Agama itu untuk membawa kita kepada kebaikan..Sadarlah kawan..;1.0;negara dunia alami sulit covidrakyat indonesia satu bahu bahu dukung doa perintah nusantara lewat sulit agama bawa kebaikansadarlah kawan;seluruh negara di dunia mengalami masa sulit karena covidrakyat indonesia bersatu bahu membahu mendukung dan mendoakan pemerintah agar nusantara dapat melewati masa sulit ini bukankah agama itu untuk membawa kita kepada kebaikansadarlah kawan;['seluruh', 'negara', 'di', 'dunia', 'mengalami', 'masa', 'sulit', 'karena', 'covidrakyat', 'indonesia', 'bersatu', 'bahu', 'membahu', 'mendukung', 'dan', 'mendoakan', 'pemerintah', 'agar', 'nusantara', 'dapat', 'melewati', 'masa', 'sulit', 'ini', 'bukankah', 'agama', 'itu', 'untuk', 'membawa', 'kita', 'kepada', 'kebaikansadarlah', 'kawan'];['seluruh', 'negara', 'di', 'dunia', 'mengalami', 'masa', 'sulit', 'karena', 'covidrakyat', 'indonesia', 'bersatu', 'bahu', 'membahu', 'mendukung', 'dan', 'mendoakan', 'pemerintah', 'agar', 'nusantara', 'dapat', 'melewati', 'masa', 'sulit', 'ini', 'bukankah', 'agama', 'itu', 'untuk', 'membawa', 'kita', 'kepada', 'kebaikansadarlah', 'kawan'];['negara', 'dunia', 'mengalami', 'sulit', 'covidrakyat', 'indonesia', 'bersatu', 'bahu', 'membahu', 'mendukung', 'mendoakan', 'pemerintah', 'nusantara', 'melewati', 'sulit', 'agama', 'membawa', 'kebaikansadarlah', 'kawan'];negara dunia mengalami sulit covidrakyat indonesia bersatu bahu membahu mendukung mendoakan pemerintah nusantara melewati sulit agama membawa kebaikansadarlah kawan;negara dunia alami sulit covidrakyat indonesia satu bahu bahu dukung doa perintah nusantara lewat sulit agama bawa kebaikansadarlah kawan
901;Setelah covid dan skripsi disaster selesai, mau bgt bljr masak2 lagi. Terutama bikin kueh;1.0;covid skripsi disaster selesai banget ajar masak kueh;setelah covid dan skripsi disaster selesai mau bgt bljr masak lagi terutama bikin kueh;['setelah', 'covid', 'dan', 'skripsi', 'disaster', 'selesai', 'mau', 'bgt', 'bljr', 'masak', 'lagi', 'terutama', 'bikin', 'kueh'];['setelah', 'covid', 'dan', 'skripsi', 'disaster', 'selesai', 'mau', 'banget', 'belajar', 'masak', 'lagi', 'terutama', 'membuat', 'kueh'];['covid', 'skripsi', 'disaster', 'selesai', 'banget', 'belajar', 'masak', 'kueh'];covid skripsi disaster selesai banget belajar masak kueh;covid skripsi disaster selesai banget ajar masak kueh
902;"Malam ini!! Projek ""BENDA BOLEH BINCANG"" 9 malam di FB Persatuan Belia Harmoni Malaysia ""COVID-19: IMPAK TERHADAP NEGARA, EKONOMI DAN MAHASISWA""Jangan lepaskan peluang ni. AKHLAK | KHIDMAT | UKHUWAH";0.0;malam proyek benda bincang malam fb satu belia harmoni malaysia covid impak negara ekonomi mahasiswajangan lepas peluang akhlak khidmat ukhuwah;malam ini projek benda boleh bincang malam di fb persatuan belia harmoni malaysia covid impak terhadap negara ekonomi dan mahasiswajangan lepaskan peluang ni akhlak khidmat ukhuwah;['malam', 'ini', 'projek', 'benda', 'boleh', 'bincang', 'malam', 'di', 'fb', 'persatuan', 'belia', 'harmoni', 'malaysia', 'covid', 'impak', 'terhadap', 'negara', 'ekonomi', 'dan', 'mahasiswajangan', 'lepaskan', 'peluang', 'ni', 'akhlak', 'khidmat', 'ukhuwah'];['malam', 'ini', 'proyek', 'benda', 'boleh', 'bincang', 'malam', 'di', 'fb', 'persatuan', 'belia', 'harmoni', 'malaysia', 'covid', 'impak', 'terhadap', 'negara', 'ekonomi', 'dan', 'mahasiswajangan', 'lepaskan', 'peluang', 'ini', 'akhlak', 'khidmat', 'ukhuwah'];['malam', 'proyek', 'benda', 'bincang', 'malam', 'fb', 'persatuan', 'belia', 'harmoni', 'malaysia', 'covid', 'impak', 'negara', 'ekonomi', 'mahasiswajangan', 'lepaskan', 'peluang', 'akhlak', 'khidmat', 'ukhuwah'];malam proyek benda bincang malam fb persatuan belia harmoni malaysia covid impak negara ekonomi mahasiswajangan lepaskan peluang akhlak khidmat ukhuwah;malam proyek benda bincang malam fb satu belia harmoni malaysia covid impak negara ekonomi mahasiswajangan lepas peluang akhlak khidmat ukhuwah
903;Pontang - panting di koyak covid 19;-1.0;pontang panting koyak covid;pontang panting di koyak covid;['pontang', 'panting', 'di', 'koyak', 'covid'];['pontang', 'panting', 'di', 'koyak', 'covid'];['pontang', 'panting', 'koyak', 'covid'];pontang panting koyak covid;pontang panting koyak covid
904;Masalahnya sekarang isu jangkitan covid. Alaaaa bosan laaa jangan laaa sebab barber geng2 nak buat duit nak menyusahkan. Dah dah laa tu . Cukup laaa nama seorang Doctor tapi tak leh pikiaq;-1.0;isu jangkit covid alaaaa bosan laaa laaa barber geng nak duit nak susah laa laaa nama doctor leh pikiaq;masalahnya sekarang isu jangkitan covid alaaaa bosan laaa jangan laaa sebab barber geng nak buat duit nak menyusahkan dah dah laa tu cukup laaa nama seorang doctor tapi tak leh pikiaq;['masalahnya', 'sekarang', 'isu', 'jangkitan', 'covid', 'alaaaa', 'bosan', 'laaa', 'jangan', 'laaa', 'sebab', 'barber', 'geng', 'nak', 'buat', 'duit', 'nak', 'menyusahkan', 'dah', 'dah', 'laa', 'tu', 'cukup', 'laaa', 'nama', 'seorang', 'doctor', 'tapi', 'tak', 'leh', 'pikiaq'];['masalahnya', 'sekarang', 'isu', 'jangkitan', 'covid', 'alaaaa', 'bosan', 'laaa', 'jangan', 'laaa', 'sebab', 'barber', 'geng', 'nak', 'buat', 'duit', 'nak', 'menyusahkan', 'sudah', 'sudah', 'laa', 'itu', 'cukup', 'laaa', 'nama', 'seorang', 'doctor', 'tapi', 'tak', 'leh', 'pikiaq'];['isu', 'jangkitan', 'covid', 'alaaaa', 'bosan', 'laaa', 'laaa', 'barber', 'geng', 'nak', 'duit', 'nak', 'menyusahkan', 'laa', 'laaa', 'nama', 'doctor', 'leh', 'pikiaq'];isu jangkitan covid alaaaa bosan laaa laaa barber geng nak duit nak menyusahkan laa laaa nama doctor leh pikiaq;isu jangkit covid alaaaa bosan laaa laaa barber geng nak duit nak susah laa laaa nama doctor leh pikiaq
